ASIN,Title,MainCategory,Degree,Betweenness,Closeness
A00006879,Product 6879,Clothing,16,0.198720,0.205563
A00003827,Product 3827,Books,14,0.313508,0.204303
A00001566,Product 1566,Clothing,14,0.382830,0.198815
A00007717,Product 7717,Music,13,0.936851,0.198456
A00005295,Product 5295,Electronics,13,0.689760,0.201017
A00003139,Product 3139,Books,13,0.463515,0.202360
A00000009,Product 9,Electronics,13,0.322718,0.201183
A00004192,Product 4192,Electronics,13,0.240049,0.202442
A00005296,Product 5296,Clothing,13,0.510484,0.199203
A00005386,Product 5386,Books,13,0.176027,0.203240
A00007401,Product 7401,Books,13,0.970679,0.201398
A00005570,Product 5570,Books,13,0.640633,0.205563
A00007018,Product 7018,Movies & TV,13,0.729156,0.201240
A00007804,Product 7804,Books,13,0.645229,0.202680
A00005454,Product 5454,Books,13,0.338470,0.200300
A00004352,Product 4352,Electronics,13,0.144469,0.200152
A00009670,Product 9670,Movies & TV,13,0.201060,0.204784
A00007890,Product 7890,Music,13,0.136679,0.198047
A00004885,Product 4885,Books,13,0.047636,0.202511
A00003821,Product 3821,Movies & TV,13,0.122870,0.198086
A00006253,Product 6253,Electronics,13,0.849821,0.195897
A00005336,Product 5336,Music,12,0.493064,0.196521
A00009092,Product 9092,Books,12,0.398852,0.200489
A00003245,Product 3245,Music,12,0.661155,0.196749
A00000193,Product 193,Movies & TV,12,0.468853,0.194882
A00004476,Product 4476,Movies & TV,12,0.745567,0.197133
A00003822,Product 3822,Music,12,0.149877,0.199792
A00004253,Product 4253,Music,12,0.367781,0.196908
A00003872,Product 3872,Movies & TV,12,0.918698,0.199132
A00003223,Product 3223,Movies & TV,12,0.511973,0.200036
A00004070,Product 4070,Electronics,12,0.599709,0.201167
A00008172,Product 8172,Movies & TV,12,0.668813,0.198858
A00000965,Product 965,Movies & TV,12,0.389911,0.201792
A00001372,Product 1372,Books,12,0.330087,0.203381
A00004599,Product 4599,Clothing,12,0.509285,0.201776
A00000772,Product 772,Music,12,0.179983,0.200200
A00001728,Product 1728,Clothing,12,0.929374,0.199832
A00004968,Product 4968,Movies & TV,12,0.423147,0.203025
A00005887,Product 5887,Books,12,0.188953,0.197332
A00008784,Product 8784,Clothing,12,0.323235,0.197207
A00007143,Product 7143,Books,12,0.682099,0.203095
A00009727,Product 9727,Movies & TV,12,0.310587,0.200558
A00009858,Product 9858,Music,12,0.511291,0.199072
A00008433,Product 8433,Books,12,0.659539,0.199732
A00000564,Product 564,Music,12,0.720751,0.198531
A00007149,Product 7149,Music,12,0.392960,0.198440
A00001287,Product 1287,Music,12,0.287906,0.202380
A00004212,Product 4212,Electronics,12,0.872572,0.198511
A00008851,Product 8851,Books,12,0.542612,0.199960
A00005228,Product 5228,Music,12,0.333785,0.202315
A00004811,Product 4811,Music,12,0.605977,0.195217
A00002838,Product 2838,Books,12,0.664253,0.201878
A00004244,Product 4244,Clothing,12,0.475944,0.200868
A00008748,Product 8748,Music,12,0.351322,0.201046
A00000517,Product 517,Music,12,0.727998,0.199557
A00009342,Product 9342,Movies & TV,11,0.430531,0.197867
A00002448,Product 2448,Music,11,0.389955,0.197238
A00008539,Product 8539,Clothing,11,0.641656,0.197036
A00008860,Product 8860,Music,11,0.191779,0.198495
A00009923,Product 9923,Music,11,0.299939,0.199972
A00004799,Product 4799,Music,11,0.320571,0.196070
A00006072,Product 6072,Music,11,0.838673,0.201236
A00000135,Product 135,Electronics,11,0.200280,0.197792
A00008304,Product 8304,Movies & TV,11,0.345642,0.195099
A00008970,Product 8970,Electronics,11,0.591905,0.194076
A00002701,Product 2701,Music,11,0.159624,0.196738
A00005608,Product 5608,Clothing,11,0.851395,0.197005
A00004337,Product 4337,Movies & TV,11,0.850139,0.197734
A00007765,Product 7765,Books,11,0.997336,0.192871
A00002435,Product 2435,Movies & TV,11,0.882115,0.195213
A00004044,Product 4044,Electronics,11,0.735885,0.196765
A00008108,Product 8108,Movies & TV,11,0.299194,0.199144
A00000511,Product 511,Movies & TV,11,0.942700,0.198424
A00002707,Product 2707,Books,11,0.120168,0.197894
A00009167,Product 9167,Music,11,0.936765,0.197558
A00009870,Product 9870,Clothing,11,0.282037,0.199302
A00007630,Product 7630,Clothing,11,0.258209,0.200517
A00002085,Product 2085,Clothing,11,0.804168,0.193603
A00000449,Product 449,Music,11,0.129898,0.198302
A00009655,Product 9655,Books,11,0.613053,0.199884
A00002980,Product 2980,Music,11,0.975870,0.201094
A00006181,Product 6181,Movies & TV,11,0.909998,0.197211
A00005236,Product 5236,Movies & TV,11,0.732342,0.202507
A00002124,Product 2124,Movies & TV,11,0.131841,0.194844
A00002664,Product 2664,Movies & TV,11,0.852746,0.196525
A00001136,Product 1136,Music,11,0.881254,0.195217
A00004210,Product 4210,Clothing,11,0.982286,0.202311
A00009034,Product 9034,Books,11,0.436034,0.196232
A00001336,Product 1336,Electronics,11,0.331807,0.196529
A00005894,Product 5894,Clothing,11,0.348891,0.197922
A00008360,Product 8360,Clothing,11,0.506928,0.196459
A00004384,Product 4384,Music,11,0.952638,0.200985
A00005747,Product 5747,Books,11,0.260074,0.201013
A00006305,Product 6305,Music,11,0.233159,0.200401
A00007626,Product 7626,Music,11,0.682633,0.197196
A00000519,Product 519,Electronics,11,0.376394,0.201130
A00000714,Product 714,Books,11,0.306606,0.198669
A00008160,Product 8160,Clothing,11,0.926042,0.197918
A00007543,Product 7543,Music,11,0.120832,0.199840
A00002999,Product 2999,Movies & TV,11,0.437789,0.199481
A00007643,Product 7643,Electronics,11,0.788486,0.200751
A00004288,Product 4288,Music,11,0.107481,0.201768
A00009505,Product 9505,Music,11,0.682464,0.197137
A00004780,Product 4780,Music,11,0.620232,0.200317
A00000577,Product 577,Books,11,0.154479,0.197312
A00003815,Product 3815,Electronics,11,0.438775,0.197953
A00006324,Product 6324,Electronics,11,0.638800,0.198059
A00001826,Product 1826,Clothing,11,0.457216,0.197083
A00004356,Product 4356,Books,11,0.600210,0.193584
A00000301,Product 301,Clothing,11,0.860118,0.195625
A00009932,Product 9932,Music,11,0.438771,0.196529
A00008088,Product 8088,Books,11,0.694339,0.201025
A00001209,Product 1209,Books,11,0.709283,0.198799
A00002945,Product 2945,Movies & TV,11,0.049253,0.199271
A00008833,Product 8833,Books,11,0.636544,0.194355
A00003100,Product 3100,Books,11,0.354808,0.198318
A00005634,Product 5634,Clothing,11,0.314325,0.199021
A00004919,Product 4919,Music,11,0.860216,0.195721
A00005888,Product 5888,Music,11,0.437987,0.200405
A00000305,Product 305,Electronics,11,0.376636,0.196544
A00008212,Product 8212,Clothing,11,0.192333,0.194597
A00006699,Product 6699,Books,11,0.296557,0.196622
A00009498,Product 9498,Books,11,0.733507,0.196486
A00004797,Product 4797,Clothing,11,0.870266,0.197839
A00001292,Product 1292,Books,11,0.568681,0.196819
A00005327,Product 5327,Electronics,11,0.976327,0.199924
A00000342,Product 342,Music,11,0.214932,0.194833
A00008324,Product 8324,Clothing,11,0.053121,0.200300
A00008488,Product 8488,Clothing,11,0.283864,0.195415
A00009570,Product 9570,Books,11,0.769221,0.194749
A00000557,Product 557,Movies & TV,11,0.930141,0.201025
A00002253,Product 2253,Music,11,0.220599,0.198228
A00000755,Product 755,Movies & TV,11,0.040677,0.197060
A00004622,Product 4622,Books,11,0.704530,0.196815
A00003716,Product 3716,Electronics,11,0.740302,0.196761
A00007138,Product 7138,Movies & TV,11,0.987572,0.195110
A00004046,Product 4046,Books,11,0.510797,0.195924
A00003152,Product 3152,Music,11,0.195615,0.193558
A00006328,Product 6328,Movies & TV,11,0.650568,0.200670
A00001987,Product 1987,Electronics,11,0.138226,0.198051
A00005911,Product 5911,Books,11,0.838580,0.197110
A00008105,Product 8105,Books,11,0.243671,0.199593
A00007388,Product 7388,Movies & TV,11,0.451208,0.197095
A00001537,Product 1537,Electronics,11,0.068029,0.191453
A00003928,Product 3928,Electronics,11,0.840426,0.197184
A00006742,Product 6742,Clothing,11,0.812230,0.198224
A00002715,Product 2715,Clothing,11,0.582728,0.195446
A00002777,Product 2777,Electronics,11,0.472466,0.197254
A00008972,Product 8972,Electronics,11,0.943132,0.199657
A00000992,Product 992,Music,11,0.539778,0.200457
A00003899,Product 3899,Electronics,11,0.204032,0.198012
A00008936,Product 8936,Movies & TV,11,0.953683,0.199438
A00000691,Product 691,Music,11,0.399290,0.196213
A00009219,Product 9219,Electronics,11,0.486961,0.197808
A00006371,Product 6371,Clothing,11,0.547991,0.199084
A00008437,Product 8437,Movies & TV,11,0.390425,0.199708
A00000407,Product 407,Movies & TV,11,0.019294,0.193636
A00008164,Product 8164,Movies & TV,11,0.008524,0.201094
A00006091,Product 6091,Clothing,10,0.786739,0.198594
A00001206,Product 1206,Books,10,0.382978,0.196336
A00008086,Product 8086,Movies & TV,10,0.826332,0.195940
A00007527,Product 7527,Music,10,0.834864,0.196351
A00002801,Product 2801,Electronics,10,0.991912,0.194280
A00000540,Product 540,Movies & TV,10,0.415380,0.195030
A00004695,Product 4695,Music,10,0.357466,0.194012
A00009003,Product 9003,Books,10,0.730369,0.193273
A00006190,Product 6190,Movies & TV,10,0.603427,0.199076
A00004218,Product 4218,Clothing,10,0.813744,0.194859
A00006412,Product 6412,Clothing,10,0.127768,0.193367
A00005995,Product 5995,Music,10,0.571086,0.194715
A00003595,Product 3595,Books,10,0.881338,0.197262
A00008837,Product 8837,Electronics,10,0.699333,0.196963
A00002546,Product 2546,Books,10,0.792894,0.197215
A00008465,Product 8465,Clothing,10,0.057308,0.198153
A00001739,Product 1739,Electronics,10,0.194813,0.197168
A00008555,Product 8555,Electronics,10,0.345990,0.193076
A00000674,Product 674,Electronics,10,0.631304,0.195049
A00004735,Product 4735,Clothing,10,0.356591,0.194280
A00001664,Product 1664,Clothing,10,0.890779,0.195453
A00001718,Product 1718,Books,10,0.334348,0.192923
A00009340,Product 9340,Clothing,10,0.698794,0.198543
A00004303,Product 4303,Books,10,0.882924,0.194310
A00001291,Product 1291,Music,10,0.661615,0.194738
A00009227,Product 9227,Clothing,10,0.880421,0.192968
A00003754,Product 3754,Movies & TV,10,0.178487,0.195817
A00008186,Product 8186,Clothing,10,0.750846,0.197617
A00004268,Product 4268,Music,10,0.002120,0.193685
A00007545,Product 7545,Movies & TV,10,0.545046,0.197742
A00009625,Product 9625,Movies & TV,10,0.568944,0.197875
A00005220,Product 5220,Clothing,10,0.906490,0.195756
A00006449,Product 6449,Books,10,0.605053,0.189314
A00005548,Product 5548,Music,10,0.388537,0.200525
A00000153,Product 153,Movies & TV,10,0.222533,0.196020
A00007493,Product 7493,Clothing,10,0.183432,0.196340
A00003147,Product 3147,Electronics,10,0.957080,0.192485
A00008145,Product 8145,Movies & TV,10,0.734505,0.191813
A00008927,Product 8927,Movies & TV,10,0.548072,0.194012
A00005025,Product 5025,Movies & TV,10,0.072097,0.188628
A00004808,Product 4808,Music,10,0.223432,0.190890
A00008937,Product 8937,Music,10,0.956474,0.198405
A00002890,Product 2890,Movies & TV,10,0.582772,0.193907
A00009532,Product 9532,Music,10,0.804633,0.195019
A00009218,Product 9218,Clothing,10,0.570720,0.197812
A00005585,Product 5585,Clothing,10,0.317161,0.196637
A00004165,Product 4165,Music,10,0.804077,0.193734
A00004036,Product 4036,Electronics,10,0.941005,0.193835
A00007029,Product 7029,Clothing,10,0.711529,0.194306
A00004334,Product 4334,Clothing,10,0.400157,0.195863
A00008807,Product 8807,Books,10,0.114869,0.197305
A00009320,Product 9320,Movies & TV,10,0.165319,0.194136
A00007935,Product 7935,Clothing,10,0.600887,0.194201
A00000614,Product 614,Music,10,0.396786,0.196873
A00004292,Product 4292,Electronics,10,0.951746,0.193798
A00007940,Product 7940,Electronics,10,0.008990,0.194265
A00007290,Product 7290,Electronics,10,0.997944,0.193865
A00009008,Product 9008,Music,10,0.159154,0.196885
A00000524,Product 524,Electronics,10,0.517294,0.190290
A00008137,Product 8137,Music,10,0.835826,0.198114
A00001195,Product 1195,Books,10,0.206716,0.196159
A00001054,Product 1054,Movies & TV,10,0.675570,0.193888
A00001269,Product 1269,Clothing,10,0.529093,0.193415
A00007908,Product 7908,Electronics,10,0.659018,0.193244
A00002536,Product 2536,Music,10,0.078806,0.200236
A00004929,Product 4929,Books,10,0.670121,0.196097
A00006718,Product 6718,Music,10,0.089763,0.191255
A00002944,Product 2944,Music,10,0.013039,0.192392
A00004974,Product 4974,Movies & TV,10,0.256537,0.196101
A00008179,Product 8179,Books,10,0.099527,0.196024
A00009391,Product 9391,Books,10,0.779649,0.199394
A00009872,Product 9872,Books,10,0.486297,0.199760
A00006688,Product 6688,Music,10,0.967446,0.193393
A00005204,Product 5204,Electronics,10,0.287948,0.196541
A00007152,Product 7152,Movies & TV,10,0.187578,0.198334
A00000303,Product 303,Music,10,0.230650,0.200815
A00008758,Product 8758,Music,10,0.646336,0.192689
A00004822,Product 4822,Clothing,10,0.613871,0.195725
A00007743,Product 7743,Movies & TV,10,0.095145,0.195240
A00009370,Product 9370,Clothing,10,0.631945,0.190537
A00002699,Product 2699,Music,10,0.793221,0.195163
A00002194,Product 2194,Clothing,10,0.139634,0.196711
A00001759,Product 1759,Books,10,0.553068,0.190711
A00005154,Product 5154,Music,10,0.019846,0.194446
A00008815,Product 8815,Music,10,0.951433,0.191717
A00007559,Product 7559,Clothing,10,0.424531,0.197882
A00001013,Product 1013,Music,10,0.241099,0.199665
A00005122,Product 5122,Clothing,10,0.119743,0.199924
A00007793,Product 7793,Movies & TV,10,0.272397,0.189954
A00008143,Product 8143,Electronics,10,0.965612,0.195713
A00006066,Product 6066,Electronics,10,0.625751,0.193633
A00001504,Product 1504,Electronics,10,0.836388,0.198527
A00002411,Product 2411,Movies & TV,10,0.786866,0.192041
A00006787,Product 6787,Electronics,10,0.290006,0.200325
A00007126,Product 7126,Clothing,10,0.660747,0.195759
A00008941,Product 8941,Books,10,0.536078,0.195541
A00001714,Product 1714,Books,10,0.760029,0.196332
A00005662,Product 5662,Movies & TV,10,0.989069,0.196074
A00006143,Product 6143,Movies & TV,10,0.838364,0.199390
A00004855,Product 4855,Movies & TV,10,0.978262,0.196510
A00000607,Product 607,Clothing,10,0.990389,0.199326
A00009074,Product 9074,Clothing,10,0.502979,0.195886
A00002316,Product 2316,Music,10,0.149563,0.193154
A00001807,Product 1807,Books,10,0.913192,0.193105
A00007164,Product 7164,Movies & TV,10,0.953641,0.197922
A00004640,Product 4640,Movies & TV,10,0.020892,0.197488
A00008649,Product 8649,Electronics,10,0.904908,0.201548
A00002244,Product 2244,Books,10,0.269121,0.193591
A00006132,Product 6132,Movies & TV,10,0.833324,0.191750
A00001450,Product 1450,Movies & TV,10,0.386306,0.193528
A00006332,Product 6332,Music,10,0.184829,0.197207
A00009418,Product 9418,Clothing,10,0.218186,0.193779
A00002996,Product 2996,Electronics,10,0.786276,0.196815
A00002299,Product 2299,Movies & TV,10,0.280434,0.196355
A00000604,Product 604,Books,10,0.771771,0.194741
A00007081,Product 7081,Music,10,0.467526,0.198614
A00008454,Product 8454,Movies & TV,10,0.125637,0.191522
A00008506,Product 8506,Clothing,10,0.384309,0.198377
A00006673,Product 6673,Movies & TV,10,0.492374,0.194442
A00009090,Product 9090,Clothing,10,0.327453,0.194291
A00004556,Product 4556,Books,10,0.697356,0.197926
A00000396,Product 396,Books,10,0.970233,0.193768
A00005908,Product 5908,Movies & TV,10,0.126857,0.196653
A00007121,Product 7121,Music,10,0.084922,0.192960
A00009912,Product 9912,Electronics,10,0.521277,0.195637
A00006230,Product 6230,Clothing,10,0.647446,0.197851
A00000988,Product 988,Electronics,10,0.817574,0.197718
A00000635,Product 635,Music,10,0.839524,0.199005
A00007272,Product 7272,Books,10,0.014831,0.196351
A00004709,Product 4709,Books,10,0.537627,0.198831
A00003166,Product 3166,Movies & TV,10,0.035077,0.194186
A00004858,Product 4858,Clothing,10,0.469627,0.196897
A00001465,Product 1465,Electronics,10,0.381156,0.198377
A00009183,Product 9183,Books,10,0.130341,0.198732
A00007038,Product 7038,Books,10,0.193055,0.190403
A00004729,Product 4729,Books,10,0.903901,0.199128
A00004196,Product 4196,Clothing,10,0.196184,0.199442
A00007251,Product 7251,Books,10,0.582295,0.196842
A00005166,Product 5166,Electronics,10,0.499428,0.195530
A00007445,Product 7445,Electronics,10,0.071868,0.194340
A00003986,Product 3986,Electronics,10,0.192803,0.192971
A00001546,Product 1546,Clothing,10,0.393470,0.190708
A00009891,Product 9891,Music,10,0.990559,0.199473
A00003921,Product 3921,Clothing,10,0.189182,0.193606
A00008637,Product 8637,Clothing,10,0.851034,0.197816
A00006520,Product 6520,Clothing,10,0.463053,0.197192
A00004351,Product 4351,Clothing,10,0.061638,0.198393
A00008020,Product 8020,Electronics,10,0.236900,0.195648
A00009721,Product 9721,Electronics,10,0.182016,0.194912
A00008746,Product 8746,Clothing,10,0.386671,0.193768
A00007189,Product 7189,Movies & TV,10,0.274862,0.193742
A00009538,Product 9538,Books,10,0.336787,0.201041
A00005170,Product 5170,Books,10,0.579791,0.200345
A00004246,Product 4246,Movies & TV,10,0.043038,0.194340
A00005284,Product 5284,Clothing,10,0.986771,0.198153
A00000213,Product 213,Books,10,0.356395,0.196533
A00005398,Product 5398,Movies & TV,10,0.123955,0.193475
A00001638,Product 1638,Electronics,10,0.111524,0.197659
A00008497,Product 8497,Movies & TV,10,0.447025,0.199688
A00002601,Product 2601,Clothing,10,0.712030,0.193318
A00006316,Product 6316,Movies & TV,10,0.985516,0.194012
A00001288,Product 1288,Clothing,10,0.560517,0.195828
A00009020,Product 9020,Clothing,10,0.658895,0.193079
A00006063,Product 6063,Music,10,0.700568,0.191721
A00001494,Product 1494,Movies & TV,10,0.249914,0.198247
A00005616,Product 5616,Books,10,0.534285,0.190298
A00001249,Product 1249,Clothing,10,0.591348,0.192834
A00002811,Product 2811,Clothing,10,0.538921,0.197980
A00001283,Product 1283,Books,10,0.499570,0.198610
A00005991,Product 5991,Music,10,0.732298,0.197149
A00006755,Product 6755,Electronics,10,0.587968,0.194616
A00008429,Product 8429,Books,10,0.533508,0.195121
A00003124,Product 3124,Music,10,0.915470,0.196568
A00004208,Product 4208,Movies & TV,10,0.118275,0.190312
A00007802,Product 7802,Music,10,0.913175,0.194065
A00008988,Product 8988,Books,10,0.653309,0.195817
A00007958,Product 7958,Movies & TV,10,0.970571,0.196259
A00001873,Product 1873,Books,10,0.685097,0.197988
A00006460,Product 6460,Music,10,0.876553,0.192266
A00009720,Product 9720,Movies & TV,10,0.836694,0.198918
A00001085,Product 1085,Books,10,0.184132,0.191912
A00006736,Product 6736,Movies & TV,10,0.917159,0.192148
A00009053,Product 9053,Books,10,0.424963,0.194163
A00005929,Product 5929,Clothing,10,0.936455,0.190744
A00002408,Product 2408,Music,10,0.746466,0.200012
A00002494,Product 2494,Movies & TV,10,0.468920,0.197211
A00002132,Product 2132,Books,10,0.053503,0.198468
A00000683,Product 683,Clothing,10,0.989169,0.194359
A00003936,Product 3936,Clothing,10,0.431454,0.197519
A00001271,Product 1271,Electronics,10,0.273566,0.194624
A00003597,Product 3597,Electronics,10,0.148584,0.194216
A00002282,Product 2282,Clothing,10,0.781690,0.194204
A00009943,Product 9943,Music,10,0.699766,0.197145
A00000406,Product 406,Movies & TV,10,0.335131,0.196571
A00007555,Product 7555,Electronics,10,0.270057,0.198649
A00009733,Product 9733,Books,10,0.564576,0.191599
A00005419,Product 5419,Movies & TV,10,0.324916,0.191566
A00008920,Product 8920,Clothing,10,0.591218,0.196486
A00002824,Product 2824,Books,10,0.755919,0.196363
A00005642,Product 5642,Clothing,10,0.646697,0.195767
A00000319,Product 319,Movies & TV,10,0.161189,0.195095
A00008999,Product 8999,Music,10,0.065849,0.191376
A00001559,Product 1559,Books,10,0.272231,0.197566
A00004590,Product 4590,Music,10,0.023425,0.195564
A00008180,Product 8180,Books,10,0.385060,0.195967
A00001422,Product 1422,Movies & TV,10,0.073630,0.192979
A00009531,Product 9531,Clothing,10,0.879807,0.196483
A00008852,Product 8852,Movies & TV,10,0.421540,0.193050
A00002212,Product 2212,Music,10,0.861091,0.195775
A00007654,Product 7654,Clothing,10,0.674847,0.196163
A00007695,Product 7695,Electronics,10,0.055351,0.195871
A00001425,Product 1425,Electronics,10,0.857952,0.193524
A00000544,Product 544,Music,10,0.626593,0.189443
A00008404,Product 8404,Movies & TV,10,0.840290,0.196321
A00005702,Product 5702,Books,10,0.533717,0.195076
A00003099,Product 3099,Books,10,0.760811,0.190016
A00000841,Product 841,Clothing,10,0.295635,0.198310
A00003554,Product 3554,Electronics,10,0.053096,0.192830
A00008004,Product 8004,Movies & TV,10,0.948060,0.198184
A00003948,Product 3948,Books,10,0.895715,0.191270
A00001419,Product 1419,Electronics,10,0.532546,0.191226
A00002877,Product 2877,Movies & TV,10,0.261289,0.194795
A00009555,Product 9555,Music,10,0.036976,0.196850
A00002215,Product 2215,Electronics,10,0.216401,0.194905
A00005147,Product 5147,Movies & TV,10,0.140974,0.201507
A00009149,Product 9149,Clothing,10,0.219655,0.190766
A00004269,Product 4269,Movies & TV,10,0.024104,0.197742
A00009107,Product 9107,Movies & TV,10,0.930372,0.196602
A00001326,Product 1326,Clothing,10,0.256639,0.196629
A00000617,Product 617,Music,10,0.565658,0.196838
A00004195,Product 4195,Books,10,0.359159,0.197188
A00001677,Product 1677,Music,10,0.746490,0.194140
A00001932,Product 1932,Electronics,10,0.465917,0.194563
A00002364,Product 2364,Movies & TV,10,0.427567,0.193076
A00007991,Product 7991,Movies & TV,10,0.850948,0.197036
A00004597,Product 4597,Books,10,0.745009,0.193907
A00007726,Product 7726,Movies & TV,10,0.870785,0.195690
A00003888,Product 3888,Books,10,0.088392,0.198043
A00005770,Product 5770,Clothing,10,0.203976,0.193374
A00007577,Product 7577,Clothing,10,0.577403,0.194829
A00004888,Product 4888,Electronics,10,0.303231,0.197067
A00001588,Product 1588,Movies & TV,10,0.804214,0.193685
A00006899,Product 6899,Movies & TV,10,0.135091,0.196286
A00003790,Product 3790,Clothing,10,0.735965,0.196405
A00001194,Product 1194,Clothing,10,0.943943,0.195541
A00005812,Product 5812,Music,10,0.326329,0.197118
A00001966,Product 1966,Books,10,0.144168,0.196796
A00003134,Product 3134,Books,10,0.503888,0.194348
A00004205,Product 4205,Electronics,10,0.914015,0.198949
A00006690,Product 6690,Music,10,0.451927,0.195967
A00005056,Product 5056,Music,10,0.840101,0.195947
A00007161,Product 7161,Electronics,10,0.371500,0.195232
A00000561,Product 561,Clothing,10,0.056798,0.191508
A00009716,Product 9716,Movies & TV,10,0.322911,0.195224
A00007426,Product 7426,Electronics,10,0.421924,0.197359
A00007173,Product 7173,Electronics,10,0.296746,0.194057
A00006677,Product 6677,Music,10,0.947004,0.197953
A00009866,Product 9866,Music,10,0.789302,0.192744
A00001239,Product 1239,Electronics,10,0.151987,0.196773
A00008032,Product 8032,Electronics,10,0.864894,0.198149
A00000011,Product 11,Electronics,10,0.503795,0.198957
A00005545,Product 5545,Movies & TV,10,0.809526,0.192200
A00006724,Product 6724,Clothing,10,0.888607,0.193884
A00002334,Product 2334,Clothing,10,0.721270,0.190923
A00002353,Product 2353,Music,9,0.116331,0.190690
A00001375,Product 1375,Books,9,0.361736,0.195407
A00003307,Product 3307,Books,9,0.018943,0.196866
A00001549,Product 1549,Movies & TV,9,0.000903,0.195602
A00009542,Product 9542,Music,9,0.387005,0.191813
A00002795,Product 2795,Books,9,0.749564,0.191761
A00006011,Product 6011,Clothing,9,0.650319,0.194764
A00008141,Product 8141,Electronics,9,0.262204,0.195297
A00002045,Product 2045,Movies & TV,9,0.896281,0.189425
A00006199,Product 6199,Clothing,9,0.706580,0.194760
A00000556,Product 556,Electronics,9,0.944265,0.194333
A00007347,Product 7347,Music,9,0.097678,0.191368
A00006910,Product 6910,Music,9,0.427298,0.193734
A00006892,Product 6892,Books,9,0.851097,0.188963
A00004594,Product 4594,Movies & TV,9,0.041450,0.193663
A00008695,Product 8695,Music,9,0.922907,0.195083
A00005328,Product 5328,Clothing,9,0.841287,0.189666
A00007582,Product 7582,Electronics,9,0.254000,0.192956
A00008392,Product 8392,Movies & TV,9,0.022504,0.192927
A00004175,Product 4175,Movies & TV,9,0.546056,0.193629
A00006394,Product 6394,Clothing,9,0.274866,0.191295
A00006144,Product 6144,Music,9,0.730496,0.194499
A00001134,Product 1134,Clothing,9,0.740613,0.193745
A00005519,Product 5519,Clothing,9,0.520071,0.194597
A00003422,Product 3422,Clothing,9,0.615781,0.194454
A00004043,Product 4043,Books,9,0.880238,0.194416
A00001157,Product 1157,Electronics,9,0.666302,0.193565
A00009927,Product 9927,Clothing,9,0.764328,0.197044
A00003915,Product 3915,Books,9,0.987172,0.193956
A00007875,Product 7875,Clothing,9,0.924864,0.195358
A00006210,Product 6210,Books,9,0.338353,0.194981
A00002475,Product 2475,Music,9,0.394302,0.182820
A00003638,Product 3638,Clothing,9,0.235501,0.192518
A00003230,Product 3230,Electronics,9,0.679384,0.196575
A00000295,Product 295,Music,9,0.860687,0.190945
A00000372,Product 372,Electronics,9,0.316433,0.195848
A00007561,Product 7561,Clothing,9,0.166786,0.192144
A00004643,Product 4643,Clothing,9,0.629848,0.191548
A00007521,Product 7521,Clothing,9,0.300016,0.192819
A00002785,Product 2785,Clothing,9,0.773815,0.198515
A00003990,Product 3990,Clothing,9,0.156312,0.191295
A00000186,Product 186,Electronics,9,0.556422,0.190897
A00002754,Product 2754,Clothing,9,0.511987,0.186848
A00001039,Product 1039,Books,9,0.701931,0.191039
A00007564,Product 7564,Music,9,0.155339,0.193012
A00000148,Product 148,Electronics,9,0.967510,0.193057
A00005445,Product 5445,Books,9,0.483345,0.195928
A00001011,Product 1011,Music,9,0.459544,0.194204
A00008706,Product 8706,Electronics,9,0.707160,0.192240
A00008076,Product 8076,Movies & TV,9,0.951943,0.194962
A00004187,Product 4187,Movies & TV,9,0.716524,0.194057
A00009373,Product 9373,Electronics,9,0.207357,0.193050
A00003860,Product 3860,Music,9,0.184213,0.194901
A00009379,Product 9379,Clothing,9,0.550006,0.191493
A00009528,Product 9528,Music,9,0.920839,0.191588
A00008018,Product 8018,Movies & TV,9,0.837754,0.194556
A00004371,Product 4371,Clothing,9,0.437701,0.189889
A00002078,Product 2078,Books,9,0.588102,0.195993
A00008153,Product 8153,Clothing,9,0.934725,0.198432
A00004818,Product 4818,Music,9,0.400266,0.189659
A00009459,Product 9459,Movies & TV,9,0.328515,0.191537
A00000500,Product 500,Books,9,0.142367,0.195790
A00000600,Product 600,Movies & TV,9,0.068914,0.192244
A00007190,Product 7190,Electronics,9,0.517542,0.192741
A00007747,Product 7747,Electronics,9,0.967393,0.189537
A00008301,Product 8301,Clothing,9,0.834186,0.192718
A00005997,Product 5997,Movies & TV,9,0.414080,0.194027
A00007889,Product 7889,Books,9,0.763809,0.193132
A00000925,Product 925,Clothing,9,0.964067,0.189742
A00001296,Product 1296,Books,9,0.827163,0.187037
A00003767,Product 3767,Electronics,9,0.446992,0.193012
A00009101,Product 9101,Clothing,9,0.503161,0.195618
A00005550,Product 5550,Clothing,9,0.465802,0.192793
A00007700,Product 7700,Electronics,9,0.012765,0.192292
A00000028,Product 28,Movies & TV,9,0.240446,0.195034
A00000603,Product 603,Books,9,0.384088,0.192318
A00002421,Product 2421,Books,9,0.432380,0.192600
A00003171,Product 3171,Movies & TV,9,0.773013,0.193128
A00002210,Product 2210,Music,9,0.609717,0.195011
A00005431,Product 5431,Music,9,0.543727,0.193843
A00001046,Product 1046,Clothing,9,0.431868,0.193419
A00000445,Product 445,Movies & TV,9,0.272851,0.190945
A00001237,Product 1237,Electronics,9,0.072540,0.192455
A00001910,Product 1910,Electronics,9,0.206997,0.192362
A00005345,Product 5345,Electronics,9,0.017319,0.191555
A00002385,Product 2385,Movies & TV,9,0.514292,0.190835
A00009217,Product 9217,Movies & TV,9,0.518495,0.195622
A00007683,Product 7683,Clothing,9,0.960293,0.196935
A00003935,Product 3935,Electronics,9,0.394477,0.193057
A00003902,Product 3902,Clothing,9,0.359823,0.192938
A00006208,Product 6208,Movies & TV,9,0.230800,0.193648
A00004630,Product 4630,Movies & TV,9,0.458843,0.192444
A00000176,Product 176,Movies & TV,9,0.707068,0.193053
A00006957,Product 6957,Clothing,9,0.306636,0.191335
A00004905,Product 4905,Books,9,0.535902,0.192466
A00006954,Product 6954,Music,9,0.673872,0.190766
A00000585,Product 585,Movies & TV,9,0.935617,0.194522
A00001282,Product 1282,Clothing,9,0.130159,0.189929
A00009099,Product 9099,Clothing,9,0.480204,0.193809
A00003803,Product 3803,Clothing,9,0.933138,0.189017
A00006462,Product 6462,Books,9,0.428896,0.193001
A00005340,Product 5340,Movies & TV,9,0.472742,0.189325
A00000651,Product 651,Books,9,0.253754,0.194654
A00007277,Product 7277,Electronics,9,0.278563,0.196475
A00002444,Product 2444,Clothing,9,0.616568,0.195152
A00002843,Product 2843,Music,9,0.524877,0.197118
A00000808,Product 808,Music,9,0.606144,0.193386
A00003202,Product 3202,Books,9,0.606028,0.190276
A00009911,Product 9911,Music,9,0.793813,0.186817
A00004833,Product 4833,Movies & TV,9,0.911335,0.195163
A00001201,Product 1201,Music,9,0.972105,0.190468
A00007667,Product 7667,Movies & TV,9,0.323788,0.195087
A00004733,Product 4733,Music,9,0.229846,0.191677
A00009998,Product 9998,Books,9,0.569957,0.194594
A00001701,Product 1701,Books,9,0.302001,0.192433
A00003590,Product 3590,Books,9,0.837020,0.191431
A00008467,Product 8467,Music,9,0.877996,0.194654
A00004464,Product 4464,Electronics,9,0.725818,0.192767
A00008305,Product 8305,Clothing,9,0.151197,0.189379
A00004963,Product 4963,Movies & TV,9,0.865084,0.194632
A00007744,Product 7744,Music,9,0.425782,0.191787
A00003337,Product 3337,Electronics,9,0.479715,0.196078
A00008188,Product 8188,Movies & TV,9,0.545721,0.195068
A00009761,Product 9761,Music,9,0.425317,0.195171
A00008203,Product 8203,Clothing,9,0.207378,0.190316
A00003755,Product 3755,Electronics,9,0.421742,0.193783
A00009043,Product 9043,Clothing,9,0.616922,0.191200
A00004340,Product 4340,Music,9,0.459161,0.190294
A00001526,Product 1526,Movies & TV,9,0.623144,0.191644
A00000768,Product 768,Clothing,9,0.908677,0.194677
A00008054,Product 8054,Electronics,9,0.040821,0.194302
A00004277,Product 4277,Music,9,0.198637,0.193393
A00003397,Product 3397,Music,9,0.277173,0.194386
A00002012,Product 2012,Music,9,0.532230,0.190214
A00006649,Product 6649,Electronics,9,0.795920,0.195572
A00003712,Product 3712,Music,9,0.959135,0.189601
A00005449,Product 5449,Books,9,0.865050,0.191346
A00000297,Product 297,Electronics,9,0.987657,0.195633
A00008417,Product 8417,Electronics,9,0.251617,0.193584
A00003992,Product 3992,Clothing,9,0.338558,0.192793
A00002424,Product 2424,Electronics,9,0.863691,0.193061
A00009506,Product 9506,Clothing,9,0.977233,0.191673
A00007568,Product 7568,Clothing,9,0.415394,0.195114
A00009104,Product 9104,Music,9,0.321632,0.192133
A00008892,Product 8892,Music,9,0.411851,0.188671
A00005796,Product 5796,Movies & TV,9,0.595670,0.191043
A00002223,Product 2223,Clothing,9,0.665776,0.189821
A00001199,Product 1199,Books,9,0.789187,0.194016
A00004841,Product 4841,Movies & TV,9,0.155470,0.193719
A00004914,Product 4914,Electronics,9,0.218240,0.189490
A00008332,Product 8332,Clothing,9,0.795271,0.194878
A00007891,Product 7891,Movies & TV,9,0.159865,0.196939
A00008946,Product 8946,Books,9,0.347679,0.191025
A00004344,Product 4344,Electronics,9,0.773906,0.194072
A00002837,Product 2837,Books,9,0.846186,0.192960
A00007642,Product 7642,Clothing,9,0.584104,0.188468
A00008733,Product 8733,Books,9,0.939192,0.195442
A00006789,Product 6789,Movies & TV,9,0.685241,0.194499
A00001902,Product 1902,Clothing,9,0.125733,0.192485
A00009396,Product 9396,Books,9,0.191294,0.192459
A00007119,Product 7119,Books,9,0.722942,0.195369
A00007623,Product 7623,Clothing,9,0.891563,0.190124
A00003944,Product 3944,Electronics,9,0.147168,0.194167
A00003188,Product 3188,Books,9,0.737469,0.192570
A00005597,Product 5597,Clothing,9,0.916183,0.193783
A00003092,Product 3092,Books,9,0.443802,0.192459
A00001400,Product 1400,Movies & TV,9,0.792342,0.191142
A00004202,Product 4202,Movies & TV,9,0.329876,0.193266
A00001608,Product 1608,Electronics,9,0.526726,0.191467
A00001037,Product 1037,Music,9,0.863493,0.198590
A00007738,Product 7738,Electronics,9,0.497321,0.189666
A00006765,Product 6765,Music,9,0.546398,0.197270
A00005809,Product 5809,Electronics,9,0.088979,0.191776
A00005127,Product 5127,Books,9,0.893066,0.194231
A00003577,Product 3577,Electronics,9,0.021644,0.192577
A00003277,Product 3277,Electronics,9,0.177456,0.190908
A00004821,Product 4821,Music,9,0.017312,0.192485
A00003702,Product 3702,Electronics,9,0.032370,0.190236
A00009725,Product 9725,Books,9,0.396783,0.195201
A00001036,Product 1036,Electronics,9,0.647055,0.197722
A00001772,Product 1772,Music,9,0.120169,0.194984
A00001479,Product 1479,Music,9,0.989106,0.196394
A00007383,Product 7383,Electronics,9,0.082387,0.197172
A00006641,Product 6641,Clothing,9,0.046960,0.191982
A00006432,Product 6432,Electronics,9,0.588426,0.186580
A00001184,Product 1184,Movies & TV,9,0.256115,0.194431
A00000940,Product 940,Music,9,0.337907,0.194023
A00002915,Product 2915,Books,9,0.960379,0.193599
A00008269,Product 8269,Clothing,9,0.989167,0.193016
A00004260,Product 4260,Books,9,0.115621,0.196190
A00004421,Product 4421,Electronics,9,0.882733,0.194023
A00003439,Product 3439,Music,9,0.113597,0.192533
A00007072,Product 7072,Movies & TV,9,0.108781,0.196294
A00009895,Product 9895,Music,9,0.688513,0.196147
A00001753,Product 1753,Music,9,0.423264,0.196707
A00002029,Product 2029,Music,9,0.848888,0.194363
A00002319,Product 2319,Books,9,0.346858,0.196463
A00009804,Product 9804,Clothing,9,0.564049,0.190424
A00003279,Product 3279,Movies & TV,9,0.922755,0.194412
A00000005,Product 5,Books,9,0.900014,0.191809
A00009833,Product 9833,Books,9,0.497736,0.192666
A00005317,Product 5317,Music,9,0.506064,0.194412
A00008639,Product 8639,Clothing,9,0.713840,0.194378
A00000647,Product 647,Movies & TV,9,0.625817,0.195209
A00008152,Product 8152,Clothing,9,0.907785,0.190726
A00008246,Product 8246,Books,9,0.867965,0.194439
A00007877,Product 7877,Books,9,0.642179,0.191160
A00005675,Product 5675,Movies & TV,9,0.264748,0.190722
A00001442,Product 1442,Books,9,0.729269,0.189907
A00003074,Product 3074,Clothing,9,0.478353,0.193120
A00004893,Product 4893,Electronics,9,0.560545,0.192481
A00007337,Product 7337,Music,9,0.006972,0.192048
A00001548,Product 1548,Electronics,9,0.604778,0.194095
A00006653,Product 6653,Books,9,0.483563,0.195061
A00000280,Product 280,Clothing,9,0.133790,0.192144
A00000712,Product 712,Clothing,9,0.829838,0.193225
A00000728,Product 728,Clothing,9,0.233730,0.195802
A00002239,Product 2239,Music,9,0.938148,0.199179
A00005468,Product 5468,Electronics,9,0.265426,0.188298
A00002199,Product 2199,Books,9,0.325820,0.189565
A00002561,Product 2561,Clothing,9,0.426442,0.192845
A00007761,Product 7761,Electronics,9,0.537798,0.191233
A00007247,Product 7247,Movies & TV,9,0.976764,0.193337
A00005308,Product 5308,Music,9,0.885525,0.190773
A00001064,Product 1064,Books,9,0.924611,0.196086
A00000652,Product 652,Music,9,0.623376,0.197308
A00007097,Product 7097,Books,9,0.498703,0.194046
A00001484,Product 1484,Clothing,9,0.117275,0.193412
A00007041,Product 7041,Clothing,9,0.671791,0.192270
A00000273,Product 273,Movies & TV,9,0.302702,0.194886
A00005370,Product 5370,Electronics,9,0.401599,0.191746
A00001111,Product 1111,Electronics,9,0.486234,0.194084
A00006625,Product 6625,Movies & TV,9,0.791603,0.191156
A00005873,Product 5873,Music,9,0.327783,0.190243
A00005235,Product 5235,Books,9,0.225961,0.194901
A00007148,Product 7148,Books,9,0.191804,0.194768
A00002621,Product 2621,Movies & TV,9,0.894818,0.190766
A00001000,Product 1000,Books,9,0.212644,0.195297
A00001998,Product 1998,Clothing,9,0.172576,0.193850
A00004006,Product 4006,Clothing,9,0.489103,0.196707
A00004048,Product 4048,Movies & TV,9,0.938480,0.192889
A00007915,Product 7915,Books,9,0.546968,0.193869
A00005963,Product 5963,Clothing,9,0.413906,0.195713
A00009763,Product 9763,Electronics,9,0.348725,0.191328
A00004659,Product 4659,Books,9,0.612914,0.188881
A00009096,Product 9096,Books,9,0.820415,0.195186
A00002628,Product 2628,Movies & TV,9,0.736104,0.192071
A00003029,Product 3029,Movies & TV,9,0.937445,0.195377
A00004623,Product 4623,Music,9,0.750272,0.195560
A00007759,Product 7759,Clothing,9,0.680507,0.189904
A00004009,Product 4009,Books,9,0.670239,0.193926
A00007023,Product 7023,Music,9,0.157763,0.192566
A00005910,Product 5910,Music,9,0.502580,0.192611
A00003350,Product 3350,Music,9,0.377432,0.196517
A00003929,Product 3929,Movies & TV,9,0.588054,0.190988
A00008263,Product 8263,Clothing,9,0.457523,0.189943
A00005260,Product 5260,Books,9,0.724774,0.196564
A00003889,Product 3889,Books,9,0.092232,0.192867
A00000879,Product 879,Music,9,0.036825,0.194155
A00004455,Product 4455,Clothing,9,0.443651,0.192233
A00001516,Product 1516,Books,9,0.499775,0.194563
A00002685,Product 2685,Movies & TV,9,0.430630,0.188550
A00005452,Product 5452,Clothing,9,0.691220,0.197320
A00008773,Product 8773,Books,9,0.278760,0.190617
A00000920,Product 920,Books,9,0.362431,0.192726
A00000425,Product 425,Clothing,9,0.334507,0.192711
A00005195,Product 5195,Electronics,9,0.865513,0.193678
A00002908,Product 2908,Music,9,0.411422,0.192148
A00001038,Product 1038,Music,9,0.622435,0.194882
A00009309,Product 9309,Books,9,0.239673,0.193244
A00001618,Product 1618,Electronics,9,0.021136,0.194779
A00002112,Product 2112,Electronics,9,0.914261,0.189522
A00007709,Product 7709,Movies & TV,9,0.497916,0.192085
A00005392,Product 5392,Books,9,0.849590,0.192322
A00004229,Product 4229,Clothing,9,0.347675,0.192266
A00004823,Product 4823,Electronics,9,0.209975,0.194787
A00008749,Product 8749,Music,9,0.452829,0.191908
A00000793,Product 793,Movies & TV,9,0.573783,0.193742
A00002324,Product 2324,Music,9,0.778217,0.193337
A00000608,Product 608,Movies & TV,9,0.755866,0.195156
A00003804,Product 3804,Books,9,0.041772,0.189745
A00005921,Product 5921,Books,9,0.943746,0.195201
A00008803,Product 8803,Books,9,0.883782,0.190475
A00000043,Product 43,Music,9,0.066297,0.192748
A00008979,Product 8979,Electronics,9,0.438958,0.196390
A00008159,Product 8159,Clothing,9,0.442679,0.195855
A00008756,Product 8756,Clothing,9,0.615576,0.195587
A00007846,Product 7846,Music,9,0.689922,0.192715
A00000250,Product 250,Movies & TV,9,0.014216,0.193621
A00002465,Product 2465,Movies & TV,9,0.903757,0.186201
A00004429,Product 4429,Electronics,9,0.390285,0.192562
A00005027,Product 5027,Electronics,9,0.749261,0.192581
A00003572,Product 3572,Electronics,9,0.361360,0.193929
A00008192,Product 8192,Music,9,0.782722,0.191644
A00000706,Product 706,Electronics,9,0.042547,0.195163
A00008355,Product 8355,Clothing,9,0.405120,0.194242
A00001159,Product 1159,Books,9,0.172368,0.193072
A00001850,Product 1850,Electronics,9,0.458655,0.191809
A00006962,Product 6962,Books,9,0.376743,0.188849
A00003378,Product 3378,Movies & TV,9,0.145332,0.191916
A00005194,Product 5194,Movies & TV,9,0.976535,0.189990
A00000708,Product 708,Clothing,9,0.866362,0.192067
A00004108,Product 4108,Clothing,9,0.305259,0.193843
A00004042,Product 4042,Movies & TV,9,0.597532,0.192455
A00009802,Product 9802,Clothing,9,0.693651,0.196517
A00000697,Product 697,Books,9,0.255269,0.189796
A00005123,Product 5123,Books,9,0.430637,0.194840
A00003997,Product 3997,Clothing,9,0.404564,0.195011
A00009999,Product 9999,Music,9,0.746295,0.190084
A00007120,Product 7120,Electronics,9,0.012533,0.196602
A00004840,Product 4840,Books,9,0.829607,0.191032
A00009786,Product 9786,Clothing,9,0.992605,0.196575
A00003180,Product 3180,Electronics,9,0.515392,0.193202
A00008602,Product 8602,Books,9,0.243104,0.198161
A00009055,Product 9055,Clothing,9,0.416198,0.198708
A00007046,Product 7046,Books,9,0.021757,0.196429
A00007459,Product 7459,Clothing,9,0.394370,0.198823
A00003976,Product 3976,Electronics,9,0.766100,0.192030
A00005112,Product 5112,Movies & TV,9,0.252303,0.192148
A00002869,Product 2869,Clothing,9,0.132357,0.194654
A00008650,Product 8650,Movies & TV,9,0.234595,0.191171
A00004671,Product 4671,Music,9,0.253268,0.196086
A00007602,Product 7602,Electronics,9,0.581107,0.193326
A00009935,Product 9935,Books,9,0.184912,0.195301
A00007967,Product 7967,Electronics,9,0.694577,0.192078
A00005638,Product 5638,Electronics,9,0.590148,0.193150
A00006048,Product 6048,Music,9,0.771413,0.188831
A00005456,Product 5456,Music,9,0.541673,0.192945
A00005266,Product 5266,Clothing,9,0.798251,0.194582
A00001253,Product 1253,Clothing,9,0.908349,0.189580
A00008038,Product 8038,Electronics,9,0.074643,0.192848
A00009677,Product 9677,Books,9,0.341705,0.195867
A00006837,Product 6837,Music,9,0.732073,0.193210
A00003850,Product 3850,Books,9,0.459302,0.194825
A00002480,Product 2480,Movies & TV,9,0.233097,0.197472
A00004815,Product 4815,Electronics,9,0.325311,0.191193
A00004093,Product 4093,Clothing,9,0.878045,0.194299
A00001480,Product 1480,Movies & TV,9,0.680991,0.193412
A00008346,Product 8346,Movies & TV,9,0.971118,0.192274
A00008409,Product 8409,Movies & TV,9,0.244802,0.195167
A00004469,Product 4469,Movies & TV,9,0.339781,0.191394
A00002986,Product 2986,Music,9,0.703857,0.194514
A00001471,Product 1471,Clothing,9,0.874957,0.197445
A00000363,Product 363,Clothing,9,0.517068,0.192034
A00008671,Product 8671,Books,9,0.242967,0.198165
A00009662,Product 9662,Electronics,9,0.668880,0.193648
A00005537,Product 5537,Music,9,0.082377,0.191171
A00006349,Product 6349,Books,9,0.781876,0.196804
A00002834,Product 2834,Music,9,0.582280,0.194057
A00007483,Product 7483,Clothing,9,0.689103,0.191724
A00008776,Product 8776,Movies & TV,9,0.919154,0.197071
A00005878,Product 5878,Movies & TV,9,0.932561,0.193828
A00007428,Product 7428,Electronics,9,0.317899,0.193517
A00008436,Product 8436,Music,9,0.293218,0.193169
A00009744,Product 9744,Clothing,9,0.071643,0.196178
A00004613,Product 4613,Electronics,9,0.070511,0.195411
A00006818,Product 6818,Clothing,9,0.912921,0.195274
A00000806,Product 806,Electronics,9,0.635130,0.192196
A00006116,Product 6116,Movies & TV,9,0.128164,0.196070
A00008928,Product 8928,Music,9,0.562523,0.194386
A00001808,Product 1808,Movies & TV,9,0.673492,0.191193
A00003193,Product 3193,Clothing,9,0.256875,0.197492
A00008197,Product 8197,Electronics,9,0.082593,0.191010
A00004077,Product 4077,Clothing,9,0.075223,0.188429
A00009991,Product 9991,Music,9,0.493307,0.195752
A00007585,Product 7585,Electronics,9,0.489257,0.192008
A00000545,Product 545,Books,9,0.551658,0.197949
A00004636,Product 4636,Electronics,9,0.724193,0.192104
A00008348,Product 8348,Clothing,9,0.444104,0.194616
A00003776,Product 3776,Books,9,0.203134,0.194272
A00007309,Product 7309,Electronics,9,0.864694,0.193922
A00005476,Product 5476,Clothing,9,0.740382,0.194420
A00006792,Product 6792,Movies & TV,9,0.230900,0.195507
A00001414,Product 1414,Clothing,9,0.442876,0.192004
A00000832,Product 832,Electronics,9,0.045486,0.199537
A00009994,Product 9994,Books,9,0.009383,0.194106
A00007110,Product 7110,Clothing,9,0.967978,0.193247
A00001626,Product 1626,Music,9,0.490286,0.189810
A00000141,Product 141,Electronics,9,0.273222,0.196796
A00008278,Product 8278,Clothing,9,0.563637,0.191588
A00001481,Product 1481,Electronics,9,0.308160,0.190055
A00007678,Product 7678,Music,9,0.580844,0.194616
A00001073,Product 1073,Books,9,0.389325,0.191827
A00007972,Product 7972,Movies & TV,9,0.393356,0.192100
A00001671,Product 1671,Movies & TV,9,0.964825,0.194874
A00005679,Product 5679,Music,9,0.556903,0.189947
A00005023,Product 5023,Electronics,9,0.852794,0.191196
A00000397,Product 397,Electronics,9,0.786690,0.193050
A00002075,Product 2075,Electronics,9,0.231560,0.192618
A00003715,Product 3715,Books,9,0.784832,0.192292
A00008529,Product 8529,Clothing,9,0.184009,0.192867
A00001532,Product 1532,Movies & TV,9,0.685939,0.189860
A00002690,Product 2690,Electronics,9,0.302962,0.195633
A00009118,Product 9118,Electronics,9,0.131551,0.192975
A00001927,Product 1927,Electronics,9,0.426001,0.194080
A00005385,Product 5385,Clothing,9,0.654848,0.191724
A00003757,Product 3757,Clothing,9,0.265631,0.194393
A00005617,Product 5617,Movies & TV,9,0.270593,0.193663
A00004103,Product 4103,Electronics,9,0.606410,0.191875
A00002446,Product 2446,Books,9,0.488639,0.194935
A00006122,Product 6122,Movies & TV,9,0.138124,0.196105
A00006024,Product 6024,Music,9,0.392156,0.196232
A00000581,Product 581,Music,9,0.528023,0.192325
A00008202,Product 8202,Movies & TV,9,0.581497,0.193363
A00003176,Product 3176,Clothing,9,0.634361,0.198145
A00005237,Product 5237,Books,9,0.683149,0.193854
A00003881,Product 3881,Clothing,9,0.188662,0.189056
A00001034,Product 1034,Movies & TV,9,0.406307,0.190023
A00001075,Product 1075,Clothing,9,0.602287,0.194178
A00007308,Product 7308,Electronics,9,0.887792,0.193356
A00006590,Product 6590,Movies & TV,9,0.358924,0.194110
A00004880,Product 4880,Clothing,9,0.837548,0.192507
A00001947,Product 1947,Books,9,0.871851,0.197091
A00002580,Product 2580,Electronics,9,0.857591,0.197118
A00001031,Product 1031,Music,9,0.805169,0.191464
A00005760,Product 5760,Movies & TV,9,0.538089,0.192259
A00008552,Product 8552,Music,9,0.468559,0.197141
A00008550,Product 8550,Movies & TV,9,0.570410,0.192181
A00009280,Product 9280,Movies & TV,9,0.282408,0.196986
A00006311,Product 6311,Books,9,0.104703,0.189224
A00005504,Product 5504,Books,9,0.269810,0.194821
A00006099,Product 6099,Books,9,0.549787,0.189839
A00000735,Product 735,Movies & TV,9,0.184994,0.191215
A00009093,Product 9093,Electronics,9,0.685753,0.193982
A00004950,Product 4950,Clothing,9,0.149341,0.193745
A00009766,Product 9766,Clothing,9,0.958123,0.191266
A00000934,Product 934,Music,9,0.476088,0.192019
A00008985,Product 8985,Books,9,0.478338,0.190966
A00007841,Product 7841,Movies & TV,9,0.697536,0.196657
A00001620,Product 1620,Movies & TV,9,0.845258,0.188096
A00005034,Product 5034,Electronics,9,0.739751,0.191541
A00004563,Product 4563,Clothing,9,0.769353,0.189551
A00000857,Product 857,Clothing,9,0.847830,0.194344
A00006261,Product 6261,Electronics,9,0.560915,0.193322
A00001507,Product 1507,Movies & TV,9,0.580739,0.191691
A00005283,Product 5283,Movies & TV,9,0.553784,0.192570
A00004449,Product 4449,Movies & TV,9,0.730953,0.196032
A00008817,Product 8817,Movies & TV,9,0.866075,0.195637
A00008479,Product 8479,Clothing,9,0.376217,0.197359
A00007008,Product 7008,Movies & TV,9,0.652118,0.195748
A00007393,Product 7393,Music,9,0.943988,0.192296
A00006820,Product 6820,Electronics,9,0.159715,0.199302
A00003800,Product 3800,Clothing,9,0.478332,0.193591
A00000492,Product 492,Electronics,9,0.545089,0.192507
A00000409,Product 409,Electronics,9,0.429699,0.190628
A00001898,Product 1898,Books,9,0.359396,0.197949
A00008448,Product 8448,Clothing,9,0.440536,0.195874
A00003740,Product 3740,Electronics,9,0.829731,0.193854
A00008151,Product 8151,Movies & TV,9,0.706485,0.190164
A00005663,Product 5663,Music,9,0.859542,0.195095
A00009840,Product 9840,Books,9,0.896314,0.195526
A00009516,Product 9516,Clothing,9,0.652126,0.196067
A00000088,Product 88,Movies & TV,9,0.679951,0.193888
A00004423,Product 4423,Clothing,9,0.138062,0.194031
A00004389,Product 4389,Electronics,9,0.018882,0.194431
A00005797,Product 5797,Music,9,0.691869,0.194700
A00002481,Product 2481,Books,9,0.713554,0.191471
A00009791,Product 9791,Electronics,9,0.254239,0.188689
A00007941,Product 7941,Music,9,0.605399,0.194931
A00005912,Product 5912,Clothing,9,0.723158,0.192093
A00005704,Product 5704,Electronics,9,0.531574,0.194912
A00006872,Product 6872,Books,9,0.406509,0.190475
A00004398,Product 4398,Music,9,0.805420,0.193899
A00009210,Product 9210,Music,9,0.919869,0.193262
A00002229,Product 2229,Books,9,0.799097,0.196486
A00003377,Product 3377,Music,9,0.900271,0.196626
A00002200,Product 2200,Clothing,9,0.470480,0.193760
A00006650,Product 6650,Books,9,0.504294,0.197063
A00002648,Product 2648,Music,9,0.718804,0.191975
A00003379,Product 3379,Clothing,9,0.365807,0.190552
A00005861,Product 5861,Books,9,0.524650,0.191090
A00001895,Product 1895,Electronics,9,0.480081,0.193832
A00007214,Product 7214,Books,9,0.682357,0.191109
A00009165,Product 9165,Clothing,9,0.913434,0.192411
A00004393,Product 4393,Music,9,0.537994,0.191739
A00009929,Product 9929,Clothing,9,0.132579,0.192203
A00000811,Product 811,Movies & TV,9,0.323037,0.196742
A00007130,Product 7130,Books,9,0.438086,0.193232
A00000983,Product 983,Movies & TV,9,0.612106,0.196336
A00003306,Product 3306,Movies & TV,9,0.700605,0.189803
A00008980,Product 8980,Movies & TV,9,0.629935,0.193937
A00009323,Product 9323,Electronics,9,0.800292,0.191757
A00000944,Product 944,Music,9,0.447363,0.192477
A00005714,Product 5714,Clothing,9,0.351370,0.193356
A00000060,Product 60,Electronics,9,0.785326,0.190992
A00006219,Product 6219,Music,9,0.835939,0.195057
A00005627,Product 5627,Movies & TV,9,0.398176,0.194197
A00004912,Product 4912,Music,9,0.498618,0.193591
A00007237,Product 7237,Books,9,0.197150,0.195446
A00005592,Product 5592,Movies & TV,9,0.972407,0.197060
A00007754,Product 7754,Books,9,0.414383,0.189558
A00008251,Product 8251,Clothing,9,0.666438,0.192559
A00002473,Product 2473,Books,9,0.229836,0.189465
A00006955,Product 6955,Electronics,9,0.617612,0.195990
A00006167,Product 6167,Movies & TV,9,0.031509,0.196633
A00008752,Product 8752,Books,9,0.067016,0.194798
A00002006,Product 2006,Music,9,0.409574,0.195335
A00000423,Product 423,Electronics,9,0.318226,0.195137
A00001488,Product 1488,Movies & TV,9,0.160388,0.194336
A00002023,Product 2023,Books,9,0.938502,0.194386
A00002127,Product 2127,Clothing,9,0.066451,0.190923
A00005473,Product 5473,Music,9,0.386010,0.194889
A00002789,Product 2789,Movies & TV,9,0.062933,0.192433
A00005174,Product 5174,Movies & TV,9,0.529288,0.191754
A00009600,Product 9600,Books,9,0.458248,0.196244
A00005726,Product 5726,Movies & TV,9,0.181673,0.192592
A00009974,Product 9974,Movies & TV,9,0.824251,0.195358
A00008455,Product 8455,Books,9,0.457814,0.194235
A00004984,Product 4984,Clothing,9,0.978225,0.193487
A00004019,Product 4019,Clothing,9,0.909555,0.194575
A00001555,Product 1555,Electronics,9,0.215030,0.193415
A00001775,Product 1775,Movies & TV,9,0.221320,0.193348
A00005973,Product 5973,Clothing,9,0.142257,0.191750
A00001749,Product 1749,Clothing,9,0.593540,0.195683
A00005603,Product 5603,Books,9,0.033735,0.194518
A00003509,Product 3509,Books,9,0.921715,0.189601
A00005240,Product 5240,Music,9,0.435589,0.193434
A00002190,Product 2190,Books,9,0.069556,0.199489
A00001684,Product 1684,Clothing,9,0.155853,0.190773
A00005510,Product 5510,Books,9,0.667412,0.192548
A00002688,Product 2688,Music,9,0.710807,0.196028
A00004037,Product 4037,Clothing,9,0.161633,0.191434
A00008102,Product 8102,Clothing,9,0.726601,0.196309
A00006002,Product 6002,Clothing,9,0.016617,0.194378
A00008885,Product 8885,Music,9,0.934524,0.194935
A00002179,Product 2179,Music,9,0.706662,0.197328
A00003533,Product 3533,Electronics,9,0.912907,0.195423
A00006550,Product 6550,Movies & TV,9,0.679160,0.196155
A00006430,Product 6430,Movies & TV,9,0.408986,0.196715
A00001776,Product 1776,Electronics,9,0.185781,0.192782
A00000263,Product 263,Books,9,0.537954,0.194310
A00007063,Product 7063,Books,9,0.824184,0.194016
A00000450,Product 450,Electronics,9,0.948791,0.191211
A00006971,Product 6971,Movies & TV,9,0.205013,0.193438
A00001590,Product 1590,Movies & TV,9,0.331415,0.189189
A00001765,Product 1765,Clothing,9,0.408209,0.192433
A00007484,Product 7484,Electronics,9,0.859645,0.190023
A00002052,Product 2052,Music,9,0.702302,0.196197
A00006628,Product 6628,Music,9,0.365954,0.198420
A00002602,Product 2602,Electronics,9,0.237413,0.197332
A00001021,Product 1021,Clothing,9,0.375107,0.193438
A00006319,Product 6319,Movies & TV,9,0.864543,0.193266
A00002995,Product 2995,Movies & TV,9,0.808825,0.196599
A00007770,Product 7770,Movies & TV,9,0.787123,0.186163
A00006010,Product 6010,Books,9,0.214136,0.188821
A00004333,Product 4333,Movies & TV,9,0.545754,0.192174
A00005495,Product 5495,Music,9,0.887849,0.192115
A00009739,Product 9739,Music,9,0.533565,0.189056
A00008008,Product 8008,Clothing,9,0.822711,0.199044
A00009247,Product 9247,Movies & TV,9,0.223742,0.192477
A00008944,Product 8944,Clothing,9,0.407012,0.194544
A00004345,Product 4345,Music,9,0.213054,0.192492
A00001428,Product 1428,Music,9,0.598527,0.190533
A00005017,Product 5017,Music,9,0.085083,0.195068
A00001840,Product 1840,Music,9,0.973501,0.191420
A00003287,Product 3287,Music,9,0.447237,0.196378
A00002680,Product 2680,Clothing,9,0.045774,0.189504
A00007058,Product 7058,Clothing,9,0.360434,0.189003
A00001015,Product 1015,Movies & TV,9,0.591290,0.196986
A00002152,Product 2152,Movies & TV,9,0.227889,0.192000
A00009821,Product 9821,Books,9,0.833160,0.198511
A00002018,Product 2018,Books,9,0.699133,0.193117
A00008810,Product 8810,Movies & TV,9,0.434594,0.194393
A00008952,Product 8952,Electronics,9,0.688407,0.196575
A00002815,Product 2815,Music,9,0.040982,0.192533
A00006282,Product 6282,Electronics,9,0.051625,0.194382
A00003208,Product 3208,Books,9,0.108291,0.189918
A00006916,Product 6916,Music,9,0.241416,0.194084
A00000621,Product 621,Movies & TV,9,0.091829,0.193288
A00003685,Product 3685,Electronics,9,0.213953,0.192730
A00002598,Product 2598,Clothing,9,0.855547,0.194821
A00009996,Product 9996,Clothing,9,0.071162,0.191717
A00007253,Product 7253,Clothing,9,0.313766,0.190037
A00006685,Product 6685,Music,9,0.489719,0.195717
A00005309,Product 5309,Electronics,9,0.248903,0.192945
A00001086,Product 1086,Books,9,0.307004,0.188696
A00000233,Product 233,Music,9,0.094262,0.197421
A00001723,Product 1723,Electronics,9,0.852474,0.195848
A00005067,Product 5067,Music,9,0.471561,0.192507
A00005759,Product 5759,Movies & TV,9,0.187806,0.192281
A00002963,Product 2963,Movies & TV,9,0.034398,0.191581
A00005241,Product 5241,Books,9,0.245677,0.191270
A00009049,Product 9049,Books,9,0.403236,0.191365
A00005205,Product 5205,Books,9,0.230176,0.193176
A00004688,Product 4688,Electronics,9,0.779913,0.193715
A00004259,Product 4259,Movies & TV,9,0.845889,0.189608
A00000210,Product 210,Music,9,0.569052,0.191975
A00000436,Product 436,Music,9,0.115396,0.193184
A00000192,Product 192,Clothing,9,0.079770,0.193427
A00006547,Product 6547,Movies & TV,9,0.702571,0.193986
A00006475,Product 6475,Music,9,0.396580,0.190853
A00001573,Product 1573,Clothing,9,0.149138,0.194238
A00001814,Product 1814,Electronics,9,0.176162,0.194012
A00002740,Product 2740,Clothing,9,0.945452,0.194605
A00003197,Product 3197,Clothing,9,0.031407,0.189515
A00005287,Product 5287,Books,9,0.170351,0.194178
A00001575,Product 1575,Music,9,0.772490,0.191010
A00009294,Product 9294,Movies & TV,8,0.248629,0.194650
A00004376,Product 4376,Clothing,8,0.733859,0.189257
A00007773,Product 7773,Music,8,0.084707,0.191486
A00001083,Product 1083,Clothing,8,0.621196,0.187785
A00000275,Product 275,Music,8,0.959848,0.188646
A00008224,Product 8224,Movies & TV,8,0.363006,0.191185
A00005272,Product 5272,Electronics,8,0.139519,0.189182
A00002104,Product 2104,Music,8,0.839612,0.191160
A00007943,Product 7943,Books,8,0.442551,0.188231
A00004379,Product 4379,Clothing,8,0.881551,0.191746
A00008974,Product 8974,Music,8,0.114136,0.190048
A00004199,Product 4199,Movies & TV,8,0.404394,0.192012
A00000357,Product 357,Books,8,0.156459,0.193009
A00008456,Product 8456,Electronics,8,0.793896,0.183761
A00002457,Product 2457,Clothing,8,0.056594,0.189940
A00004764,Product 4764,Music,8,0.169283,0.186852
A00005810,Product 5810,Movies & TV,8,0.297127,0.189504
A00004066,Product 4066,Clothing,8,0.958719,0.187669
A00005233,Product 5233,Movies & TV,8,0.046963,0.189922
A00001686,Product 1686,Movies & TV,8,0.489654,0.190915
A00002954,Product 2954,Clothing,8,0.990204,0.192041
A00000376,Product 376,Movies & TV,8,0.030954,0.186208
A00002248,Product 2248,Electronics,8,0.243218,0.191171
A00000788,Product 788,Movies & TV,8,0.197197,0.192711
A00003798,Product 3798,Movies & TV,8,0.139343,0.188252
A00005528,Product 5528,Music,8,0.032444,0.189501
A00009492,Product 9492,Clothing,8,0.256121,0.188362
A00004404,Product 4404,Music,8,0.658809,0.194159
A00000012,Product 12,Books,8,0.635497,0.193102
A00005769,Product 5769,Electronics,8,0.557064,0.186569
A00009273,Product 9273,Electronics,8,0.637006,0.189842
A00009681,Product 9681,Electronics,8,0.850897,0.188344
A00003817,Product 3817,Electronics,8,0.662920,0.191647
A00002491,Product 2491,Music,8,0.796192,0.190864
A00009276,Product 9276,Books,8,0.222218,0.189965
A00004977,Product 4977,Electronics,8,0.463909,0.186028
A00005835,Product 5835,Clothing,8,0.125594,0.191211
A00002871,Product 2871,Electronics,8,0.320948,0.190941
A00008540,Product 8540,Clothing,8,0.505090,0.189781
A00006687,Product 6687,Electronics,8,0.881680,0.189146
A00004060,Product 4060,Books,8,0.600462,0.187363
A00006327,Product 6327,Movies & TV,8,0.028787,0.189896
A00002257,Product 2257,Electronics,8,0.619707,0.189716
A00002367,Product 2367,Electronics,8,0.590428,0.192908
A00002094,Product 2094,Movies & TV,8,0.376842,0.189357
A00005171,Product 5171,Books,8,0.755035,0.195259
A00005391,Product 5391,Movies & TV,8,0.923544,0.192255
A00001640,Product 1640,Books,8,0.411474,0.190113
A00007854,Product 7854,Movies & TV,8,0.175861,0.191087
A00000102,Product 102,Books,8,0.623622,0.191787
A00001489,Product 1489,Clothing,8,0.039164,0.192429
A00003032,Product 3032,Music,8,0.782209,0.194613
A00009385,Product 9385,Music,8,0.962109,0.188996
A00009261,Product 9261,Music,8,0.049251,0.191559
A00007128,Product 7128,Music,8,0.085395,0.191153
A00002082,Product 2082,Clothing,8,0.846961,0.192611
A00003917,Product 3917,Clothing,8,0.527601,0.188330
A00007572,Product 7572,Music,8,0.521212,0.191390
A00004970,Product 4970,Clothing,8,0.455472,0.187880
A00006573,Product 6573,Electronics,8,0.927957,0.188635
A00006808,Product 6808,Movies & TV,8,0.398611,0.188008
A00007778,Product 7778,Movies & TV,8,0.417392,0.191713
A00008120,Product 8120,Movies & TV,8,0.486232,0.193798
A00002878,Product 2878,Clothing,8,0.796854,0.189954
A00001560,Product 1560,Clothing,8,0.754566,0.190559
A00006561,Product 6561,Electronics,8,0.668638,0.195392
A00009142,Product 9142,Clothing,8,0.651239,0.191673
A00006300,Product 6300,Music,8,0.117941,0.189904
A00008573,Product 8573,Music,8,0.141183,0.197965
A00004158,Product 4158,Electronics,8,0.912928,0.185848
A00009172,Product 9172,Books,8,0.465463,0.187458
A00008753,Product 8753,Electronics,8,0.690818,0.193438
A00003655,Product 3655,Music,8,0.412770,0.189242
A00007516,Product 7516,Books,8,0.038515,0.186929
A00009209,Product 9209,Books,8,0.734562,0.191423
A00005129,Product 5129,Books,8,0.799413,0.188835
A00007882,Product 7882,Movies & TV,8,0.060042,0.190334
A00001598,Product 1598,Music,8,0.110890,0.192059
A00008887,Product 8887,Books,8,0.292243,0.195480
A00008940,Product 8940,Books,8,0.418733,0.190573
A00003402,Product 3402,Books,8,0.100177,0.193719
A00008339,Product 8339,Books,8,0.148761,0.189799
A00002992,Product 2992,Clothing,8,0.758342,0.192626
A00003629,Product 3629,Music,8,0.965364,0.187521
A00008268,Product 8268,Electronics,8,0.019434,0.188068
A00000159,Product 159,Electronics,8,0.631117,0.192041
A00008677,Product 8677,Books,8,0.223968,0.196174
A00009111,Product 9111,Electronics,8,0.893414,0.189857
A00009277,Product 9277,Music,8,0.248109,0.193173
A00003007,Product 3007,Music,8,0.860054,0.189727
A00006299,Product 6299,Electronics,8,0.295247,0.185827
A00005075,Product 5075,Movies & TV,8,0.847365,0.190240
A00007618,Product 7618,Clothing,8,0.824728,0.188390
A00009449,Product 9449,Movies & TV,8,0.868223,0.192986
A00006863,Product 6863,Electronics,8,0.801740,0.187230
A00007776,Product 7776,Electronics,8,0.506406,0.188472
A00002192,Product 2192,Movies & TV,8,0.567932,0.189713
A00004054,Product 4054,Electronics,8,0.139389,0.189504
A00000776,Product 776,Movies & TV,8,0.471593,0.187962
A00007136,Product 7136,Music,8,0.655830,0.191581
A00008923,Product 8923,Movies & TV,8,0.825956,0.193146
A00008607,Product 8607,Movies & TV,8,0.726981,0.189587
A00002875,Product 2875,Clothing,8,0.857741,0.194476
A00005593,Product 5593,Music,8,0.490334,0.192912
A00008740,Product 8740,Books,8,0.532350,0.189042
A00005455,Product 5455,Electronics,8,0.786159,0.189318
A00000128,Product 128,Movies & TV,8,0.778735,0.191354
A00009094,Product 9094,Electronics,8,0.391782,0.188781
A00008918,Product 8918,Clothing,8,0.059159,0.188390
A00001859,Product 1859,Movies & TV,8,0.369159,0.187743
A00001961,Product 1961,Movies & TV,8,0.976124,0.190639
A00006594,Product 6594,Books,8,0.917493,0.186125
A00000068,Product 68,Electronics,8,0.344865,0.192837
A00003937,Product 3937,Clothing,8,0.591037,0.188789
A00002030,Product 2030,Clothing,8,0.006202,0.194412
A00003014,Product 3014,Books,8,0.833717,0.185342
A00000311,Product 311,Clothing,8,0.451131,0.192167
A00008017,Product 8017,Books,8,0.934133,0.188263
A00005531,Product 5531,Music,8,0.803442,0.196340
A00004648,Product 4648,Movies & TV,8,0.466071,0.192548
A00006085,Product 6085,Music,8,0.416030,0.191017
A00009867,Product 9867,Books,8,0.610948,0.190799
A00003116,Product 3116,Books,8,0.616235,0.190461
A00009024,Product 9024,Music,8,0.140148,0.193285
A00009683,Product 9683,Movies & TV,8,0.452088,0.193341
A00007467,Product 7467,Electronics,8,0.992446,0.192056
A00007116,Product 7116,Books,8,0.384725,0.193719
A00001667,Product 1667,Movies & TV,8,0.243176,0.187468
A00008302,Product 8302,Music,8,0.719514,0.189038
A00002636,Product 2636,Clothing,8,0.747579,0.193693
A00002833,Product 2833,Books,8,0.655952,0.187097
A00008274,Product 8274,Clothing,8,0.829855,0.188721
A00007299,Product 7299,Clothing,8,0.316707,0.194465
A00000167,Product 167,Movies & TV,8,0.420612,0.194469
A00002527,Product 2527,Clothing,8,0.638295,0.189465
A00009817,Product 9817,Clothing,8,0.607875,0.190374
A00005373,Product 5373,Books,8,0.314110,0.195526
A00004374,Product 4374,Clothing,8,0.270635,0.185990
A00003170,Product 3170,Movies & TV,8,0.026211,0.189662
A00000462,Product 462,Clothing,8,0.552711,0.190974
A00000751,Product 751,Movies & TV,8,0.540761,0.190240
A00006992,Product 6992,Movies & TV,8,0.942804,0.192822
A00004791,Product 4791,Music,8,0.570570,0.189519
A00005825,Product 5825,Books,8,0.235744,0.193247
A00002222,Product 2222,Electronics,8,0.610547,0.192192
A00004549,Product 4549,Music,8,0.252160,0.189565
A00006260,Product 6260,Music,8,0.138822,0.191240
A00001661,Product 1661,Movies & TV,8,0.979306,0.194186
A00002570,Product 2570,Music,8,0.419310,0.188835
A00000860,Product 860,Electronics,8,0.718291,0.192837
A00006800,Product 6800,Electronics,8,0.145724,0.188436
A00008027,Product 8027,Music,8,0.491456,0.191142
A00002861,Product 2861,Clothing,8,0.015981,0.192692
A00008003,Product 8003,Movies & TV,8,0.077321,0.188071
A00001755,Product 1755,Electronics,8,0.464218,0.187778
A00002692,Product 2692,Clothing,8,0.835905,0.191964
A00005496,Product 5496,Music,8,0.118829,0.191207
A00006766,Product 6766,Clothing,8,0.458866,0.192348
A00006938,Product 6938,Music,8,0.727228,0.194920
A00008722,Product 8722,Movies & TV,8,0.271700,0.190142
A00008581,Product 8581,Clothing,8,0.326953,0.189458
A00003651,Product 3651,Books,8,0.464834,0.191989
A00005556,Product 5556,Clothing,8,0.079593,0.193659
A00003440,Product 3440,Music,8,0.878605,0.194231
A00004361,Product 4361,Music,8,0.789136,0.186063
A00007111,Product 7111,Music,8,0.338596,0.191032
A00002936,Product 2936,Music,8,0.319352,0.191295
A00005372,Product 5372,Clothing,8,0.682593,0.193449
A00005339,Product 5339,Books,8,0.467185,0.188988
A00009084,Product 9084,Electronics,8,0.536827,0.189634
A00003774,Product 3774,Books,8,0.023471,0.186953
A00006045,Product 6045,Electronics,8,0.332382,0.187426
A00000678,Product 678,Electronics,8,0.117280,0.190530
A00003852,Product 3852,Music,8,0.879123,0.189569
A00008560,Product 8560,Clothing,8,0.798978,0.189652
A00000308,Product 308,Electronics,8,0.741653,0.190679
A00009529,Product 9529,Electronics,8,0.109199,0.190240
A00002492,Product 2492,Clothing,8,0.042661,0.197503
A00008227,Product 8227,Clothing,8,0.187573,0.191945
A00008697,Product 8697,Music,8,0.560864,0.188735
A00005800,Product 5800,Electronics,8,0.203680,0.193798
A00002019,Product 2019,Clothing,8,0.939303,0.195156
A00003895,Product 3895,Clothing,8,0.946031,0.187697
A00005807,Product 5807,Books,8,0.396608,0.189652
A00005263,Product 5263,Music,8,0.233497,0.188860
A00004621,Product 4621,Movies & TV,8,0.904224,0.187247
A00003392,Product 3392,Clothing,8,0.709101,0.190526
A00009701,Product 9701,Music,8,0.196156,0.193873
A00005364,Product 5364,Electronics,8,0.138671,0.190508
A00003348,Product 3348,Movies & TV,8,0.209613,0.191574
A00005011,Product 5011,Music,8,0.768364,0.188068
A00007729,Product 7729,Movies & TV,8,0.988082,0.194280
A00009321,Product 9321,Movies & TV,8,0.384070,0.187898
A00004438,Product 4438,Books,8,0.103351,0.191200
A00006795,Product 6795,Clothing,8,0.448478,0.193520
A00002611,Product 2611,Clothing,8,0.732732,0.187789
A00007808,Product 7808,Books,8,0.213827,0.191120
A00002576,Product 2576,Movies & TV,8,0.196599,0.195400
A00004448,Product 4448,Books,8,0.753438,0.192403
A00001997,Product 1997,Music,8,0.811188,0.187083
A00006103,Product 6103,Electronics,8,0.570628,0.192240
A00004433,Product 4433,Music,8,0.473945,0.191335
A00004381,Product 4381,Clothing,8,0.715303,0.192629
A00009478,Product 9478,Clothing,8,0.709489,0.188828
A00009719,Product 9719,Books,8,0.688573,0.188429
A00003376,Product 3376,Clothing,8,0.591373,0.194840
A00003678,Product 3678,Music,8,0.096921,0.188107
A00005167,Product 5167,Clothing,8,0.698256,0.191577
A00000829,Product 829,Books,8,0.322358,0.192678
A00009033,Product 9033,Electronics,8,0.022300,0.190934
A00000064,Product 64,Books,8,0.483265,0.190435
A00000876,Product 876,Clothing,8,0.365960,0.189400
A00005149,Product 5149,Movies & TV,8,0.297779,0.192399
A00003841,Product 3841,Movies & TV,8,0.651930,0.192588
A00002423,Product 2423,Clothing,8,0.319841,0.195469
A00003318,Product 3318,Clothing,8,0.556921,0.193117
A00005408,Product 5408,Electronics,8,0.732560,0.183152
A00007711,Product 7711,Clothing,8,0.786141,0.191182
A00005737,Product 5737,Music,8,0.223082,0.188365
A00009958,Product 9958,Electronics,8,0.239513,0.196290
A00001623,Product 1623,Music,8,0.283279,0.193655
A00004812,Product 4812,Clothing,8,0.826333,0.190842
A00008660,Product 8660,Clothing,8,0.671549,0.194159
A00007246,Product 7246,Music,8,0.627033,0.190872
A00001752,Product 1752,Music,8,0.358672,0.190715
A00008694,Product 8694,Electronics,8,0.669498,0.192411
A00001731,Product 1731,Books,8,0.291978,0.190446
A00006189,Product 6189,Clothing,8,0.915677,0.191688
A00006504,Product 6504,Books,8,0.223985,0.188263
A00006866,Product 6866,Books,8,0.740697,0.190247
A00008960,Product 8960,Music,8,0.866002,0.192322
A00002315,Product 2315,Electronics,8,0.745607,0.187090
A00007024,Product 7024,Clothing,8,0.674641,0.189300
A00008104,Product 8104,Clothing,8,0.459837,0.191489
A00000294,Product 294,Music,8,0.459900,0.189659
A00003236,Product 3236,Clothing,8,0.801680,0.192093
A00005243,Product 5243,Movies & TV,8,0.124630,0.193576
A00001748,Product 1748,Books,8,0.055194,0.190016
A00003212,Product 3212,Books,8,0.685269,0.196032
A00004052,Product 4052,Music,8,0.664436,0.191229
A00007134,Product 7134,Electronics,8,0.867668,0.187570
A00005688,Product 5688,Clothing,8,0.905830,0.189648
A00002738,Product 2738,Movies & TV,8,0.543506,0.193404
A00006559,Product 6559,Books,8,0.267847,0.190388
A00003703,Product 3703,Music,8,0.361767,0.192119
A00000952,Product 952,Electronics,8,0.248667,0.196525
A00004257,Product 4257,Movies & TV,8,0.554191,0.193562
A00003746,Product 3746,Books,8,0.081571,0.187475
A00004136,Product 4136,Electronics,8,0.085137,0.187069
A00001023,Product 1023,Books,8,0.147098,0.195163
A00005758,Product 5758,Movies & TV,8,0.871750,0.195507
A00000008,Product 8,Music,8,0.239942,0.189142
A00002796,Product 2796,Music,8,0.730693,0.190287
A00009378,Product 9378,Movies & TV,8,0.785875,0.187620
A00006284,Product 6284,Electronics,8,0.976113,0.191993
A00006846,Product 6846,Books,8,0.279204,0.190999
A00001911,Product 1911,Books,8,0.173050,0.187764
A00006873,Product 6873,Books,8,0.061109,0.186918
A00005222,Product 5222,Music,8,0.999980,0.189199
A00007502,Product 7502,Electronics,8,0.895658,0.190330
A00006900,Product 6900,Movies & TV,8,0.350540,0.184347
A00004155,Product 4155,Clothing,8,0.043233,0.193700
A00003792,Product 3792,Clothing,8,0.817671,0.195568
A00008761,Product 8761,Clothing,8,0.726567,0.189267
A00006871,Product 6871,Music,8,0.251453,0.192359
A00002613,Product 2613,Movies & TV,8,0.782341,0.194223
A00000606,Product 606,Clothing,8,0.759821,0.188022
A00003756,Product 3756,Movies & TV,8,0.074699,0.188821
A00008934,Product 8934,Electronics,8,0.825011,0.190392
A00005686,Product 5686,Electronics,8,0.800477,0.191684
A00001056,Product 1056,Books,8,0.508700,0.195259
A00005630,Product 5630,Electronics,8,0.791012,0.192956
A00008991,Product 8991,Clothing,8,0.127423,0.192030
A00001717,Product 1717,Electronics,8,0.381752,0.185407
A00008757,Product 8757,Clothing,8,0.705765,0.185393
A00005104,Product 5104,Clothing,8,0.187393,0.187125
A00003745,Product 3745,Books,8,0.888438,0.193430
A00007996,Product 7996,Movies & TV,8,0.324562,0.189221
A00005874,Product 5874,Clothing,8,0.828022,0.188863
A00000066,Product 66,Books,8,0.086101,0.191489
A00001704,Product 1704,Books,8,0.898266,0.188867
A00003453,Product 3453,Music,8,0.451169,0.194586
A00008811,Product 8811,Books,8,0.176352,0.197106
A00001951,Product 1951,Books,8,0.004661,0.188454
A00001487,Product 1487,Electronics,8,0.934960,0.191743
A00005909,Product 5909,Music,8,0.980996,0.191846
A00007858,Product 7858,Electronics,8,0.865648,0.190591
A00009814,Product 9814,Movies & TV,8,0.894128,0.187282
A00003010,Product 3010,Clothing,8,0.811314,0.188082
A00001572,Product 1572,Clothing,8,0.333182,0.188742
A00007022,Product 7022,Books,8,0.523546,0.187785
A00005028,Product 5028,Clothing,8,0.377929,0.191724
A00004399,Product 4399,Electronics,8,0.213257,0.189911
A00002520,Product 2520,Books,8,0.708274,0.192178
A00005699,Product 5699,Movies & TV,8,0.978615,0.190034
A00004330,Product 4330,Movies & TV,8,0.698935,0.191651
A00009483,Product 9483,Books,8,0.169568,0.197523
A00002572,Product 2572,Electronics,8,0.129443,0.193341
A00009155,Product 9155,Music,8,0.412762,0.192481
A00007750,Product 7750,Books,8,0.363282,0.194140
A00007674,Product 7674,Clothing,8,0.765806,0.186674
A00009439,Product 9439,Movies & TV,8,0.401808,0.193191
A00002284,Product 2284,Electronics,8,0.950253,0.188803
A00002812,Product 2812,Music,8,0.622008,0.190385
A00002526,Product 2526,Clothing,8,0.860576,0.189475
A00009345,Product 9345,Music,8,0.425868,0.190533
A00007310,Product 7310,Movies & TV,8,0.845886,0.189078
A00001244,Product 1244,Music,8,0.899584,0.196174
A00006577,Product 6577,Clothing,8,0.199057,0.191134
A00004776,Product 4776,Music,8,0.276399,0.192141
A00007960,Product 7960,Movies & TV,8,0.768082,0.189698
A00007863,Product 7863,Clothing,8,0.737281,0.191229
A00004697,Product 4697,Electronics,8,0.765092,0.192945
A00005731,Product 5731,Movies & TV,8,0.118325,0.190537
A00008827,Product 8827,Books,8,0.439154,0.188710
A00000333,Product 333,Clothing,8,0.050491,0.190348
A00000315,Product 315,Music,8,0.195424,0.190366
A00000851,Product 851,Clothing,8,0.908652,0.186890
A00003363,Product 3363,Books,8,0.302907,0.195702
A00002174,Product 2174,Clothing,8,0.567890,0.189343
A00006186,Product 6186,Music,8,0.519040,0.193839
A00007734,Product 7734,Movies & TV,8,0.147154,0.186087
A00002832,Product 2832,Clothing,8,0.780803,0.189425
A00003621,Product 3621,Music,8,0.587970,0.192399
A00007637,Product 7637,Electronics,8,0.774344,0.190893
A00007220,Product 7220,Clothing,8,0.047416,0.192451
A00003610,Product 3610,Music,8,0.331844,0.191783
A00002220,Product 2220,Electronics,8,0.988316,0.187962
A00008320,Product 8320,Electronics,8,0.691548,0.190835
A00000977,Product 977,Music,8,0.821702,0.195251
A00003457,Product 3457,Clothing,8,0.212152,0.187803
A00009948,Product 9948,Music,8,0.683584,0.193135
A00004391,Product 4391,Electronics,8,0.537197,0.188956
A00000365,Product 365,Movies & TV,8,0.864685,0.189702
A00008596,Product 8596,Books,8,0.847650,0.187156
A00005776,Product 5776,Movies & TV,8,0.044866,0.186114
A00003632,Product 3632,Books,8,0.079064,0.184504
A00005927,Product 5927,Music,8,0.580884,0.186375
A00001084,Product 1084,Movies & TV,8,0.956617,0.193236
A00002359,Product 2359,Music,8,0.023678,0.191460
A00007191,Product 7191,Music,8,0.740041,0.194106
A00002617,Product 2617,Music,8,0.693030,0.193502
A00004080,Product 4080,Clothing,8,0.610389,0.192763
A00008903,Product 8903,Clothing,8,0.935328,0.187149
A00008170,Product 8170,Clothing,8,0.997254,0.195011
A00005162,Product 5162,Clothing,8,0.234075,0.183438
A00003081,Product 3081,Electronics,8,0.004535,0.186646
A00001556,Product 1556,Movies & TV,8,0.316303,0.191438
A00007928,Product 7928,Clothing,8,0.174924,0.189096
A00006819,Product 6819,Clothing,8,0.497403,0.190930
A00001786,Product 1786,Clothing,8,0.535064,0.189081
A00000244,Product 244,Books,8,0.542857,0.188946
A00002809,Product 2809,Music,8,0.435113,0.190846
A00003834,Product 3834,Movies & TV,8,0.090670,0.186904
A00001395,Product 1395,Movies & TV,8,0.152002,0.188971
A00008498,Product 8498,Music,8,0.750224,0.192459
A00004739,Product 4739,Books,8,0.100120,0.190570
A00002205,Product 2205,Clothing,8,0.165421,0.186939
A00009650,Product 9650,Movies & TV,8,0.654182,0.194348
A00005544,Product 5544,Clothing,8,0.555449,0.186754
A00009591,Product 9591,Clothing,8,0.979409,0.186953
A00003582,Product 3582,Movies & TV,8,0.193681,0.189922
A00008314,Product 8314,Books,8,0.814685,0.195228
A00002370,Product 2370,Clothing,8,0.711232,0.190283
A00002679,Product 2679,Electronics,8,0.406054,0.190070
A00004525,Product 4525,Electronics,8,0.624430,0.190595
A00000160,Product 160,Music,8,0.435637,0.190566
A00003828,Product 3828,Books,8,0.547355,0.190095
A00006679,Product 6679,Music,8,0.198629,0.189731
A00008362,Product 8362,Books,8,0.211389,0.191809
A00002114,Product 2114,Music,8,0.531618,0.189217
A00009103,Product 9103,Electronics,8,0.847005,0.195392
A00001520,Product 1520,Books,8,0.569570,0.186695
A00002998,Product 2998,Electronics,8,0.157307,0.182754
A00000559,Product 559,Electronics,8,0.218897,0.195000
A00002884,Product 2884,Clothing,8,0.086809,0.190240
A00007343,Product 7343,Electronics,8,0.175493,0.184814
A00007795,Product 7795,Movies & TV,8,0.477073,0.193498
A00009860,Product 9860,Books,8,0.075725,0.191563
A00000140,Product 140,Books,8,0.156868,0.187296
A00008551,Product 8551,Books,8,0.574523,0.192200
A00002032,Product 2032,Books,8,0.007982,0.191570
A00001212,Product 1212,Music,8,0.978795,0.184753
A00009986,Product 9986,Books,8,0.791038,0.189637
A00003670,Product 3670,Movies & TV,8,0.335329,0.185441
A00008886,Product 8886,Electronics,8,0.005750,0.190762
A00001093,Product 1093,Clothing,8,0.686604,0.192852
A00007032,Product 7032,Electronics,8,0.347674,0.189189
A00005969,Product 5969,Music,8,0.167619,0.191695
A00000922,Product 922,Books,8,0.501736,0.193035
A00002041,Product 2041,Movies & TV,8,0.041257,0.188415
A00001983,Product 1983,Books,8,0.769874,0.194412
A00000742,Product 742,Electronics,8,0.616548,0.185191
A00003797,Product 3797,Books,8,0.738894,0.193367
A00005631,Product 5631,Electronics,8,0.576685,0.188181
A00003357,Product 3357,Music,8,0.914466,0.192255
A00002678,Product 2678,Books,8,0.477051,0.191438
A00006240,Product 6240,Movies & TV,8,0.299633,0.189846
A00002037,Product 2037,Clothing,8,0.534948,0.188664
A00003768,Product 3768,Movies & TV,8,0.381007,0.193869
A00005958,Product 5958,Electronics,8,0.669691,0.195156
A00000336,Product 336,Movies & TV,8,0.486066,0.185198
A00000184,Product 184,Electronics,8,0.396785,0.187398
A00006366,Product 6366,Electronics,8,0.652962,0.189648
A00004309,Product 4309,Music,8,0.651863,0.187658
A00001676,Product 1676,Movies & TV,8,0.692167,0.188760
A00006874,Product 6874,Movies & TV,8,0.896099,0.185827
A00009995,Product 9995,Movies & TV,8,0.503356,0.190821
A00007076,Product 7076,Music,8,0.239289,0.192785
A00005633,Product 5633,Music,8,0.334975,0.196780
A00003624,Product 3624,Books,8,0.831865,0.192685
A00002714,Product 2714,Movies & TV,8,0.854894,0.191453
A00006242,Product 6242,Clothing,8,0.436183,0.189868
A00004794,Product 4794,Movies & TV,8,0.959394,0.191153
A00009606,Product 9606,Movies & TV,8,0.526335,0.191185
A00005276,Product 5276,Electronics,8,0.123726,0.192577
A00003322,Product 3322,Music,8,0.671479,0.189695
A00001445,Product 1445,Electronics,8,0.854717,0.188305
A00006655,Product 6655,Clothing,8,0.098619,0.190883
A00002083,Product 2083,Electronics,8,0.167227,0.190424
A00007645,Product 7645,Music,8,0.113474,0.188828
A00004073,Product 4073,Music,8,0.610535,0.181421
A00003864,Product 3864,Electronics,8,0.611301,0.189117
A00007089,Product 7089,Music,8,0.246920,0.189752
A00002918,Product 2918,Music,8,0.975612,0.189954
A00005374,Product 5374,Clothing,8,0.427567,0.189969
A00002138,Product 2138,Clothing,8,0.259221,0.188280
A00008081,Product 8081,Movies & TV,8,0.072638,0.188490
A00009703,Product 9703,Books,8,0.894729,0.187009
A00001349,Product 1349,Clothing,8,0.920081,0.192648
A00001347,Product 1347,Books,8,0.982870,0.196402
A00001390,Product 1390,Music,8,0.220226,0.190428
A00009319,Product 9319,Movies & TV,8,0.361763,0.188963
A00003173,Product 3173,Electronics,8,0.042330,0.192629
A00001702,Product 1702,Clothing,8,0.356735,0.191504
A00008281,Product 8281,Movies & TV,8,0.347175,0.194855
A00005400,Product 5400,Clothing,8,0.594524,0.186163
A00007437,Product 7437,Music,8,0.588137,0.191237
A00003820,Product 3820,Movies & TV,8,0.667742,0.190686
A00001060,Product 1060,Books,8,0.857686,0.188821
A00002971,Product 2971,Movies & TV,8,0.973028,0.193629
A00005721,Product 5721,Electronics,8,0.243477,0.189508
A00007444,Product 7444,Clothing,8,0.632614,0.193401
A00000361,Product 361,Music,8,0.440039,0.192834
A00004509,Product 4509,Music,8,0.393730,0.190146
A00008361,Product 8361,Movies & TV,8,0.255309,0.194046
A00005498,Product 5498,Music,8,0.640059,0.193794
A00005091,Product 5091,Music,8,0.787559,0.191434
A00006096,Product 6096,Music,8,0.772712,0.186416
A00002281,Product 2281,Books,8,0.893050,0.187020
A00005752,Product 5752,Clothing,8,0.699801,0.188660
A00006779,Product 6779,Electronics,8,0.062795,0.189803
A00004215,Product 4215,Electronics,8,0.730380,0.193161
A00008096,Product 8096,Movies & TV,8,0.201005,0.189049
A00005144,Product 5144,Clothing,8,0.326608,0.189257
A00009608,Product 9608,Movies & TV,8,0.645794,0.192581
A00000884,Product 884,Books,8,0.243332,0.187258
A00005291,Product 5291,Music,8,0.238316,0.191519
A00004436,Product 4436,Clothing,8,0.892754,0.187778
A00004497,Product 4497,Electronics,8,0.266942,0.188515
A00006525,Product 6525,Music,8,0.121212,0.191409
A00004209,Product 4209,Books,8,0.160585,0.191508
A00003539,Product 3539,Books,8,0.469592,0.191706
A00006682,Product 6682,Clothing,8,0.903801,0.190207
A00005935,Product 5935,Books,8,0.659681,0.193490
A00003913,Product 3913,Music,8,0.219985,0.188015
A00009042,Product 9042,Music,8,0.871411,0.192119
A00003425,Product 3425,Electronics,8,0.506356,0.191927
A00009146,Product 9146,Movies & TV,8,0.122667,0.193378
A00000526,Product 526,Music,8,0.082242,0.194408
A00003771,Product 3771,Movies & TV,8,0.829253,0.194231
A00008254,Product 8254,Music,8,0.282733,0.188355
A00009917,Product 9917,Music,8,0.498374,0.190733
A00009387,Product 9387,Movies & TV,8,0.381619,0.190084
A00003520,Product 3520,Movies & TV,8,0.309278,0.191270
A00009127,Product 9127,Movies & TV,8,0.849463,0.192704
A00009692,Product 9692,Movies & TV,8,0.165968,0.190157
A00002700,Product 2700,Clothing,8,0.589204,0.192696
A00004461,Product 4461,Clothing,8,0.820078,0.193517
A00005781,Product 5781,Movies & TV,8,0.455371,0.188682
A00008566,Product 8566,Music,8,0.420870,0.189153
A00003123,Product 3123,Music,8,0.513459,0.191306
A00008367,Product 8367,Electronics,8,0.430543,0.190737
A00001180,Product 1180,Music,8,0.052080,0.191522
A00002771,Product 2771,Movies & TV,8,0.149990,0.192897
A00000553,Product 553,Music,8,0.436080,0.187824
A00001348,Product 1348,Books,8,0.978856,0.192585
A00001411,Product 1411,Clothing,8,0.611123,0.189271
A00001711,Product 1711,Books,8,0.195190,0.188259
A00006785,Product 6785,Movies & TV,8,0.724504,0.190048
A00001822,Product 1822,Books,8,0.343127,0.181860
A00004807,Product 4807,Clothing,8,0.688203,0.191956
A00000236,Product 236,Electronics,8,0.703689,0.192759
A00002214,Product 2214,Electronics,8,0.422477,0.192455
A00007271,Product 7271,Music,8,0.029124,0.190258
A00009271,Product 9271,Electronics,8,0.357232,0.191691
A00004873,Product 4873,Books,8,0.896152,0.195759
A00006404,Product 6404,Music,8,0.627968,0.191193
A00007194,Product 7194,Clothing,8,0.322212,0.189010
A00004272,Product 4272,Books,8,0.632676,0.191794
A00008907,Product 8907,Movies & TV,8,0.070988,0.193404
A00001562,Product 1562,Music,8,0.035870,0.185122
A00002618,Product 2618,Music,8,0.839993,0.191883
A00000578,Product 578,Movies & TV,8,0.078721,0.193180
A00005080,Product 5080,Electronics,8,0.449078,0.194662
A00008617,Product 8617,Electronics,8,0.505704,0.188960
A00003058,Product 3058,Clothing,8,0.861730,0.187916
A00006030,Product 6030,Clothing,8,0.185421,0.187641
A00005321,Product 5321,Electronics,8,0.631940,0.191673
A00003106,Product 3106,Electronics,8,0.137036,0.195285
A00004492,Product 4492,Clothing,8,0.990798,0.189943
A00004917,Product 4917,Music,8,0.172049,0.189796
A00006596,Product 6596,Books,8,0.689618,0.188992
A00004099,Product 4099,Movies & TV,8,0.359547,0.188575
A00006044,Product 6044,Music,8,0.649388,0.189587
A00002497,Product 2497,Movies & TV,8,0.501816,0.193173
A00001398,Product 1398,Music,8,0.388963,0.194140
A00000813,Product 813,Music,8,0.875508,0.193329
A00007503,Product 7503,Electronics,8,0.875689,0.190755
A00006978,Product 6978,Books,8,0.916386,0.189594
A00006160,Product 6160,Movies & TV,8,0.859273,0.194155
A00000657,Product 657,Electronics,8,0.849458,0.184913
A00002040,Product 2040,Movies & TV,8,0.421746,0.193884
A00005472,Product 5472,Electronics,8,0.724473,0.194855
A00009954,Product 9954,Clothing,8,0.347829,0.194484
A00002755,Product 2755,Clothing,8,0.378058,0.194912
A00002937,Product 2937,Books,8,0.447422,0.190861
A00000061,Product 61,Clothing,8,0.829866,0.192255
A00004364,Product 4364,Music,8,0.159595,0.190240
A00007895,Product 7895,Clothing,8,0.870195,0.195947
A00005256,Product 5256,Movies & TV,8,0.846958,0.192122
A00003325,Product 3325,Books,8,0.054359,0.192562
A00006403,Product 6403,Clothing,8,0.477263,0.186149
A00009540,Product 9540,Movies & TV,8,0.251113,0.194632
A00002539,Product 2539,Electronics,8,0.073032,0.186309
A00005791,Product 5791,Clothing,8,0.836425,0.192034
A00007774,Product 7774,Music,8,0.200889,0.191953
A00000790,Product 790,Electronics,8,0.008182,0.191761
A00007002,Product 7002,Movies & TV,8,0.353106,0.184958
A00002973,Product 2973,Clothing,8,0.157139,0.189461
A00000296,Product 296,Electronics,8,0.372517,0.193636
A00007410,Product 7410,Movies & TV,8,0.600793,0.191511
A00005076,Product 5076,Books,8,0.142264,0.193813
A00006778,Product 6778,Movies & TV,8,0.556745,0.191328
A00007720,Product 7720,Electronics,8,0.964048,0.186416
A00003855,Product 3855,Books,8,0.363541,0.189407
A00005949,Product 5949,Electronics,8,0.941847,0.192444
A00006004,Product 6004,Clothing,8,0.385080,0.189214
A00007260,Product 7260,Movies & TV,8,0.845866,0.190464
A00002631,Product 2631,Clothing,8,0.616248,0.195993
A00003879,Product 3879,Electronics,8,0.273391,0.187803
A00009587,Product 9587,Music,8,0.604276,0.189691
A00006589,Product 6589,Music,8,0.629822,0.191471
A00002612,Product 2612,Clothing,8,0.259652,0.190468
A00003112,Product 3112,Music,8,0.304656,0.189328
A00002134,Product 2134,Music,8,0.611758,0.187013
A00004022,Product 4022,Electronics,8,0.681379,0.190019
A00006243,Product 6243,Music,8,0.480746,0.191717
A00003643,Product 3643,Books,8,0.352106,0.188273
A00005771,Product 5771,Music,8,0.911511,0.190977
A00000732,Product 732,Clothing,8,0.241172,0.193240
A00006458,Product 6458,Movies & TV,8,0.101368,0.191614
A00002224,Product 2224,Clothing,8,0.914072,0.189601
A00005333,Product 5333,Movies & TV,8,0.427348,0.189756
A00000541,Product 541,Books,8,0.432045,0.193083
A00005732,Product 5732,Movies & TV,8,0.868268,0.191908
A00001116,Product 1116,Clothing,8,0.384857,0.187704
A00004240,Product 4240,Music,8,0.125394,0.191295
A00004616,Product 4616,Movies & TV,8,0.781920,0.189781
A00007254,Product 7254,Movies & TV,8,0.291165,0.192407
A00009775,Product 9775,Books,8,0.903637,0.187880
A00001959,Product 1959,Electronics,8,0.691846,0.182757
A00000825,Product 825,Electronics,8,0.755733,0.193135
A00008961,Product 8961,Books,8,0.063341,0.187683
A00008365,Product 8365,Books,8,0.215781,0.189465
A00005738,Product 5738,Books,8,0.684659,0.191577
A00007376,Product 7376,Movies & TV,8,0.054336,0.198621
A00006913,Product 6913,Electronics,8,0.110152,0.193854
A00008514,Product 8514,Music,8,0.853931,0.190421
A00008378,Product 8378,Music,8,0.274502,0.192366
A00008800,Product 8800,Electronics,8,0.058983,0.192971
A00002150,Product 2150,Books,8,0.608268,0.192462
A00004031,Product 4031,Books,8,0.761311,0.192808
A00008073,Product 8073,Music,8,0.279696,0.190338
A00008029,Product 8029,Music,8,0.038491,0.192503
A00000534,Product 534,Music,8,0.156731,0.192362
A00008792,Product 8792,Clothing,8,0.721006,0.189767
A00008183,Product 8183,Clothing,8,0.076356,0.188735
A00003952,Product 3952,Electronics,8,0.879991,0.189713
A00002508,Product 2508,Electronics,8,0.395085,0.188518
A00000457,Product 457,Electronics,8,0.325189,0.193663
A00000513,Product 513,Clothing,8,0.819061,0.187461
A00003596,Product 3596,Clothing,8,0.503394,0.192474
A00003831,Product 3831,Electronics,8,0.553793,0.191486
A00007105,Product 7105,Electronics,8,0.285745,0.189067
A00006639,Product 6639,Movies & TV,8,0.538680,0.189146
A00009067,Product 9067,Electronics,8,0.126069,0.180344
A00002455,Product 2455,Movies & TV,8,0.673610,0.190222
A00007756,Product 7756,Clothing,8,0.990138,0.192466
A00008828,Product 8828,Books,8,0.743195,0.192897
A00009545,Product 9545,Books,8,0.314100,0.189695
A00001692,Product 1692,Books,8,0.151011,0.190450
A00009157,Product 9157,Books,8,0.794727,0.190559
A00006670,Product 6670,Clothing,8,0.775614,0.191226
A00007155,Product 7155,Electronics,8,0.608301,0.189868
A00009471,Product 9471,Electronics,8,0.374454,0.194272
A00000451,Product 451,Clothing,8,0.537647,0.192248
A00005234,Product 5234,Music,8,0.965554,0.188497
A00000464,Product 464,Music,8,0.667524,0.189325
A00000558,Product 558,Electronics,8,0.855834,0.194125
A00008723,Product 8723,Music,8,0.148242,0.187188
A00000611,Product 611,Electronics,8,0.792152,0.189893
A00000329,Product 329,Movies & TV,8,0.433709,0.197017
A00006490,Product 6490,Music,8,0.583321,0.193558
A00000905,Product 905,Movies & TV,8,0.727284,0.189947
A00004137,Product 4137,Movies & TV,8,0.869908,0.190908
A00004216,Product 4216,Electronics,8,0.899742,0.189616
A00005500,Product 5500,Books,8,0.396380,0.189314
A00000501,Product 501,Clothing,8,0.078456,0.186201
A00005508,Product 5508,Electronics,8,0.761849,0.194174
A00009129,Product 9129,Books,8,0.569850,0.191805
A00004635,Product 4635,Electronics,8,0.775704,0.190066
A00005851,Product 5851,Electronics,8,0.875200,0.191233
A00000642,Product 642,Clothing,8,0.826668,0.192119
A00009931,Product 9931,Clothing,8,0.007137,0.190963
A00003028,Product 3028,Electronics,8,0.382751,0.186489
A00002933,Product 2933,Movies & TV,8,0.838932,0.191021
A00001758,Product 1758,Electronics,8,0.475478,0.190824
A00004540,Product 4540,Music,8,0.637174,0.193050
A00009351,Product 9351,Movies & TV,8,0.938158,0.195095
A00002747,Product 2747,Clothing,8,0.969226,0.187789
A00004868,Product 4868,Books,8,0.543855,0.190283
A00002672,Product 2672,Clothing,8,0.529497,0.191346
A00006585,Product 6585,Clothing,8,0.441915,0.193472
A00005264,Product 5264,Electronics,8,0.360028,0.189850
A00009241,Product 9241,Movies & TV,8,0.450894,0.189379
A00004581,Product 4581,Clothing,8,0.895716,0.193532
A00008111,Product 8111,Music,8,0.274664,0.192741
A00000157,Product 157,Music,8,0.143248,0.191471
A00000655,Product 655,Clothing,8,0.497598,0.189947
A00002640,Product 2640,Clothing,8,0.499786,0.188806
A00005838,Product 5838,Clothing,8,0.976874,0.195099
A00002096,Product 2096,Music,8,0.206239,0.186257
A00007786,Product 7786,Movies & TV,8,0.975348,0.191409
A00005802,Product 5802,Books,8,0.712403,0.186441
A00001544,Product 1544,Electronics,8,0.296211,0.191346
A00003308,Product 3308,Clothing,8,0.470841,0.189806
A00001682,Product 1682,Clothing,8,0.712409,0.193790
A00007826,Product 7826,Clothing,8,0.318501,0.192927
A00009263,Product 9263,Movies & TV,8,0.367267,0.193079
A00001118,Product 1118,Clothing,8,0.517714,0.187598
A00000338,Product 338,Movies & TV,8,0.922053,0.193378
A00003011,Product 3011,Movies & TV,8,0.686565,0.194370
A00004470,Product 4470,Books,8,0.382618,0.192503
A00000631,Product 631,Movies & TV,8,0.765823,0.193012
A00006798,Product 6798,Movies & TV,8,0.371403,0.188657
A00003364,Product 3364,Movies & TV,8,0.571309,0.186831
A00003409,Product 3409,Books,8,0.924823,0.192344
A00009496,Product 9496,Clothing,8,0.681277,0.192107
A00000582,Product 582,Clothing,8,0.100475,0.187177
A00002935,Product 2935,Clothing,8,0.725346,0.189121
A00009347,Product 9347,Books,8,0.466843,0.189724
A00005917,Product 5917,Clothing,8,0.969882,0.195568
A00004064,Product 4064,Movies & TV,8,0.795380,0.193457
A00005022,Product 5022,Books,8,0.445442,0.190959
A00007952,Product 7952,Clothing,8,0.312892,0.191761
A00000821,Product 821,Music,8,0.992886,0.189375
A00008721,Product 8721,Music,8,0.105247,0.192403
A00007283,Product 7283,Electronics,8,0.014435,0.192059
A00007782,Product 7782,Movies & TV,8,0.211350,0.194810
A00005397,Product 5397,Music,8,0.770425,0.190146
A00000834,Product 834,Electronics,8,0.387082,0.195610
A00003502,Product 3502,Movies & TV,8,0.195360,0.191699
A00003679,Product 3679,Books,8,0.958835,0.190052
A00000598,Product 598,Movies & TV,8,0.358149,0.189652
A00006616,Product 6616,Books,8,0.655515,0.194144
A00002605,Product 2605,Electronics,8,0.655381,0.194340
A00008835,Product 8835,Books,8,0.233750,0.187181
A00002308,Product 2308,Movies & TV,8,0.977871,0.188575
A00003233,Product 3233,Clothing,8,0.038019,0.192071
A00002390,Product 2390,Electronics,8,0.731120,0.194488
A00008684,Product 8684,Electronics,8,0.364600,0.193091
A00005352,Product 5352,Books,8,0.563709,0.193918
A00002296,Product 2296,Electronics,8,0.807512,0.187715
A00005265,Product 5265,Books,8,0.604567,0.189792
A00000188,Product 188,Electronics,8,0.303728,0.191519
A00004718,Product 4718,Movies & TV,8,0.062346,0.193135
A00006827,Product 6827,Music,8,0.092004,0.192752
A00000885,Product 885,Books,8,0.540833,0.189702
A00001124,Product 1124,Books,8,0.503134,0.196263
A00005136,Product 5136,Movies & TV,8,0.780316,0.188312
A00000955,Product 955,Books,8,0.557989,0.189839
A00007169,Product 7169,Books,8,0.868286,0.190113
A00005395,Product 5395,Electronics,8,0.270603,0.191945
A00000993,Product 993,Music,8,0.087317,0.194730
A00001189,Product 1189,Electronics,8,0.207842,0.194628
A00002017,Product 2017,Books,8,0.108866,0.185445
A00007452,Product 7452,Clothing,8,0.179495,0.191975
A00009120,Product 9120,Movies & TV,8,0.249302,0.191207
A00008439,Product 8439,Clothing,8,0.767350,0.189031
A00002216,Product 2216,Movies & TV,8,0.984779,0.193975
A00004016,Product 4016,Music,8,0.341153,0.192927
A00008373,Product 8373,Electronics,8,0.918182,0.187030
A00006248,Product 6248,Books,8,0.870466,0.191768
A00001821,Product 1821,Clothing,8,0.741250,0.188298
A00007440,Product 7440,Books,8,0.908808,0.193266
A00009647,Product 9647,Electronics,8,0.467415,0.191537
A00004013,Product 4013,Books,8,0.703836,0.189307
A00007067,Product 7067,Clothing,8,0.898680,0.191713
A00004316,Product 4316,Music,8,0.767413,0.189199
A00003340,Product 3340,Movies & TV,8,0.230722,0.189760
A00004256,Product 4256,Electronics,8,0.470803,0.186118
A00002778,Product 2778,Music,8,0.974751,0.186859
A00002745,Product 2745,Movies & TV,8,0.119420,0.193423
A00008615,Product 8615,Books,8,0.512792,0.195144
A00001955,Product 1955,Music,8,0.513359,0.195690
A00009023,Product 9023,Clothing,8,0.457536,0.190464
A00008377,Product 8377,Movies & TV,8,0.306947,0.184381
A00003972,Product 3972,Movies & TV,8,0.925842,0.194374
A00008836,Product 8836,Clothing,8,0.944600,0.188525
A00006905,Product 6905,Movies & TV,8,0.400188,0.188043
A00006117,Product 6117,Music,8,0.525441,0.189253
A00009371,Product 9371,Music,8,0.956524,0.189533
A00001567,Product 1567,Books,8,0.314937,0.190897
A00004089,Product 4089,Movies & TV,8,0.607852,0.188892
A00002293,Product 2293,Electronics,8,0.502299,0.189160
A00001965,Product 1965,Books,8,0.814727,0.190926
A00005591,Product 5591,Movies & TV,8,0.431641,0.190773
A00005974,Product 5974,Movies & TV,8,0.898035,0.192949
A00002645,Product 2645,Books,8,0.121040,0.191303
A00000259,Product 259,Electronics,8,0.939511,0.189958
A00000402,Product 402,Movies & TV,8,0.124425,0.188174
A00001694,Product 1694,Clothing,8,0.756568,0.189504
A00003904,Product 3904,Electronics,8,0.217506,0.193655
A00008311,Product 8311,Books,8,0.122515,0.190290
A00009372,Product 9372,Music,8,0.790697,0.193173
A00009580,Product 9580,Clothing,8,0.693182,0.194397
A00008997,Product 8997,Music,8,0.950745,0.190272
A00006744,Product 6744,Electronics,8,0.476216,0.191149
A00002080,Product 2080,Books,8,0.286649,0.191134
A00003115,Product 3115,Electronics,8,0.956183,0.185817
A00006703,Product 6703,Electronics,8,0.839121,0.193948
A00009073,Product 9073,Clothing,8,0.969297,0.194760
A00001258,Product 1258,Books,8,0.342169,0.190901
A00001121,Product 1121,Movies & TV,8,0.289894,0.191838
A00006480,Product 6480,Electronics,8,0.799529,0.189035
A00008657,Product 8657,Movies & TV,8,0.736725,0.194544
A00006952,Product 6952,Clothing,8,0.044448,0.189189
A00006582,Product 6582,Music,8,0.907909,0.194404
A00000550,Product 550,Electronics,8,0.166556,0.194106
A00008470,Product 8470,Clothing,8,0.976787,0.188660
A00005493,Product 5493,Books,8,0.040919,0.194257
A00003267,Product 3267,Movies & TV,8,0.475779,0.189878
A00000432,Product 432,Clothing,8,0.421213,0.192481
A00004237,Product 4237,Music,8,0.971480,0.194798
A00001843,Product 1843,Electronics,8,0.226805,0.189192
A00008400,Product 8400,Electronics,8,0.083299,0.190486
A00007316,Product 7316,Clothing,8,0.780185,0.188963
A00006735,Product 6735,Movies & TV,8,0.888462,0.193865
A00003627,Product 3627,Clothing,8,0.538197,0.191813
A00006229,Product 6229,Electronics,8,0.170933,0.186274
A00007682,Product 7682,Electronics,8,0.339534,0.191178
A00000775,Product 775,Music,8,0.178313,0.186943
A00001410,Product 1410,Movies & TV,8,0.149279,0.186712
A00000734,Product 734,Books,8,0.585501,0.188089
A00005210,Product 5210,Movies & TV,8,0.761426,0.189583
A00008277,Product 8277,Movies & TV,8,0.112566,0.195270
A00005411,Product 5411,Books,8,0.120546,0.184358
A00001277,Product 1277,Clothing,8,0.710734,0.190309
A00000178,Product 178,Clothing,8,0.164758,0.194401
A00007172,Product 7172,Clothing,8,0.283970,0.184056
A00003544,Product 3544,Movies & TV,8,0.904172,0.190222
A00005363,Product 5363,Electronics,8,0.554491,0.190185
A00008451,Product 8451,Clothing,8,0.995002,0.188717
A00006472,Product 6472,Movies & TV,8,0.814003,0.192889
A00001335,Product 1335,Music,8,0.070627,0.191218
A00000083,Product 83,Electronics,8,0.693400,0.190243
A00009186,Product 9186,Books,8,0.591905,0.191255
A00003993,Product 3993,Clothing,8,0.598251,0.192314
A00008513,Product 8513,Books,8,0.542369,0.191860
A00005208,Product 5208,Music,8,0.624348,0.190639
A00005655,Product 5655,Books,8,0.628056,0.194920
A00003127,Product 3127,Movies & TV,8,0.733358,0.191519
A00008519,Product 8519,Music,8,0.455036,0.188011
A00006777,Product 6777,Books,8,0.268432,0.191354
A00004085,Product 4085,Movies & TV,8,0.724054,0.191537
A00009749,Product 9749,Books,8,0.835492,0.192968
A00006245,Product 6245,Books,8,0.854476,0.190157
A00005412,Product 5412,Clothing,8,0.189068,0.190276
A00006970,Product 6970,Books,8,0.322094,0.189666
A00000924,Product 924,Electronics,8,0.429115,0.188806
A00007276,Product 7276,Music,8,0.690623,0.189253
A00007391,Product 7391,Books,8,0.596902,0.195125
A00001183,Product 1183,Books,8,0.752810,0.190377
A00001286,Product 1286,Music,8,0.324661,0.190475
A00004954,Product 4954,Books,8,0.581309,0.191427
A00003190,Product 3190,Movies & TV,8,0.472238,0.192975
A00004156,Product 4156,Movies & TV,8,0.497538,0.190254
A00004931,Product 4931,Electronics,8,0.254062,0.190189
A00000798,Product 798,Movies & TV,8,0.728914,0.193091
A00002713,Product 2713,Movies & TV,8,0.795659,0.190981
A00001639,Product 1639,Music,8,0.224926,0.190439
A00001628,Product 1628,Books,8,0.285248,0.190821
A00002272,Product 2272,Movies & TV,8,0.568527,0.191721
A00008530,Product 8530,Clothing,8,0.569694,0.190037
A00009596,Product 9596,Music,8,0.575362,0.191783
A00003691,Product 3691,Movies & TV,8,0.187128,0.194954
A00007390,Product 7390,Books,8,0.653514,0.190508
A00001646,Product 1646,Electronics,8,0.146557,0.192537
A00006498,Product 6498,Books,8,0.650072,0.189698
A00009400,Product 9400,Electronics,8,0.958573,0.186160
A00009432,Product 9432,Clothing,8,0.927362,0.191897
A00007885,Product 7885,Books,8,0.886852,0.187676
A00004014,Product 4014,Movies & TV,8,0.595476,0.189965
A00006515,Product 6515,Electronics,8,0.530703,0.188785
A00004568,Product 4568,Books,8,0.337347,0.190671
A00007805,Product 7805,Clothing,8,0.372674,0.189217
A00006706,Product 6706,Electronics,8,0.076361,0.192266
A00004863,Product 4863,Books,8,0.899852,0.192956
A00005492,Product 5492,Electronics,8,0.716587,0.189407
A00004258,Product 4258,Music,8,0.622749,0.191178
A00001179,Product 1179,Movies & TV,8,0.480191,0.191014
A00006635,Product 6635,Clothing,8,0.385743,0.195671
A00004708,Product 4708,Music,8,0.407270,0.187384
A00002510,Product 2510,Music,8,0.148746,0.191724
A00008806,Product 8806,Movies & TV,8,0.365188,0.186218
A00003916,Product 3916,Clothing,8,0.145291,0.191592
A00005559,Product 5559,Clothing,8,0.453123,0.188153
A00003591,Product 3591,Books,8,0.994866,0.189857
A00003055,Product 3055,Electronics,8,0.932574,0.196893
A00005654,Product 5654,Music,8,0.452449,0.193042
A00009969,Product 9969,Clothing,8,0.167662,0.187338
A00008890,Product 8890,Clothing,8,0.204824,0.191171
A00006608,Product 6608,Electronics,8,0.068127,0.194537
A00009957,Product 9957,Clothing,8,0.862381,0.187976
A00005262,Product 5262,Clothing,8,0.988859,0.192189
A00003187,Product 3187,Music,8,0.474476,0.186799
A00004327,Product 4327,Clothing,8,0.500083,0.192240
A00009547,Product 9547,Clothing,8,0.100635,0.193180
A00001468,Product 1468,Clothing,8,0.737942,0.189734
A00006379,Product 6379,Music,8,0.747474,0.186726
A00005377,Product 5377,Music,8,0.232675,0.190164
A00001285,Product 1285,Electronics,8,0.673904,0.191566
A00005711,Product 5711,Books,8,0.399423,0.192374
A00009967,Product 9967,Books,8,0.770185,0.189371
A00003054,Product 3054,Music,8,0.261344,0.191123
A00002761,Product 2761,Movies & TV,8,0.261935,0.188114
A00005422,Product 5422,Books,8,0.081188,0.194253
A00003988,Product 3988,Electronics,8,0.674167,0.189049
A00006124,Product 6124,Electronics,8,0.127175,0.192748
A00002825,Product 2825,Music,8,0.749424,0.188036
A00002927,Product 2927,Electronics,8,0.945481,0.188451
A00007499,Product 7499,Movies & TV,8,0.436476,0.189146
A00004882,Product 4882,Music,8,0.500678,0.195095
A00006860,Product 6860,Music,8,0.710074,0.192507
A00001426,Product 1426,Movies & TV,8,0.843082,0.185393
A00007101,Product 7101,Movies & TV,8,0.207739,0.189296
A00000359,Product 359,Electronics,8,0.654009,0.189522
A00001699,Product 1699,Music,8,0.253507,0.192860
A00006599,Product 6599,Music,8,0.797166,0.190675
A00006807,Product 6807,Movies & TV,8,0.053753,0.188749
A00001707,Product 1707,Electronics,8,0.260162,0.188309
A00008315,Product 8315,Movies & TV,8,0.851588,0.191504
A00008689,Product 8689,Clothing,8,0.790800,0.188774
A00001256,Product 1256,Movies & TV,8,0.215916,0.190008
A00004254,Product 4254,Books,8,0.172998,0.194722
A00008745,Product 8745,Music,8,0.702105,0.189160
A00000538,Product 538,Movies & TV,8,0.839016,0.191244
A00008600,Product 8600,Clothing,8,0.851517,0.191544
A00009401,Product 9401,Music,8,0.329290,0.192722
A00000356,Product 356,Electronics,8,0.709201,0.192856
A00001981,Product 1981,Books,8,0.430936,0.190323
A00000527,Product 527,Music,8,0.296852,0.191831
A00008888,Product 8888,Books,8,0.903513,0.191313
A00009150,Product 9150,Clothing,8,0.854668,0.187799
A00007624,Product 7624,Movies & TV,8,0.631622,0.195137
A00006540,Product 6540,Music,8,0.249724,0.188493
A00008144,Product 8144,Movies & TV,8,0.019462,0.188974
A00002591,Product 2591,Books,8,0.566194,0.189501
A00009065,Product 9065,Books,8,0.909064,0.196205
A00005121,Product 5121,Electronics,8,0.374274,0.186653
A00000110,Product 110,Clothing,8,0.850046,0.195221
A00001248,Product 1248,Music,8,0.365296,0.186876
A00007243,Product 7243,Music,8,0.043032,0.193990
A00003780,Product 3780,Clothing,8,0.830958,0.185862
A00002298,Product 2298,Books,8,0.949204,0.187990
A00003894,Product 3894,Electronics,8,0.536063,0.190893
A00000072,Product 72,Books,8,0.643542,0.193176
A00000107,Product 107,Clothing,8,0.676794,0.190414
A00005605,Product 5605,Electronics,8,0.135014,0.192392
A00007807,Product 7807,Electronics,8,0.530974,0.190381
A00008593,Product 8593,Movies & TV,8,0.237881,0.185362
A00001454,Product 1454,Books,8,0.677817,0.191416
A00002402,Product 2402,Electronics,8,0.805006,0.190897
A00002559,Product 2559,Clothing,8,0.678849,0.193288
A00009946,Product 9946,Electronics,8,0.772113,0.194186
A00000127,Product 127,Electronics,8,0.636520,0.191237
A00009061,Product 9061,Music,8,0.123507,0.194704
A00000439,Product 439,Clothing,8,0.084152,0.188881
A00004279,Product 4279,Books,8,0.250709,0.192689
A00009436,Product 9436,Electronics,8,0.133802,0.182633
A00001172,Product 1172,Music,8,0.116580,0.193914
A00000485,Product 485,Music,8,0.872343,0.192251
A00002009,Product 2009,Books,8,0.018359,0.189397
A00005538,Product 5538,Clothing,8,0.264877,0.191014
A00001396,Product 1396,Music,8,0.552245,0.192782
A00005083,Product 5083,Electronics,8,0.514138,0.192562
A00009356,Product 9356,Music,8,0.838675,0.191069
A00002327,Product 2327,Movies & TV,8,0.504141,0.191076
A00008016,Product 8016,Clothing,8,0.439531,0.194753
A00002823,Product 2823,Movies & TV,8,0.571869,0.190041
A00003641,Product 3641,Music,8,0.565453,0.191273
A00004869,Product 4869,Books,8,0.620656,0.190842
A00004366,Product 4366,Books,8,0.411763,0.194306
A00003951,Product 3951,Electronics,8,0.808067,0.190044
A00004552,Product 4552,Clothing,8,0.383959,0.188401
A00000731,Product 731,Clothing,8,0.258911,0.190544
A00009243,Product 9243,Movies & TV,8,0.334594,0.188454
A00007843,Product 7843,Clothing,8,0.639393,0.191328
A00003469,Product 3469,Books,8,0.773375,0.187979
A00000241,Product 241,Electronics,8,0.893298,0.193648
A00000332,Product 332,Music,8,0.199160,0.189806
A00002734,Product 2734,Movies & TV,8,0.762758,0.187641
A00006289,Product 6289,Books,8,0.498532,0.193240
A00009638,Product 9638,Electronics,8,0.579819,0.191544
A00008050,Product 8050,Movies & TV,8,0.865541,0.193434
A00005466,Product 5466,Movies & TV,8,0.591146,0.194295
A00002741,Product 2741,Music,8,0.993737,0.188771
A00008567,Product 8567,Movies & TV,8,0.346209,0.187824
A00005720,Product 5720,Electronics,8,0.986286,0.189103
A00000154,Product 154,Electronics,8,0.269922,0.190475
A00000014,Product 14,Clothing,8,0.761843,0.191321
A00003435,Product 3435,Clothing,8,0.715477,0.191989
A00006416,Product 6416,Clothing,8,0.995536,0.190211
A00001585,Product 1585,Movies & TV,8,0.761765,0.191868
A00009601,Product 9601,Electronics,8,0.502875,0.188628
A00000573,Product 573,Music,8,0.305650,0.181299
A00009521,Product 9521,Books,8,0.402239,0.192592
A00009162,Product 9162,Music,8,0.771711,0.190486
A00000349,Product 349,Movies & TV,8,0.429718,0.190853
A00003602,Product 3602,Music,8,0.559174,0.191083
A00007480,Product 7480,Electronics,8,0.163554,0.190886
A00004101,Product 4101,Electronics,8,0.738907,0.189278
A00009315,Product 9315,Music,8,0.078709,0.187034
A00009286,Product 9286,Music,8,0.757437,0.189343
A00007412,Product 7412,Music,8,0.285809,0.184695
A00002416,Product 2416,Books,8,0.638488,0.189526
A00007735,Product 7735,Clothing,8,0.173116,0.190461
A00007289,Product 7289,Clothing,8,0.023501,0.193753
A00001760,Product 1760,Electronics,8,0.239067,0.192459
A00001438,Product 1438,Electronics,8,0.639392,0.188188
A00003906,Product 3906,Movies & TV,8,0.132592,0.189357
A00006893,Product 6893,Clothing,8,0.020205,0.192518
A00004306,Product 4306,Books,8,0.051315,0.192577
A00001342,Product 1342,Clothing,8,0.765725,0.188305
A00003446,Product 3446,Clothing,8,0.808895,0.190784
A00001619,Product 1619,Electronics,8,0.230010,0.191596
A00001784,Product 1784,Music,8,0.302288,0.191636
A00007472,Product 7472,Movies & TV,8,0.437106,0.190218
A00005118,Product 5118,Electronics,8,0.308356,0.191464
A00005574,Product 5574,Electronics,8,0.918413,0.190762
A00001725,Product 1725,Music,8,0.938553,0.190417
A00002165,Product 2165,Clothing,8,0.562206,0.187676
A00006014,Product 6014,Music,8,0.077384,0.187817
A00002879,Product 2879,Books,8,0.012423,0.188550
A00008767,Product 8767,Movies & TV,8,0.939821,0.189114
A00007590,Product 7590,Movies & TV,8,0.306870,0.193911
A00001004,Product 1004,Music,8,0.660767,0.190265
A00007039,Product 7039,Movies & TV,8,0.687668,0.186139
A00002604,Product 2604,Electronics,8,0.620305,0.191820
A00003141,Product 3141,Books,8,0.474943,0.188696
A00007345,Product 7345,Movies & TV,8,0.841546,0.191585
A00008342,Product 8342,Electronics,8,0.058359,0.194590
A00009713,Product 9713,Books,8,0.469072,0.189698
A00005490,Product 5490,Books,8,0.788560,0.194091
A00002024,Product 2024,Books,8,0.551263,0.189875
A00003856,Product 3856,Movies & TV,8,0.441544,0.192329
A00008823,Product 8823,Electronics,8,0.180043,0.191047
A00007644,Product 7644,Movies & TV,8,0.587404,0.191684
A00003312,Product 3312,Electronics,8,0.073378,0.192633
A00006256,Product 6256,Clothing,8,0.821742,0.189404
A00000444,Product 444,Electronics,8,0.926442,0.193753
A00009302,Product 9302,Movies & TV,8,0.019469,0.191614
A00009945,Product 9945,Music,8,0.263795,0.192104
A00000938,Product 938,Electronics,8,0.530388,0.195201
A00000591,Product 591,Electronics,8,0.496500,0.189652
A00005790,Product 5790,Electronics,8,0.258568,0.189196
A00001243,Product 1243,Music,8,0.732324,0.190005
A00005230,Product 5230,Movies & TV,8,0.829264,0.193255
A00007944,Product 7944,Movies & TV,8,0.951611,0.194446
A00009489,Product 9489,Music,8,0.540349,0.186430
A00005217,Product 5217,Music,8,0.177205,0.192804
A00006228,Product 6228,Electronics,8,0.993514,0.196351
A00000799,Product 799,Movies & TV,8,0.665139,0.190722
A00005778,Product 5778,Movies & TV,8,0.199370,0.187658
A00000121,Product 121,Music,8,0.186057,0.193783
A00004443,Product 4443,Electronics,8,0.463535,0.192670
A00003270,Product 3270,Movies & TV,8,0.879860,0.189670
A00005097,Product 5097,Movies & TV,8,0.070116,0.196479
A00004620,Product 4620,Movies & TV,8,0.097515,0.185983
A00005753,Product 5753,Movies & TV,8,0.907827,0.192325
A00002381,Product 2381,Books,8,0.533668,0.190243
A00009874,Product 9874,Electronics,8,0.038882,0.194314
A00000870,Product 870,Movies & TV,8,0.386910,0.187128
A00008673,Product 8673,Clothing,8,0.676817,0.191324
A00004230,Product 4230,Books,8,0.102187,0.192111
A00003045,Product 3045,Movies & TV,8,0.326448,0.193184
A00005413,Product 5413,Clothing,8,0.287486,0.191306
A00004949,Product 4949,Electronics,8,0.986723,0.193693
A00008730,Product 8730,Music,8,0.959587,0.188675
A00003349,Product 3349,Books,8,0.834947,0.190934
A00001196,Product 1196,Books,8,0.412168,0.195492
A00009970,Product 9970,Electronics,8,0.917202,0.195729
A00005827,Product 5827,Books,8,0.304614,0.195259
A00002940,Product 2940,Movies & TV,8,0.000489,0.190668
A00002484,Product 2484,Books,8,0.831910,0.189752
A00002941,Product 2941,Movies & TV,8,0.385097,0.189814
A00006502,Product 6502,Books,8,0.245100,0.189857
A00001867,Product 1867,Books,8,0.993273,0.190617
A00006991,Product 6991,Movies & TV,8,0.485496,0.190283
A00000951,Product 951,Electronics,8,0.843569,0.190617
A00006169,Product 6169,Movies & TV,8,0.769525,0.191288
A00005358,Product 5358,Movies & TV,8,0.934763,0.190081
A00003650,Product 3650,Electronics,8,0.260925,0.189886
A00001839,Product 1839,Electronics,8,0.280950,0.192770
A00004595,Product 4595,Movies & TV,8,0.866767,0.190890
A00003785,Product 3785,Movies & TV,8,0.455822,0.197196
A00000661,Product 661,Music,8,0.648258,0.190519
A00007162,Product 7162,Music,8,0.123702,0.190052
A00000522,Product 522,Electronics,8,0.766846,0.195179
A00009992,Product 9992,Books,8,0.652374,0.193498
A00004760,Product 4760,Electronics,8,0.021422,0.192507
A00001051,Product 1051,Clothing,8,0.740351,0.190055
A00001062,Product 1062,Books,8,0.795290,0.189562
A00000820,Product 820,Movies & TV,8,0.744239,0.190839
A00005219,Product 5219,Clothing,8,0.965969,0.190012
A00004127,Product 4127,Clothing,8,0.557082,0.188635
A00005242,Product 5242,Movies & TV,8,0.372546,0.186950
A00001079,Product 1079,Music,8,0.566077,0.192704
A00007835,Product 7835,Clothing,8,0.460210,0.190059
A00002951,Product 2951,Music,8,0.882423,0.188696
A00000261,Product 261,Movies & TV,8,0.162373,0.193322
A00004864,Product 4864,Electronics,8,0.601449,0.191149
A00007762,Product 7762,Movies & TV,8,0.793605,0.191058
A00008902,Product 8902,Books,8,0.608974,0.187437
A00000173,Product 173,Clothing,8,0.509641,0.190802
A00009696,Product 9696,Movies & TV,8,0.438840,0.191541
A00001316,Product 1316,Clothing,8,0.135802,0.191156
A00004097,Product 4097,Music,8,0.264676,0.191750
A00007335,Product 7335,Books,8,0.158640,0.190824
A00007010,Product 7010,Movies & TV,8,0.655485,0.190117
A00008403,Product 8403,Movies & TV,8,0.735936,0.192488
A00001105,Product 1105,Clothing,8,0.781905,0.188928
A00008822,Product 8822,Clothing,8,0.922761,0.191953
A00006981,Product 6981,Movies & TV,8,0.332478,0.188387
A00004321,Product 4321,Clothing,8,0.712772,0.190044
A00004342,Product 4342,Books,8,0.190804,0.191449
A00008942,Product 8942,Movies & TV,8,0.735428,0.188835
A00002948,Product 2948,Books,8,0.117091,0.192945
A00003662,Product 3662,Clothing,8,0.591557,0.189092
A00008699,Product 8699,Music,8,0.862615,0.190406
A00000398,Product 398,Movies & TV,8,0.845931,0.194023
A00006187,Product 6187,Clothing,8,0.497121,0.192111
A00002966,Product 2966,Movies & TV,8,0.780013,0.194163
A00007942,Product 7942,Clothing,8,0.957702,0.182553
A00006101,Product 6101,Clothing,8,0.313510,0.193711
A00000189,Product 189,Clothing,8,0.055122,0.190923
A00003912,Product 3912,Electronics,8,0.785029,0.192533
A00008556,Product 8556,Music,8,0.105237,0.192503
A00000114,Product 114,Clothing,8,0.586099,0.193580
A00009740,Product 9740,Books,8,0.675871,0.190099
A00005030,Product 5030,Electronics,8,0.472623,0.190468
A00007371,Product 7371,Electronics,8,0.040652,0.191666
A00001885,Product 1885,Clothing,8,0.928959,0.194231
A00007580,Product 7580,Clothing,8,0.382884,0.195759
A00001307,Product 1307,Electronics,8,0.771259,0.190777
A00005331,Product 5331,Music,8,0.913601,0.186434
A00000202,Product 202,Music,8,0.997505,0.186423
A00007228,Product 7228,Movies & TV,8,0.437432,0.189214
A00002743,Product 2743,Books,8,0.081339,0.191644
A00007207,Product 7207,Books,8,0.433268,0.192596
A00006107,Product 6107,Movies & TV,7,0.122638,0.192496
A00006774,Product 6774,Movies & TV,7,0.636154,0.188646
A00005789,Product 5789,Movies & TV,7,0.285471,0.190185
A00007314,Product 7314,Books,7,0.092694,0.190515
A00004924,Product 4924,Electronics,7,0.777310,0.189652
A00006178,Product 6178,Music,7,0.838695,0.191434
A00008265,Product 8265,Electronics,7,0.361600,0.188380
A00002047,Product 2047,Clothing,7,0.755382,0.191794
A00005089,Product 5089,Music,7,0.686239,0.192488
A00004305,Product 4305,Clothing,7,0.064802,0.190966
A00007461,Product 7461,Music,7,0.657229,0.185352
A00001844,Product 1844,Electronics,7,0.249146,0.183135
A00008702,Product 8702,Electronics,7,0.524584,0.188146
A00005692,Product 5692,Clothing,7,0.388770,0.187532
A00000969,Product 969,Electronics,7,0.235785,0.186946
A00001931,Product 1931,Clothing,7,0.947487,0.185507
A00004789,Product 4789,Clothing,7,0.071610,0.189042
A00003718,Product 3718,Books,7,0.129526,0.188529
A00003002,Product 3002,Electronics,7,0.700613,0.188213
A00004322,Product 4322,Books,7,0.701277,0.189028
A00006016,Product 6016,Movies & TV,7,0.322116,0.188220
A00002711,Product 2711,Electronics,7,0.847913,0.185132
A00003039,Product 3039,Clothing,7,0.952072,0.190012
A00001611,Product 1611,Books,7,0.985396,0.191776
A00008898,Product 8898,Music,7,0.898467,0.186021
A00005156,Product 5156,Electronics,7,0.738362,0.191754
A00005387,Product 5387,Music,7,0.377129,0.189555
A00001950,Product 1950,Electronics,7,0.682405,0.190857
A00005820,Product 5820,Clothing,7,0.384656,0.188085
A00008691,Product 8691,Movies & TV,7,0.816052,0.187739
A00006627,Product 6627,Clothing,7,0.393804,0.185040
A00008424,Product 8424,Books,7,0.680612,0.192975
A00006269,Product 6269,Movies & TV,7,0.703303,0.190081
A00005858,Product 5858,Electronics,7,0.216458,0.183646
A00003066,Product 3066,Music,7,0.208877,0.190628
A00002167,Product 2167,Music,7,0.692131,0.185803
A00002306,Product 2306,Music,7,0.967893,0.188774
A00009693,Product 9693,Clothing,7,0.592206,0.185012
A00003501,Product 3501,Movies & TV,7,0.270948,0.188479
A00000175,Product 175,Music,7,0.726387,0.188828
A00006483,Product 6483,Movies & TV,7,0.873475,0.192726
A00001459,Product 1459,Music,7,0.576109,0.185023
A00008787,Product 8787,Electronics,7,0.114904,0.189954
A00001171,Product 1171,Electronics,7,0.749944,0.187006
A00003084,Product 3084,Electronics,7,0.644751,0.182847
A00000687,Product 687,Books,7,0.310193,0.191123
A00007140,Product 7140,Electronics,7,0.066861,0.183354
A00006533,Product 6533,Clothing,7,0.554102,0.188029
A00004357,Product 4357,Movies & TV,7,0.598879,0.188362
A00008233,Product 8233,Movies & TV,7,0.671274,0.189253
A00001368,Product 1368,Music,7,0.470245,0.194632
A00005347,Product 5347,Books,7,0.564736,0.189021
A00000520,Product 520,Books,7,0.133573,0.186305
A00005201,Product 5201,Books,7,0.095710,0.188468
A00001306,Product 1306,Books,7,0.206749,0.183468
A00008919,Product 8919,Clothing,7,0.287254,0.186918
A00004109,Product 4109,Music,7,0.459172,0.187690
A00006833,Product 6833,Books,7,0.499082,0.187156
A00008659,Product 8659,Movies & TV,7,0.600512,0.187775
A00007377,Product 7377,Movies & TV,7,0.172244,0.185682
A00007333,Product 7333,Music,7,0.950444,0.189085
A00007382,Product 7382,Music,7,0.958352,0.186128
A00000908,Product 908,Movies & TV,7,0.851519,0.181115
A00003041,Product 3041,Clothing,7,0.560800,0.194901
A00000684,Product 684,Movies & TV,7,0.833403,0.190559
A00000727,Product 727,Electronics,7,0.955971,0.191270
A00002844,Product 2844,Clothing,7,0.376166,0.191953
A00001338,Product 1338,Electronics,7,0.414982,0.182161
A00002172,Product 2172,Music,7,0.824375,0.189562
A00002660,Product 2660,Electronics,7,0.982350,0.185755
A00005145,Product 5145,Electronics,7,0.316634,0.190635
A00006495,Product 6495,Music,7,0.761305,0.187662
A00000929,Product 929,Books,7,0.747946,0.189918
A00001439,Product 1439,Clothing,7,0.737315,0.187803
A00001529,Product 1529,Movies & TV,7,0.695970,0.188206
A00003108,Product 3108,Clothing,7,0.534339,0.188878
A00007479,Product 7479,Movies & TV,7,0.499292,0.186831
A00004792,Product 4792,Electronics,7,0.960472,0.190835
A00006474,Product 6474,Books,7,0.264185,0.187739
A00009618,Product 9618,Books,7,0.964888,0.183485
A00000443,Product 443,Music,7,0.560136,0.186416
A00003216,Product 3216,Electronics,7,0.030512,0.189350
A00001604,Product 1604,Movies & TV,7,0.523542,0.189081
A00008536,Product 8536,Books,7,0.272024,0.196842
A00004990,Product 4990,Books,7,0.153849,0.191131
A00000830,Product 830,Electronics,7,0.164546,0.191442
A00008769,Product 8769,Clothing,7,0.443433,0.192148
A00007692,Product 7692,Books,7,0.822912,0.188447
A00000850,Product 850,Movies & TV,7,0.006256,0.190261
A00006711,Product 6711,Electronics,7,0.355883,0.189164
A00007528,Product 7528,Clothing,7,0.979478,0.194628
A00006553,Product 6553,Electronics,7,0.043313,0.187870
A00002705,Product 2705,Electronics,7,0.867952,0.186719
A00006851,Product 6851,Music,7,0.801898,0.187521
A00008933,Product 8933,Books,7,0.081271,0.190149
A00008915,Product 8915,Books,7,0.815532,0.186852
A00002463,Product 2463,Clothing,7,0.638866,0.184477
A00000968,Product 968,Movies & TV,7,0.996541,0.185012
A00006907,Product 6907,Movies & TV,7,0.072313,0.188675
A00006381,Product 6381,Books,7,0.383601,0.190081
A00009249,Product 9249,Books,7,0.353933,0.187324
A00000007,Product 7,Electronics,7,0.966657,0.194140
A00001973,Product 1973,Books,7,0.642705,0.187584
A00007392,Product 7392,Electronics,7,0.035356,0.184787
A00002959,Product 2959,Books,7,0.996082,0.192325
A00002292,Product 2292,Movies & TV,7,0.715724,0.185084
A00003550,Product 3550,Music,7,0.568286,0.188107
A00003875,Product 3875,Movies & TV,7,0.667209,0.191493
A00005785,Product 5785,Clothing,7,0.112914,0.195970
A00008319,Product 8319,Music,7,0.784623,0.186222
A00004440,Product 4440,Clothing,7,0.427164,0.187482
A00001344,Product 1344,Music,7,0.577411,0.189842
A00005961,Product 5961,Music,7,0.028603,0.191842
A00001969,Product 1969,Books,7,0.126708,0.184814
A00000998,Product 998,Books,7,0.688012,0.186744
A00002813,Product 2813,Music,7,0.932571,0.190399
A00009715,Product 9715,Music,7,0.564541,0.187097
A00004231,Product 4231,Electronics,7,0.123599,0.187444
A00000588,Product 588,Books,7,0.995391,0.187359
A00000837,Product 837,Clothing,7,0.062164,0.189969
A00004649,Product 4649,Movies & TV,7,0.708982,0.188170
A00000927,Product 927,Books,7,0.367687,0.185167
A00003626,Product 3626,Books,7,0.380816,0.185955
A00005346,Product 5346,Clothing,7,0.306396,0.189013
A00007245,Product 7245,Books,7,0.037302,0.190475
A00004720,Product 4720,Electronics,7,0.713694,0.186215
A00004233,Product 4233,Clothing,7,0.635209,0.188518
A00000360,Product 360,Books,7,0.896561,0.190348
A00003973,Product 3973,Books,7,0.714184,0.186688
A00008505,Product 8505,Books,7,0.711854,0.189339
A00002851,Product 2851,Books,7,0.488528,0.185562
A00002818,Product 2818,Music,7,0.351434,0.189081
A00006302,Product 6302,Music,7,0.869278,0.191098
A00008663,Product 8663,Clothing,7,0.237860,0.186291
A00008720,Product 8720,Electronics,7,0.176276,0.188742
A00008064,Product 8064,Books,7,0.119666,0.188344
A00000685,Product 685,Clothing,7,0.233337,0.190464
A00006389,Product 6389,Music,7,0.766205,0.190526
A00009325,Product 9325,Music,7,0.676672,0.188011
A00004318,Product 4318,Clothing,7,0.507451,0.189343
A00003752,Product 3752,Movies & TV,7,0.075855,0.186156
A00008033,Product 8033,Clothing,7,0.096792,0.187310
A00009166,Product 9166,Books,7,0.232396,0.188348
A00004198,Product 4198,Movies & TV,7,0.019872,0.188252
A00008200,Product 8200,Clothing,7,0.724929,0.191098
A00000018,Product 18,Books,7,0.488937,0.188504
A00003826,Product 3826,Electronics,7,0.276571,0.185921
A00003031,Product 3031,Electronics,7,0.816352,0.182327
A00003700,Product 3700,Clothing,7,0.782953,0.192340
A00004867,Product 4867,Books,7,0.030456,0.188978
A00007606,Product 7606,Clothing,7,0.584280,0.189336
A00008998,Product 8998,Clothing,7,0.419690,0.190813
A00007320,Product 7320,Electronics,7,0.008529,0.188953
A00001848,Product 1848,Books,7,0.065237,0.192507
A00005764,Product 5764,Books,7,0.573067,0.191603
A00003205,Product 3205,Music,7,0.837738,0.188500
A00000328,Product 328,Electronics,7,0.852754,0.184334
A00000749,Product 749,Movies & TV,7,0.064345,0.186184
A00000730,Product 730,Clothing,7,0.255945,0.190146
A00002531,Product 2531,Movies & TV,7,0.660398,0.187651
A00005471,Product 5471,Music,7,0.135015,0.193262
A00009359,Product 9359,Movies & TV,7,0.167744,0.188238
A00005723,Product 5723,Books,7,0.858746,0.188312
A00002793,Product 2793,Electronics,7,0.227256,0.187870
A00002847,Product 2847,Electronics,7,0.774776,0.192533
A00002817,Product 2817,Movies & TV,7,0.641840,0.187641
A00001470,Product 1470,Electronics,7,0.307722,0.189468
A00008255,Product 8255,Books,7,0.094160,0.186691
A00000052,Product 52,Books,7,0.519097,0.187437
A00001213,Product 1213,Movies & TV,7,0.252382,0.188486
A00008253,Product 8253,Books,7,0.596877,0.188956
A00008484,Product 8484,Movies & TV,7,0.236871,0.185803
A00006376,Product 6376,Movies & TV,7,0.658669,0.183545
A00009852,Product 9852,Movies & TV,7,0.419455,0.187895
A00005937,Product 5937,Movies & TV,7,0.005829,0.189684
A00005736,Product 5736,Clothing,7,0.951782,0.187135
A00002386,Product 2386,Music,7,0.355193,0.187785
A00004084,Product 4084,Clothing,7,0.205703,0.185455
A00009735,Product 9735,Music,7,0.206351,0.188543
A00000350,Product 350,Electronics,7,0.244465,0.189153
A00002839,Product 2839,Books,7,0.046750,0.188036
A00001407,Product 1407,Movies & TV,7,0.698862,0.187258
A00005527,Product 5527,Electronics,7,0.268648,0.189839
A00007341,Product 7341,Clothing,7,0.159199,0.188742
A00005146,Product 5146,Clothing,7,0.612899,0.190290
A00006935,Product 6935,Movies & TV,7,0.262375,0.189343
A00002338,Product 2338,Books,7,0.440257,0.193333
A00002115,Product 2115,Clothing,7,0.574015,0.186011
A00005614,Product 5614,Music,7,0.224970,0.189092
A00002055,Product 2055,Music,7,0.742897,0.186929
A00003449,Product 3449,Clothing,7,0.804433,0.182088
A00007670,Product 7670,Electronics,7,0.227091,0.189601
A00001002,Product 1002,Clothing,7,0.572579,0.186576
A00003652,Product 3652,Electronics,7,0.527016,0.187729
A00003711,Product 3711,Electronics,7,0.219545,0.184913
A00005923,Product 5923,Clothing,7,0.498127,0.186121
A00001709,Product 1709,Electronics,7,0.019856,0.188344
A00007998,Product 7998,Books,7,0.346434,0.186702
A00009211,Product 9211,Movies & TV,7,0.081599,0.186615
A00003083,Product 3083,Clothing,7,0.857520,0.190417
A00005581,Product 5581,Music,7,0.762686,0.189598
A00001842,Product 1842,Movies & TV,7,0.061813,0.190356
A00001722,Product 1722,Electronics,7,0.890798,0.190915
A00002553,Product 2553,Movies & TV,7,0.959319,0.191757
A00006251,Product 6251,Clothing,7,0.828258,0.187412
A00009924,Product 9924,Movies & TV,7,0.676795,0.188717
A00001596,Product 1596,Books,7,0.745073,0.185249
A00006383,Product 6383,Movies & TV,7,0.327842,0.186775
A00000896,Product 896,Movies & TV,7,0.915843,0.190846
A00007086,Product 7086,Electronics,7,0.538552,0.188685
A00004307,Product 4307,Electronics,7,0.929048,0.180325
A00006708,Product 6708,Electronics,7,0.677494,0.187810
A00006760,Product 6760,Music,7,0.341894,0.185064
A00005404,Product 5404,Electronics,7,0.243979,0.187027
A00004075,Product 4075,Movies & TV,7,0.076369,0.187930
A00001329,Product 1329,Electronics,7,0.873679,0.184927
A00001482,Product 1482,Electronics,7,0.827463,0.190157
A00006876,Product 6876,Movies & TV,7,0.768943,0.192240
A00000164,Product 164,Movies & TV,7,0.078390,0.190642
A00006546,Product 6546,Books,7,0.543772,0.190996
A00009404,Product 9404,Music,7,0.348474,0.192019
A00001751,Product 1751,Electronics,7,0.598484,0.191717
A00000479,Product 479,Clothing,7,0.214397,0.186246
A00009460,Product 9460,Books,7,0.783621,0.190395
A00009184,Product 9184,Clothing,7,0.633072,0.187750
A00007145,Product 7145,Movies & TV,7,0.472423,0.187810
A00001364,Product 1364,Music,7,0.753296,0.190052
A00002462,Product 2462,Books,7,0.384695,0.187335
A00009079,Product 9079,Clothing,7,0.038312,0.192292
A00000092,Product 92,Books,7,0.480925,0.190897
A00006834,Product 6834,Clothing,7,0.131642,0.184320
A00007523,Product 7523,Books,7,0.857332,0.185827
A00004769,Product 4769,Movies & TV,7,0.590135,0.188195
A00001587,Product 1587,Books,7,0.926687,0.188298
A00003424,Product 3424,Clothing,7,0.948954,0.189199
A00009774,Product 9774,Books,7,0.820926,0.188170
A00003656,Product 3656,Movies & TV,7,0.873891,0.185793
A00002683,Product 2683,Books,7,0.326620,0.191632
A00000646,Product 646,Books,7,0.605749,0.185772
A00006346,Product 6346,Clothing,7,0.296696,0.190443
A00002765,Product 2765,Electronics,7,0.584187,0.186441
A00003096,Product 3096,Electronics,7,0.881848,0.186371
A00000487,Product 487,Books,7,0.271962,0.193843
A00004878,Product 4878,Music,7,0.093685,0.185167
A00005978,Product 5978,Books,7,0.486254,0.187994
A00007787,Product 7787,Books,7,0.602389,0.187433
A00007613,Product 7613,Music,7,0.627281,0.190555
A00009274,Product 9274,Clothing,7,0.156382,0.187873
A00003618,Product 3618,Music,7,0.432372,0.190258
A00001831,Product 1831,Music,7,0.901778,0.185393
A00009646,Product 9646,Movies & TV,7,0.727449,0.186845
A00003775,Product 3775,Electronics,7,0.676700,0.189821
A00005046,Product 5046,Clothing,7,0.144707,0.190846
A00002934,Product 2934,Music,7,0.990085,0.187328
A00005484,Product 5484,Clothing,7,0.034797,0.189153
A00000769,Product 769,Clothing,7,0.971779,0.189128
A00003369,Product 3369,Clothing,7,0.310101,0.186656
A00002485,Product 2485,Books,7,0.533193,0.190886
A00001858,Product 1858,Clothing,7,0.397120,0.188117
A00008290,Product 8290,Clothing,7,0.672541,0.183196
A00005649,Product 5649,Clothing,7,0.586257,0.186146
A00004369,Product 4369,Electronics,7,0.066761,0.182101
A00008211,Product 8211,Music,7,0.210167,0.186128
A00007926,Product 7926,Books,7,0.134087,0.187055
A00009060,Product 9060,Clothing,7,0.857907,0.193640
A00007306,Product 7306,Movies & TV,7,0.538517,0.189853
A00007946,Product 7946,Movies & TV,7,0.765480,0.183721
A00007492,Product 7492,Movies & TV,7,0.904479,0.188653
A00008598,Product 8598,Books,7,0.695720,0.185490
A00003459,Product 3459,Electronics,7,0.451917,0.189533
A00002830,Product 2830,Movies & TV,7,0.390169,0.188707
A00009805,Product 9805,Electronics,7,0.360405,0.189440
A00005700,Product 5700,Movies & TV,7,0.340538,0.185531
A00000358,Product 358,Books,7,0.600110,0.187623
A00002763,Product 2763,Electronics,7,0.641424,0.191007
A00000906,Product 906,Movies & TV,7,0.287105,0.189217
A00004142,Product 4142,Clothing,7,0.504422,0.190207
A00001795,Product 1795,Movies & TV,7,0.429990,0.188309
A00002549,Product 2549,Music,7,0.063539,0.189174
A00004827,Product 4827,Clothing,7,0.113957,0.188401
A00005926,Product 5926,Books,7,0.730789,0.188835
A00009268,Product 9268,Movies & TV,7,0.474683,0.183031
A00005503,Product 5503,Electronics,7,0.966283,0.188635
A00005615,Product 5615,Music,7,0.567425,0.188717
A00002077,Product 2077,Clothing,7,0.976640,0.186218
A00001976,Product 1976,Electronics,7,0.192981,0.190744
A00000079,Product 79,Clothing,7,0.574219,0.189049
A00007071,Product 7071,Movies & TV,7,0.847786,0.190985
A00008075,Product 8075,Movies & TV,7,0.006696,0.189979
A00004998,Product 4998,Electronics,7,0.942365,0.191735
A00003499,Product 3499,Movies & TV,7,0.433297,0.192529
A00005048,Product 5048,Movies & TV,7,0.122693,0.193543
A00007471,Product 7471,Books,7,0.531515,0.190483
A00007569,Product 7569,Movies & TV,7,0.767492,0.187785
A00001374,Product 1374,Movies & TV,7,0.922773,0.188397
A00008343,Product 8343,Movies & TV,7,0.445378,0.193460
A00000504,Product 504,Electronics,7,0.490221,0.188294
A00000781,Product 781,Books,7,0.512763,0.189454
A00003799,Product 3799,Music,7,0.582376,0.190084
A00004062,Product 4062,Music,7,0.163447,0.188018
A00002957,Product 2957,Books,7,0.779639,0.187690
A00006331,Product 6331,Music,7,0.577636,0.186845
A00006963,Product 6963,Movies & TV,7,0.870368,0.187983
A00008260,Product 8260,Music,7,0.723298,0.186507
A00002452,Product 2452,Books,7,0.117908,0.185290
A00009416,Product 9416,Books,7,0.485139,0.185307
A00006455,Product 6455,Music,7,0.000924,0.182820
A00004243,Product 4243,Movies & TV,7,0.027483,0.182483
A00007146,Product 7146,Movies & TV,7,0.819481,0.189242
A00008002,Product 8002,Movies & TV,7,0.753019,0.185187
A00008294,Product 8294,Music,7,0.234235,0.192359
A00001460,Product 1460,Clothing,7,0.041985,0.187384
A00000698,Product 698,Movies & TV,7,0.830801,0.185955
A00005839,Product 5839,Movies & TV,7,0.833625,0.187768
A00009306,Product 9306,Music,7,0.057698,0.189763
A00002302,Product 2302,Books,7,0.069828,0.187514
A00007663,Product 7663,Music,7,0.774376,0.192670
A00002616,Product 2616,Movies & TV,7,0.990287,0.187048
A00007003,Product 7003,Electronics,7,0.698303,0.188032
A00007981,Product 7981,Clothing,7,0.635716,0.188440
A00001191,Product 1191,Movies & TV,7,0.598708,0.187205
A00005868,Product 5868,Electronics,7,0.317434,0.183303
A00002735,Product 2735,Electronics,7,0.396729,0.184208
A00001780,Product 1780,Clothing,7,0.454678,0.187655
A00008460,Product 8460,Clothing,7,0.800107,0.190388
A00006984,Product 6984,Books,7,0.342244,0.183633
A00003574,Product 3574,Music,7,0.971531,0.192666
A00009481,Product 9481,Clothing,7,0.579085,0.189619
A00009926,Product 9926,Music,7,0.598240,0.186455
A00001912,Product 1912,Movies & TV,7,0.491712,0.188646
A00003698,Product 3698,Music,7,0.789259,0.189677
A00000664,Product 664,Movies & TV,7,0.398603,0.187465
A00002243,Product 2243,Clothing,7,0.477995,0.181536
A00007676,Product 7676,Clothing,7,0.532929,0.191090
A00000230,Product 230,Books,7,0.780167,0.191559
A00003559,Product 3559,Books,7,0.667200,0.187125
A00003608,Product 3608,Books,7,0.847093,0.186549
A00005045,Product 5045,Movies & TV,7,0.590949,0.186156
A00002005,Product 2005,Clothing,7,0.216192,0.187546
A00009712,Product 9712,Movies & TV,7,0.120512,0.186820
A00009057,Product 9057,Clothing,7,0.405091,0.185648
A00006354,Product 6354,Movies & TV,7,0.272527,0.189271
A00001781,Product 1781,Electronics,7,0.404462,0.189799
A00005252,Product 5252,Movies & TV,7,0.912964,0.183293
A00001170,Product 1170,Movies & TV,7,0.633385,0.187419
A00006754,Product 6754,Clothing,7,0.045433,0.189961
A00004834,Product 4834,Movies & TV,7,0.254701,0.188507
A00007287,Product 7287,Movies & TV,7,0.830149,0.189224
A00009921,Product 9921,Clothing,7,0.249141,0.184835
A00002208,Product 2208,Movies & TV,7,0.606851,0.192808
A00008692,Product 8692,Electronics,7,0.409552,0.188753
A00001879,Product 1879,Music,7,0.627203,0.186309
A00000027,Product 27,Books,7,0.328984,0.191401
A00002274,Product 2274,Books,7,0.530477,0.186580
A00007084,Product 7084,Electronics,7,0.676837,0.188685
A00007475,Product 7475,Clothing,7,0.744521,0.188387
A00008112,Product 8112,Electronics,7,0.682737,0.188163
A00001123,Product 1123,Books,7,0.124053,0.185204
A00001986,Product 1986,Music,7,0.866050,0.181599
A00006321,Product 6321,Electronics,7,0.301217,0.191039
A00007187,Product 7187,Clothing,7,0.123907,0.184551
A00001098,Product 1098,Movies & TV,7,0.086231,0.188075
A00004646,Product 4646,Music,7,0.124403,0.182417
A00002368,Product 2368,Books,7,0.967980,0.192307
A00004050,Product 4050,Electronics,7,0.049895,0.193113
A00005384,Product 5384,Movies & TV,7,0.737939,0.194597
A00009365,Product 9365,Movies & TV,7,0.250466,0.189990
A00005150,Product 5150,Clothing,7,0.516954,0.179457
A00003943,Product 3943,Movies & TV,7,0.909269,0.188202
A00002862,Product 2862,Movies & TV,7,0.865051,0.190966
A00005571,Product 5571,Electronics,7,0.161378,0.189239
A00003923,Product 3923,Clothing,7,0.231290,0.191919
A00007131,Product 7131,Clothing,7,0.600334,0.183559
A00003498,Product 3498,Clothing,7,0.372863,0.189246
A00003693,Product 3693,Movies & TV,7,0.261894,0.191941
A00005029,Product 5029,Movies & TV,7,0.179347,0.192514
A00001735,Product 1735,Electronics,7,0.695291,0.184228
A00004951,Product 4951,Books,7,0.143803,0.186430
A00008048,Product 8048,Books,7,0.180490,0.186472
A00003057,Product 3057,Clothing,7,0.949403,0.190240
A00002694,Product 2694,Music,7,0.668345,0.188451
A00006094,Product 6094,Movies & TV,7,0.659112,0.191868
A00006537,Product 6537,Movies & TV,7,0.903277,0.189060
A00008450,Product 8450,Electronics,7,0.939336,0.185095
A00005843,Product 5843,Music,7,0.572187,0.186486
A00007297,Product 7297,Movies & TV,7,0.169421,0.187923
A00009831,Product 9831,Movies & TV,7,0.987147,0.183717
A00002506,Product 2506,Clothing,7,0.018220,0.188401
A00001600,Product 1600,Music,7,0.504534,0.191563
A00004410,Product 4410,Books,7,0.645091,0.189314
A00004687,Product 4687,Electronics,7,0.315405,0.193180
A00004550,Product 4550,Books,7,0.395219,0.188266
A00001063,Product 1063,Electronics,7,0.437103,0.187898
A00005439,Product 5439,Movies & TV,7,0.501703,0.189475
A00007451,Product 7451,Clothing,7,0.937751,0.191080
A00005320,Product 5320,Movies & TV,7,0.032803,0.190955
A00004164,Product 4164,Electronics,7,0.507232,0.188341
A00002882,Product 2882,Electronics,7,0.428836,0.193038
A00007060,Product 7060,Electronics,7,0.093541,0.185852
A00003709,Product 3709,Books,7,0.214788,0.185993
A00002020,Product 2020,Music,7,0.946783,0.187268
A00005021,Product 5021,Clothing,7,0.528694,0.181694
A00001457,Product 1457,Clothing,7,0.132684,0.185713
A00004522,Product 4522,Movies & TV,7,0.971481,0.192459
A00004847,Product 4847,Movies & TV,7,0.800989,0.190041
A00006093,Product 6093,Movies & TV,7,0.477973,0.185071
A00005324,Product 5324,Clothing,7,0.538034,0.185177
A00002098,Product 2098,Music,7,0.240238,0.186222
A00007547,Product 7547,Clothing,7,0.723231,0.191978
A00003394,Product 3394,Electronics,7,0.316018,0.186350
A00003049,Product 3049,Movies & TV,7,0.198878,0.191746
A00005946,Product 5946,Movies & TV,7,0.793733,0.190472
A00006175,Product 6175,Movies & TV,7,0.387413,0.185686
A00004382,Product 4382,Electronics,7,0.344947,0.179635
A00002234,Product 2234,Music,7,0.699311,0.188075
A00009812,Product 9812,Music,7,0.361919,0.185665
A00007828,Product 7828,Electronics,7,0.749077,0.186831
A00007947,Product 7947,Music,7,0.851217,0.187824
A00003013,Product 3013,Electronics,7,0.075342,0.190091
A00001939,Product 1939,Movies & TV,7,0.692958,0.190515
A00001040,Product 1040,Movies & TV,7,0.074107,0.187560
A00008693,Product 8693,Movies & TV,7,0.198563,0.185366
A00005811,Product 5811,Electronics,7,0.883842,0.185769
A00009764,Product 9764,Clothing,7,0.291025,0.191442
A00002828,Product 2828,Electronics,7,0.800398,0.191324
A00004933,Product 4933,Movies & TV,7,0.829493,0.189246
A00002856,Product 2856,Electronics,7,0.251508,0.188110
A00002829,Product 2829,Movies & TV,7,0.139799,0.189483
A00009907,Product 9907,Electronics,7,0.021278,0.188760
A00003252,Product 3252,Books,7,0.440863,0.185682
A00001495,Product 1495,Movies & TV,7,0.665471,0.189529
A00003132,Product 3132,Movies & TV,7,0.600345,0.183829
A00003601,Product 3601,Music,7,0.382143,0.188036
A00003719,Product 3719,Movies & TV,7,0.775864,0.188757
A00006391,Product 6391,Clothing,7,0.985078,0.188874
A00001138,Product 1138,Electronics,7,0.193246,0.190751
A00007605,Product 7605,Clothing,7,0.356141,0.187923
A00007180,Product 7180,Electronics,7,0.229080,0.191530
A00007144,Product 7144,Electronics,7,0.641004,0.189727
A00007436,Product 7436,Music,7,0.432938,0.186166
A00005639,Product 5639,Electronics,7,0.236064,0.189192
A00007615,Product 7615,Movies & TV,7,0.577264,0.191522
A00000796,Product 796,Clothing,7,0.191087,0.191956
A00004860,Product 4860,Books,7,0.048002,0.189501
A00006009,Product 6009,Music,7,0.062832,0.188025
A00005440,Product 5440,Music,7,0.007679,0.188917
A00007660,Product 7660,Movies & TV,7,0.979679,0.188796
A00006858,Product 6858,Movies & TV,7,0.550121,0.190602
A00005610,Product 5610,Movies & TV,7,0.682715,0.192012
A00000460,Product 460,Clothing,7,0.623295,0.190795
A00009028,Product 9028,Electronics,7,0.030788,0.187051
A00000346,Product 346,Movies & TV,7,0.265697,0.189174
A00000827,Product 827,Movies & TV,7,0.588564,0.188817
A00009937,Product 9937,Movies & TV,7,0.542097,0.188117
A00009806,Product 9806,Movies & TV,7,0.883295,0.189752
A00003818,Product 3818,Books,7,0.284113,0.190493
A00006053,Product 6053,Books,7,0.128636,0.193847
A00005613,Product 5613,Clothing,7,0.812503,0.187990
A00002976,Product 2976,Movies & TV,7,0.793116,0.187258
A00007239,Product 7239,Books,7,0.201724,0.189522
A00000285,Product 285,Electronics,7,0.297590,0.185187
A00006206,Product 6206,Music,7,0.177256,0.187349
A00007387,Product 7387,Clothing,7,0.667986,0.186521
A00000803,Product 803,Clothing,7,0.363480,0.187849
A00007607,Product 7607,Movies & TV,7,0.758788,0.189318
A00009863,Product 9863,Music,7,0.966347,0.190766
A00008982,Product 8982,Clothing,7,0.456239,0.184473
A00000312,Product 312,Movies & TV,7,0.987869,0.188974
A00006347,Product 6347,Books,7,0.612908,0.189486
A00008459,Product 8459,Books,7,0.892702,0.186201
A00009056,Product 9056,Books,7,0.619436,0.186340
A00004762,Product 4762,Clothing,7,0.156107,0.190070
A00007193,Product 7193,Clothing,7,0.788335,0.183401
A00002665,Product 2665,Electronics,7,0.961033,0.187616
A00003907,Product 3907,Electronics,7,0.236472,0.186880
A00006848,Product 6848,Movies & TV,7,0.098621,0.193532
A00006034,Product 6034,Clothing,7,0.738768,0.186629
A00008447,Product 8447,Clothing,7,0.537629,0.186744
A00001724,Product 1724,Electronics,7,0.750665,0.191145
A00009424,Product 9424,Clothing,7,0.006792,0.184893
A00007705,Product 7705,Clothing,7,0.048869,0.186118
A00005953,Product 5953,Movies & TV,7,0.002306,0.188231
A00006038,Product 6038,Books,7,0.245084,0.190897
A00002974,Product 2974,Books,7,0.266482,0.191901
A00008826,Product 8826,Movies & TV,7,0.727513,0.193236
A00005898,Product 5898,Music,7,0.486647,0.184766
A00004263,Product 4263,Books,7,0.007676,0.192767
A00008325,Product 8325,Books,7,0.723573,0.186824
A00008293,Product 8293,Music,7,0.316430,0.190868
A00005521,Product 5521,Movies & TV,7,0.528583,0.186824
A00004508,Product 4508,Electronics,7,0.159807,0.187086
A00003924,Product 3924,Electronics,7,0.520714,0.191401
A00005767,Product 5767,Movies & TV,7,0.543823,0.185115
A00001440,Product 1440,Electronics,7,0.571598,0.183035
A00003398,Product 3398,Electronics,7,0.139310,0.191142
A00000692,Product 692,Clothing,7,0.598355,0.187722
A00006602,Product 6602,Electronics,7,0.768527,0.186932
A00000757,Product 757,Books,7,0.321405,0.187567
A00002320,Product 2320,Music,7,0.516675,0.190464
A00005730,Product 5730,Electronics,7,0.026016,0.187616
A00009389,Product 9389,Electronics,7,0.300378,0.187697
A00007655,Product 7655,Movies & TV,7,0.902511,0.191061
A00007511,Product 7511,Books,7,0.995042,0.190153
A00003117,Product 3117,Music,7,0.268699,0.192730
A00004283,Product 4283,Electronics,7,0.574167,0.191555
A00009808,Product 9808,Movies & TV,7,0.746008,0.191838
A00004160,Product 4160,Books,7,0.193406,0.188739
A00004567,Product 4567,Electronics,7,0.088432,0.188767
A00001310,Product 1310,Clothing,7,0.864803,0.185115
A00007066,Product 7066,Books,7,0.025599,0.188369
A00009592,Product 9592,Movies & TV,7,0.566964,0.188029
A00008747,Product 8747,Movies & TV,7,0.652626,0.183105
A00006226,Product 6226,Music,7,0.314361,0.192752
A00004325,Product 4325,Clothing,7,0.513634,0.186153
A00002487,Product 2487,Music,7,0.015793,0.178985
A00007974,Product 7974,Clothing,7,0.409353,0.184961
A00005805,Product 5805,Music,7,0.519409,0.188259
A00001491,Product 1491,Clothing,7,0.301616,0.191754
A00004651,Product 4651,Books,7,0.427799,0.190708
A00005315,Product 5315,Clothing,7,0.216255,0.188600
A00003941,Product 3941,Electronics,7,0.318054,0.185810
A00004771,Product 4771,Movies & TV,7,0.791489,0.187258
A00009075,Product 9075,Electronics,7,0.945614,0.190229
A00008515,Product 8515,Books,7,0.828132,0.191047
A00005103,Product 5103,Electronics,7,0.858177,0.190566
A00005126,Product 5126,Music,7,0.029409,0.187384
A00006153,Product 6153,Electronics,7,0.584801,0.191923
A00007704,Product 7704,Movies & TV,7,0.783169,0.185338
A00005042,Product 5042,Movies & TV,7,0.621978,0.189432
A00003813,Product 3813,Books,7,0.824965,0.189583
A00009700,Product 9700,Music,7,0.327747,0.188100
A00009233,Product 9233,Books,7,0.133813,0.191919
A00001423,Product 1423,Clothing,7,0.182624,0.186298
A00007801,Product 7801,Clothing,7,0.825342,0.191412
A00002695,Product 2695,Clothing,7,0.126933,0.192945
A00006499,Product 6499,Music,7,0.455650,0.187891
A00006164,Product 6164,Movies & TV,7,0.907705,0.190493
A00001525,Product 1525,Music,7,0.755230,0.188032
A00006661,Product 6661,Music,7,0.723654,0.187951
A00000494,Product 494,Music,7,0.194158,0.188408
A00006695,Product 6695,Books,7,0.431358,0.184736
A00005499,Product 5499,Electronics,7,0.545255,0.188326
A00006969,Product 6969,Books,7,0.105784,0.189734
A00000933,Product 933,Clothing,7,0.021489,0.191083
A00005000,Product 5000,Movies & TV,7,0.954296,0.185903
A00008407,Product 8407,Books,7,0.714728,0.186841
A00009245,Product 9245,Music,7,0.671300,0.185841
A00000051,Product 51,Music,7,0.351721,0.189828
A00006411,Product 6411,Music,7,0.844628,0.190251
A00009333,Product 9333,Music,7,0.364001,0.186911
A00004183,Product 4183,Electronics,7,0.399396,0.192459
A00001930,Product 1930,Electronics,7,0.176331,0.186430
A00003749,Product 3749,Clothing,7,0.356241,0.187792
A00001130,Product 1130,Music,7,0.899427,0.191193
A00001110,Product 1110,Books,7,0.187805,0.183028
A00009407,Product 9407,Movies & TV,7,0.782854,0.189677
A00009803,Product 9803,Music,7,0.287437,0.190077
A00007839,Product 7839,Clothing,7,0.633290,0.184032
A00004167,Product 4167,Electronics,7,0.301522,0.187482
A00009305,Product 9305,Clothing,7,0.539152,0.187321
A00002328,Product 2328,Books,7,0.627394,0.181072
A00001003,Product 1003,Electronics,7,0.647901,0.187002
A00006966,Product 6966,Movies & TV,7,0.058011,0.187990
A00005229,Product 5229,Music,7,0.538831,0.185026
A00005351,Product 5351,Music,7,0.407594,0.185078
A00005429,Product 5429,Music,7,0.734115,0.188742
A00005443,Product 5443,Clothing,7,0.279085,0.186608
A00005829,Product 5829,Books,7,0.035172,0.192255
A00005376,Product 5376,Electronics,7,0.565471,0.185064
A00005399,Product 5399,Music,7,0.357206,0.187044
A00008511,Product 8511,Movies & TV,7,0.925917,0.188341
A00005063,Product 5063,Electronics,7,0.787206,0.187701
A00001697,Product 1697,Music,7,0.093779,0.185280
A00005238,Product 5238,Movies & TV,7,0.509083,0.191677
A00001238,Product 1238,Books,7,0.344423,0.192600
A00007638,Product 7638,Clothing,7,0.273876,0.195576
A00008391,Product 8391,Electronics,7,0.423106,0.186967
A00004967,Product 4967,Electronics,7,0.620955,0.190001
A00006027,Product 6027,Books,7,0.427950,0.187352
A00007174,Product 7174,Music,7,0.097764,0.191809
A00002607,Product 2607,Electronics,7,0.522759,0.184361
A00006075,Product 6075,Books,7,0.305965,0.191772
A00008402,Product 8402,Books,7,0.940283,0.190236
A00004534,Product 4534,Electronics,7,0.182946,0.186688
A00007966,Product 7966,Clothing,7,0.293695,0.186201
A00006203,Product 6203,Music,7,0.548650,0.190200
A00006587,Product 6587,Clothing,7,0.567914,0.189135
A00000238,Product 238,Clothing,7,0.570518,0.188128
A00000633,Product 633,Movies & TV,7,0.481157,0.187560
A00009578,Product 9578,Movies & TV,7,0.249401,0.189576
A00009661,Product 9661,Electronics,7,0.024821,0.187240
A00007167,Product 7167,Music,7,0.267404,0.187535
A00003093,Product 3093,Books,7,0.415956,0.188365
A00005390,Product 5390,Movies & TV,7,0.692176,0.188376
A00009295,Product 9295,Music,7,0.765469,0.187958
A00002881,Product 2881,Movies & TV,7,0.977617,0.194730
A00007261,Product 7261,Electronics,7,0.107209,0.186232
A00007596,Product 7596,Music,7,0.019447,0.189644
A00005359,Product 5359,Clothing,7,0.688399,0.189619
A00009296,Product 9296,Movies & TV,7,0.409832,0.184208
A00001389,Product 1389,Clothing,7,0.556529,0.188971
A00007035,Product 7035,Movies & TV,7,0.596083,0.183051
A00009971,Product 9971,Electronics,7,0.396454,0.185841
A00005977,Product 5977,Music,7,0.010094,0.187338
A00000180,Product 180,Music,7,0.822185,0.186946
A00004067,Product 4067,Movies & TV,7,0.814298,0.191120
A00003131,Product 3131,Clothing,7,0.472143,0.191080
A00005856,Product 5856,Books,7,0.000250,0.188160
A00007353,Product 7353,Music,7,0.112140,0.187891
A00003967,Product 3967,Clothing,7,0.205835,0.186880
A00008561,Product 8561,Books,7,0.637199,0.182264
A00003374,Product 3374,Clothing,7,0.562193,0.189117
A00008839,Product 8839,Music,7,0.266958,0.190966
A00001505,Product 1505,Movies & TV,7,0.899963,0.189461
A00002354,Product 2354,Books,7,0.818555,0.186691
A00003561,Product 3561,Music,7,0.819164,0.189519
A00008056,Product 8056,Clothing,7,0.603519,0.190832
A00002326,Product 2326,Music,7,0.803397,0.193232
A00000628,Product 628,Music,7,0.478814,0.185428
A00007651,Product 7651,Clothing,7,0.831873,0.190443
A00005082,Product 5082,Books,7,0.759834,0.182907
A00003076,Product 3076,Music,7,0.426039,0.184640
A00003381,Product 3381,Movies & TV,7,0.869690,0.186883
A00000572,Product 572,Books,7,0.653532,0.191007
A00004041,Product 4041,Movies & TV,7,0.304806,0.188963
A00009933,Product 9933,Electronics,7,0.380118,0.187813
A00000864,Product 864,Movies & TV,7,0.413919,0.190204
A00008420,Product 8420,Music,7,0.358833,0.188507
A00000869,Product 869,Movies & TV,7,0.013495,0.187013
A00004452,Product 4452,Electronics,7,0.239673,0.185218
A00003313,Product 3313,Movies & TV,7,0.748097,0.186153
A00004415,Product 4415,Movies & TV,7,0.144753,0.184184
A00006276,Product 6276,Music,7,0.971976,0.188121
A00003293,Product 3293,Music,7,0.493798,0.193113
A00000653,Product 653,Music,7,0.959330,0.188554
A00007365,Product 7365,Books,7,0.135136,0.187331
A00007442,Product 7442,Electronics,7,0.068631,0.192574
A00007339,Product 7339,Music,7,0.936329,0.189842
A00004154,Product 4154,Movies & TV,7,0.941169,0.188564
A00006247,Product 6247,Music,7,0.529426,0.191211
A00008744,Product 8744,Music,7,0.632660,0.192034
A00002329,Product 2329,Music,7,0.852351,0.183451
A00002988,Product 2988,Clothing,7,0.290848,0.189353
A00008001,Product 8001,Electronics,7,0.636251,0.187240
A00000123,Product 123,Music,7,0.337100,0.189626
A00006660,Product 6660,Clothing,7,0.116186,0.188967
A00007806,Product 7806,Books,7,0.440632,0.192715
A00002007,Product 2007,Electronics,7,0.215996,0.188671
A00004460,Product 4460,Electronics,7,0.170935,0.184777
A00003549,Product 3549,Movies & TV,7,0.904334,0.186187
A00005405,Product 5405,Movies & TV,7,0.270704,0.183910
A00002684,Product 2684,Electronics,7,0.387174,0.185421
A00007945,Product 7945,Music,7,0.769794,0.189767
A00007727,Product 7727,Electronics,7,0.855284,0.194072
A00002864,Product 2864,Clothing,7,0.080907,0.185431
A00003126,Product 3126,Movies & TV,7,0.882781,0.187951
A00004432,Product 4432,Clothing,7,0.730243,0.186684
A00004705,Product 4705,Music,7,0.465669,0.184838
A00003224,Product 3224,Movies & TV,7,0.249648,0.189142
A00000282,Product 282,Music,7,0.872125,0.193666
A00003663,Product 3663,Music,7,0.638183,0.188227
A00006022,Product 6022,Movies & TV,7,0.848501,0.192919
A00009615,Product 9615,Music,7,0.908233,0.186083
A00007939,Product 7939,Music,7,0.143542,0.187948
A00002183,Product 2183,Books,7,0.052199,0.188507
A00005773,Product 5773,Electronics,7,0.575735,0.187574
A00007507,Product 7507,Electronics,7,0.467277,0.184640
A00002130,Product 2130,Electronics,7,0.681097,0.187902
A00005299,Product 5299,Electronics,7,0.602745,0.187948
A00007334,Product 7334,Books,7,0.329836,0.188639
A00003461,Product 3461,Electronics,7,0.027299,0.190059
A00008216,Product 8216,Electronics,7,0.341879,0.186796
A00009853,Product 9853,Music,7,0.716898,0.189465
A00002118,Product 2118,Electronics,7,0.301290,0.190457
A00007200,Product 7200,Books,7,0.008780,0.194253
A00008582,Product 8582,Electronics,7,0.371592,0.189214
A00005190,Product 5190,Electronics,7,0.089374,0.186350
A00000580,Product 580,Clothing,7,0.216966,0.190106
A00003399,Product 3399,Music,7,0.812854,0.187701
A00007494,Product 7494,Clothing,7,0.935979,0.188625
A00003232,Product 3232,Books,7,0.838970,0.187866
A00008624,Product 8624,Books,7,0.549880,0.192318
A00002105,Product 2105,Music,7,0.856788,0.189958
A00008648,Product 8648,Clothing,7,0.148720,0.187093
A00001437,Product 1437,Movies & TV,7,0.646887,0.190157
A00003589,Product 3589,Music,7,0.509642,0.189493
A00004188,Product 4188,Movies & TV,7,0.795215,0.188678
A00006221,Product 6221,Electronics,7,0.935617,0.186751
A00009255,Product 9255,Music,7,0.108619,0.188824
A00006749,Product 6749,Clothing,7,0.572111,0.188298
A00007779,Product 7779,Music,7,0.694983,0.188124
A00000953,Product 953,Movies & TV,7,0.831466,0.186559
A00001715,Product 1715,Electronics,7,0.964528,0.190189
A00003005,Product 3005,Electronics,7,0.784312,0.188764
A00004110,Product 4110,Music,7,0.987626,0.189253
A00002647,Product 2647,Movies & TV,7,0.356064,0.189282
A00005705,Product 5705,Music,7,0.984639,0.189038
A00008549,Product 8549,Electronics,7,0.911813,0.192474
A00005302,Product 5302,Electronics,7,0.039091,0.187055
A00005881,Product 5881,Music,7,0.809305,0.187708
A00009232,Product 9232,Clothing,7,0.725105,0.187366
A00006686,Product 6686,Electronics,7,0.096943,0.190454
A00008072,Product 8072,Movies & TV,7,0.351790,0.183280
A00002407,Product 2407,Electronics,7,0.960175,0.190697
A00003235,Product 3235,Movies & TV,7,0.487218,0.190149
A00008580,Product 8580,Movies & TV,7,0.657265,0.183896
A00009903,Product 9903,Books,7,0.592978,0.188383
A00006723,Product 6723,Books,7,0.923532,0.188372
A00001542,Product 1542,Electronics,7,0.725453,0.180990
A00009350,Product 9350,Clothing,7,0.590833,0.192008
A00006956,Product 6956,Books,7,0.487289,0.184995
A00006355,Product 6355,Music,7,0.133238,0.185355
A00007147,Product 7147,Electronics,7,0.323386,0.193023
A00008983,Product 8983,Movies & TV,7,0.676890,0.189853
A00005636,Product 5636,Books,7,0.813631,0.188682
A00001960,Product 1960,Movies & TV,7,0.171946,0.185431
A00006541,Product 6541,Electronics,7,0.187514,0.184432
A00006464,Product 6464,Clothing,7,0.964071,0.186782
A00009586,Product 9586,Movies & TV,7,0.234709,0.188625
A00003183,Product 3183,Books,7,0.392019,0.184137
A00002596,Product 2596,Music,7,0.353030,0.185252
A00003244,Product 3244,Clothing,7,0.006167,0.185393
A00009495,Product 9495,Books,7,0.451026,0.189443
A00007874,Product 7874,Music,7,0.723263,0.191750
A00007125,Product 7125,Music,7,0.073918,0.190522
A00008705,Product 8705,Movies & TV,7,0.274241,0.190675
A00005710,Product 5710,Books,7,0.149302,0.189933
A00006387,Product 6387,Books,7,0.423236,0.189440
A00009527,Product 9527,Books,7,0.168529,0.185651
A00004538,Product 4538,Electronics,7,0.971907,0.187177
A00002889,Product 2889,Movies & TV,7,0.215965,0.189943
A00007883,Product 7883,Electronics,7,0.109392,0.184992
A00004965,Product 4965,Electronics,7,0.018820,0.192555
A00001553,Product 1553,Clothing,7,0.081984,0.185472
A00004653,Product 4653,Clothing,7,0.558997,0.190088
A00003432,Product 3432,Music,7,0.550908,0.188270
A00003996,Product 3996,Books,7,0.932100,0.182597
A00004289,Product 4289,Clothing,7,0.850446,0.184900
A00009354,Product 9354,Music,7,0.952317,0.185786
A00006476,Product 6476,Clothing,7,0.959643,0.186827
A00008396,Product 8396,Movies & TV,7,0.081912,0.184954
A00009698,Product 9698,Electronics,7,0.562451,0.188550
A00006669,Product 6669,Music,7,0.747759,0.187006
A00003770,Product 3770,Books,7,0.418305,0.191533
A00000318,Product 318,Clothing,7,0.632115,0.188135
A00004426,Product 4426,Music,7,0.787491,0.188447
A00002413,Product 2413,Clothing,7,0.805626,0.184463
A00006646,Product 6646,Electronics,7,0.100415,0.192270
A00007905,Product 7905,Music,7,0.287746,0.188188
A00004906,Product 4906,Music,7,0.937449,0.189250
A00000103,Product 103,Books,7,0.651576,0.187202
A00002476,Product 2476,Music,7,0.964839,0.190493
A00006112,Product 6112,Electronics,7,0.141390,0.181069
A00009930,Product 9930,Movies & TV,7,0.037921,0.187627
A00001451,Product 1451,Music,7,0.879156,0.191240
A00006104,Product 6104,Electronics,7,0.479038,0.185019
A00009145,Product 9145,Movies & TV,7,0.681974,0.191651
A00006345,Product 6345,Movies & TV,7,0.228977,0.188472
A00001861,Product 1861,Movies & TV,7,0.766602,0.191791
A00009423,Product 9423,Books,7,0.184160,0.188839
A00003462,Product 3462,Electronics,7,0.814869,0.189839
A00003560,Product 3560,Electronics,7,0.425859,0.189146
A00007909,Product 7909,Electronics,7,0.525925,0.187588
A00008464,Product 8464,Clothing,7,0.502153,0.184712
A00002395,Product 2395,Clothing,7,0.654035,0.186852
A00001065,Product 1065,Electronics,7,0.311528,0.192407
A00008480,Product 8480,Music,7,0.532594,0.184310
A00005625,Product 5625,Electronics,7,0.043903,0.189994
A00009282,Product 9282,Clothing,7,0.735814,0.191482
A00000271,Product 271,Clothing,7,0.569597,0.191160
A00005120,Product 5120,Music,7,0.262231,0.182647
A00008814,Product 8814,Music,7,0.526015,0.181493
A00008363,Product 8363,Electronics,7,0.477900,0.189300
A00005088,Product 5088,Clothing,7,0.638832,0.189857
A00008441,Product 8441,Clothing,7,0.473727,0.188888
A00002987,Product 2987,Clothing,7,0.828794,0.182580
A00004457,Product 4457,Electronics,7,0.340093,0.186587
A00008089,Product 8089,Books,7,0.583817,0.191901
A00006438,Product 6438,Books,7,0.914634,0.191090
A00000739,Product 739,Clothing,7,0.989302,0.188749
A00008175,Product 8175,Clothing,7,0.935732,0.189242
A00001797,Product 1797,Electronics,7,0.159281,0.182513
A00002920,Product 2920,Movies & TV,7,0.423053,0.189078
A00004715,Product 4715,Electronics,7,0.243358,0.189153
A00008370,Product 8370,Books,7,0.084058,0.188025
A00002519,Product 2519,Music,7,0.149285,0.190406
A00007658,Product 7658,Music,7,0.364206,0.191706
A00009426,Product 9426,Clothing,7,0.837851,0.191761
A00008831,Product 8831,Music,7,0.534894,0.191251
A00001897,Product 1897,Clothing,7,0.210865,0.187352
A00005950,Product 5950,Movies & TV,7,0.747510,0.189210
A00001276,Product 1276,Clothing,7,0.700520,0.191383
A00002369,Product 2369,Books,7,0.275690,0.187912
A00004655,Product 4655,Clothing,7,0.615361,0.188032
A00004491,Product 4491,Clothing,7,0.782771,0.192789
A00006422,Product 6422,Electronics,7,0.707717,0.190515
A00001846,Product 1846,Movies & TV,7,0.036019,0.190374
A00002275,Product 2275,Music,7,0.402797,0.183259
A00000221,Product 221,Music,7,0.355951,0.187549
A00006079,Product 6079,Movies & TV,7,0.183099,0.189267
A00006257,Product 6257,Books,7,0.647993,0.186298
A00006767,Product 6767,Electronics,7,0.242770,0.186549
A00004119,Product 4119,Books,7,0.873419,0.190904
A00001214,Product 1214,Electronics,7,0.752025,0.189472
A00005799,Product 5799,Clothing,7,0.175679,0.185589
A00003036,Product 3036,Music,7,0.701654,0.189976
A00000839,Product 839,Books,7,0.859961,0.192189
A00005110,Product 5110,Electronics,7,0.279232,0.187149
A00009997,Product 9997,Music,7,0.535053,0.189493
A00001120,Product 1120,Clothing,7,0.096739,0.189904
A00006421,Product 6421,Clothing,7,0.724301,0.190385
A00000859,Product 859,Music,7,0.093081,0.185503
A00008641,Product 8641,Electronics,7,0.269765,0.191849
A00007094,Product 7094,Books,7,0.535567,0.183216
A00008066,Product 8066,Music,7,0.410462,0.186936
A00006485,Product 6485,Music,7,0.218281,0.192388
A00004955,Product 4955,Electronics,7,0.223479,0.192488
A00009179,Product 9179,Clothing,7,0.971814,0.186354
A00006805,Product 6805,Music,7,0.496348,0.187521
A00000754,Product 754,Movies & TV,7,0.880646,0.189760
A00001903,Product 1903,Music,7,0.542088,0.186514
A00003213,Product 3213,Movies & TV,7,0.639986,0.191522
A00008606,Product 8606,Books,7,0.649324,0.186104
A00003765,Product 3765,Clothing,7,0.669873,0.185047
A00000792,Product 792,Clothing,7,0.906651,0.184599
A00008078,Product 8078,Electronics,7,0.235748,0.185638
A00005899,Product 5899,Books,7,0.172023,0.185945
A00002909,Product 2909,Electronics,7,0.386458,0.187328
A00000461,Product 461,Electronics,7,0.580359,0.187511
A00008259,Product 8259,Books,7,0.460123,0.188273
A00001874,Product 1874,Music,7,0.513584,0.193087
A00005595,Product 5595,Electronics,7,0.069393,0.191975
A00004018,Product 4018,Movies & TV,7,0.800698,0.189958
A00004282,Product 4282,Clothing,7,0.121352,0.188302
A00001527,Product 1527,Electronics,7,0.410832,0.190722
A00001498,Product 1498,Books,7,0.365804,0.188810
A00004107,Product 4107,Books,7,0.463228,0.195396
A00000050,Product 50,Music,7,0.190967,0.192074
A00006397,Product 6397,Electronics,7,0.426604,0.188429
A00000302,Product 302,Movies & TV,7,0.678457,0.184402
A00007464,Product 7464,Clothing,7,0.462448,0.189526
A00001811,Product 1811,Books,7,0.006408,0.186083
A00004197,Product 4197,Electronics,7,0.583490,0.193809
A00006018,Product 6018,Clothing,7,0.262495,0.184906
A00004245,Product 4245,Movies & TV,7,0.053909,0.190919
A00007812,Product 7812,Electronics,7,0.035637,0.189511
A00009279,Product 9279,Clothing,7,0.283623,0.191007
A00009644,Product 9644,Clothing,7,0.159134,0.185335
A00007831,Product 7831,Music,7,0.406580,0.189652
A00005365,Product 5365,Electronics,7,0.959945,0.186768
A00001726,Product 1726,Movies & TV,7,0.617589,0.188896
A00004401,Product 4401,Books,7,0.188650,0.191908
A00009809,Product 9809,Books,7,0.894325,0.187349
A00004185,Product 4185,Movies & TV,7,0.567204,0.191647
A00009312,Product 9312,Books,7,0.368856,0.191735
A00002346,Product 2346,Music,7,0.417889,0.186677
A00000442,Product 442,Clothing,7,0.524201,0.191196
A00007872,Product 7872,Movies & TV,7,0.680544,0.187293
A00005209,Product 5209,Electronics,7,0.286504,0.187518
A00001169,Product 1169,Books,7,0.113689,0.187037
A00003945,Product 3945,Electronics,7,0.416604,0.191372
A00002277,Product 2277,Music,7,0.265761,0.186806
A00008482,Product 8482,Books,7,0.616153,0.186705
A00008337,Product 8337,Books,7,0.223638,0.193296
A00003730,Product 3730,Electronics,7,0.034445,0.193427
A00003605,Product 3605,Clothing,7,0.267356,0.188700
A00000725,Product 725,Books,7,0.043891,0.190102
A00002031,Product 2031,Electronics,7,0.594401,0.187219
A00001558,Product 1558,Books,7,0.429391,0.192882
A00001738,Product 1738,Movies & TV,7,0.322124,0.192548
A00001828,Product 1828,Books,7,0.132433,0.191809
A00001645,Product 1645,Books,7,0.436186,0.187845
A00006339,Product 6339,Electronics,7,0.454023,0.183657
A00004772,Product 4772,Music,7,0.593709,0.188600
A00004055,Product 4055,Clothing,7,0.900558,0.187188
A00000265,Product 265,Music,7,0.114152,0.190247
A00008148,Product 8148,Electronics,7,0.745687,0.192429
A00007179,Product 7179,Music,7,0.568117,0.185783
A00001948,Product 1948,Electronics,7,0.735714,0.189228
A00008082,Product 8082,Electronics,7,0.533172,0.190842
A00008882,Product 8882,Clothing,7,0.282977,0.190348
A00009044,Product 9044,Books,7,0.504861,0.184218
A00003040,Product 3040,Movies & TV,7,0.014870,0.188653
A00003305,Product 3305,Clothing,7,0.768640,0.190490
A00008976,Product 8976,Music,7,0.763230,0.189893
A00006930,Product 6930,Electronics,7,0.151474,0.192982
A00007462,Product 7462,Music,7,0.777034,0.194867
A00001889,Product 1889,Clothing,7,0.906568,0.189583
A00007932,Product 7932,Electronics,7,0.947751,0.181302
A00006152,Product 6152,Music,7,0.804148,0.188284
A00009220,Product 9220,Movies & TV,7,0.687837,0.187009
A00007294,Product 7294,Music,7,0.155381,0.186862
A00002982,Product 2982,Clothing,7,0.266395,0.186559
A00007055,Product 7055,Clothing,7,0.287014,0.186524
A00005751,Product 5751,Movies & TV,7,0.221421,0.187293
A00001382,Product 1382,Electronics,7,0.691498,0.188735
A00008481,Product 8481,Music,7,0.200533,0.182131
A00004034,Product 4034,Books,7,0.396944,0.192200
A00005954,Product 5954,Electronics,7,0.139004,0.189328
A00003458,Product 3458,Electronics,7,0.102072,0.190149
A00003352,Product 3352,Movies & TV,7,0.729859,0.189688
A00002943,Product 2943,Books,7,0.929369,0.194129
A00009314,Product 9314,Electronics,7,0.469073,0.191123
A00005739,Product 5739,Clothing,7,0.961317,0.189969
A00002806,Product 2806,Electronics,7,0.265482,0.182978
A00001207,Product 1207,Books,7,0.178385,0.183045
A00001762,Product 1762,Music,7,0.510097,0.187395
A00006973,Product 6973,Movies & TV,7,0.245678,0.192930
A00001853,Product 1853,Books,7,0.633172,0.194605
A00009510,Product 9510,Clothing,7,0.521164,0.191456
A00005450,Product 5450,Movies & TV,7,0.321406,0.186170
A00003130,Product 3130,Books,7,0.786450,0.189174
A00001149,Product 1149,Electronics,7,0.773484,0.193042
A00006202,Product 6202,Books,7,0.582424,0.186810
A00004252,Product 4252,Clothing,7,0.862165,0.190204
A00009526,Product 9526,Clothing,7,0.177351,0.186236
A00009890,Product 9890,Music,7,0.653727,0.190864
A00008781,Product 8781,Books,7,0.245354,0.184235
A00008458,Product 8458,Movies & TV,7,0.095132,0.182974
A00000975,Product 975,Music,7,0.368072,0.180624
A00001817,Product 1817,Clothing,7,0.591936,0.193367
A00003255,Product 3255,Music,7,0.583030,0.184198
A00003810,Product 3810,Movies & TV,7,0.434881,0.192152
A00007258,Product 7258,Electronics,7,0.361245,0.187058
A00001225,Product 1225,Music,7,0.969336,0.187044
A00008569,Product 8569,Books,7,0.896664,0.189063
A00000826,Product 826,Electronics,7,0.837366,0.187338
A00003480,Product 3480,Electronics,7,0.961394,0.187167
A00001094,Product 1094,Books,7,0.166199,0.179341
A00001601,Product 1601,Clothing,7,0.923566,0.186475
A00003172,Product 3172,Books,7,0.805577,0.186153
A00000663,Product 663,Electronics,7,0.218545,0.185174
A00001453,Product 1453,Movies & TV,7,0.096262,0.189954
A00000560,Product 560,Clothing,7,0.141711,0.193802
A00004587,Product 4587,Movies & TV,7,0.581071,0.185002
A00006466,Product 6466,Clothing,7,0.733138,0.185153
A00003184,Product 3184,Clothing,7,0.688444,0.185924
A00007848,Product 7848,Clothing,7,0.399770,0.186566
A00006725,Product 6725,Movies & TV,7,0.229613,0.186270
A00000032,Product 32,Books,7,0.168906,0.187648
A00004285,Product 4285,Clothing,7,0.578557,0.187842
A00008789,Product 8789,Music,7,0.100708,0.188500
A00007757,Product 7757,Movies & TV,7,0.430756,0.194848
A00001713,Product 1713,Clothing,7,0.975468,0.189519
A00005451,Product 5451,Electronics,7,0.245489,0.187842
A00002084,Product 2084,Clothing,7,0.487740,0.186629
A00005715,Product 5715,Electronics,7,0.122891,0.181207
A00001188,Product 1188,Electronics,7,0.256054,0.189114
A00007413,Product 7413,Clothing,7,0.205939,0.187279
A00004007,Product 4007,Music,7,0.323035,0.188188
A00003510,Product 3510,Music,7,0.020233,0.189267
A00009855,Product 9855,Books,7,0.159588,0.186988
A00002197,Product 2197,Movies & TV,7,0.486975,0.192034
A00004719,Product 4719,Movies & TV,7,0.880588,0.190153
A00009951,Product 9951,Books,7,0.790001,0.185676
A00009896,Product 9896,Electronics,7,0.191056,0.185641
A00006481,Product 6481,Music,7,0.739982,0.187856
A00003387,Product 3387,Books,7,0.525583,0.190697
A00007379,Product 7379,Clothing,7,0.576275,0.192374
A00008333,Product 8333,Clothing,7,0.555376,0.189684
A00001746,Product 1746,Electronics,7,0.845513,0.187602
A00004001,Product 4001,Movies & TV,7,0.707012,0.189089
A00005848,Product 5848,Music,7,0.101818,0.183441
A00005589,Product 5589,Music,7,0.945807,0.193651
A00009617,Product 9617,Movies & TV,7,0.496702,0.188988
A00004502,Product 4502,Books,7,0.735721,0.192240
A00005905,Product 5905,Clothing,7,0.502223,0.188156
A00001809,Product 1809,Electronics,7,0.571407,0.193483
A00005532,Product 5532,Books,7,0.570257,0.186716
A00007710,Product 7710,Music,7,0.124246,0.190483
A00007286,Product 7286,Books,7,0.352322,0.183623
A00004642,Product 4642,Clothing,7,0.217686,0.189099
A00004717,Product 4717,Books,7,0.979849,0.189472
A00002458,Product 2458,Clothing,7,0.504966,0.186649
A00000508,Product 508,Books,7,0.563914,0.189310
A00007639,Product 7639,Music,7,0.145265,0.196305
A00006983,Product 6983,Movies & TV,7,0.438236,0.187451
A00007248,Product 7248,Books,7,0.317684,0.189734
A00006713,Product 6713,Clothing,7,0.864313,0.189142
A00008313,Product 8313,Clothing,7,0.619829,0.186125
A00006163,Product 6163,Clothing,7,0.794814,0.184630
A00008222,Product 8222,Movies & TV,7,0.626317,0.190276
A00001865,Product 1865,Movies & TV,7,0.436279,0.182207
A00001305,Product 1305,Movies & TV,7,0.410814,0.188824
A00001877,Product 1877,Books,7,0.761983,0.187451
A00005335,Product 5335,Books,7,0.455275,0.189547
A00007181,Product 7181,Movies & TV,7,0.828800,0.188263
A00004939,Product 4939,Music,7,0.875733,0.188135
A00001247,Product 1247,Music,7,0.692349,0.186904
A00008704,Product 8704,Electronics,7,0.247658,0.189547
A00004008,Product 4008,Music,7,0.075745,0.186964
A00002620,Product 2620,Music,7,0.151657,0.185421
A00007293,Product 7293,Clothing,7,0.129498,0.191453
A00007842,Product 7842,Electronics,7,0.971524,0.188415
A00001522,Product 1522,Clothing,7,0.283994,0.187303
A00000893,Product 893,Movies & TV,7,0.756029,0.187465
A00008428,Product 8428,Movies & TV,7,0.741502,0.190334
A00009398,Product 9398,Movies & TV,7,0.310981,0.185259
A00009871,Product 9871,Clothing,7,0.469235,0.189951
A00006425,Product 6425,Clothing,7,0.374921,0.187898
A00007394,Product 7394,Electronics,7,0.424168,0.195844
A00002417,Product 2417,Clothing,7,0.530731,0.192964
A00002350,Product 2350,Clothing,7,0.578659,0.187598
A00001857,Product 1857,Movies & TV,7,0.867232,0.189623
A00002051,Product 2051,Music,7,0.563184,0.190959
A00007785,Product 7785,Movies & TV,7,0.360630,0.188568
A00003144,Product 3144,Music,7,0.488569,0.190189
A00007856,Product 7856,Electronics,7,0.510876,0.188682
A00005612,Product 5612,Clothing,7,0.659102,0.185617
A00004788,Product 4788,Movies & TV,7,0.352803,0.188774
A00002213,Product 2213,Movies & TV,7,0.157948,0.187079
A00003732,Product 3732,Electronics,7,0.317748,0.185342
A00007250,Product 7250,Electronics,7,0.858364,0.188685
A00000478,Product 478,Clothing,7,0.231392,0.191423
A00008177,Product 8177,Electronics,7,0.914890,0.186643
A00006610,Product 6610,Music,7,0.663970,0.189544
A00009879,Product 9879,Electronics,7,0.065223,0.186274
A00006125,Product 6125,Books,7,0.386228,0.191167
A00007916,Product 7916,Movies & TV,7,0.294099,0.187230
A00008091,Product 8091,Clothing,7,0.462510,0.186995
A00009648,Product 9648,Movies & TV,7,0.486351,0.185503
A00001313,Product 1313,Music,7,0.318546,0.187591
A00003891,Product 3891,Books,7,0.857525,0.192644
A00001528,Product 1528,Books,7,0.652000,0.190269
A00007950,Product 7950,Music,7,0.057830,0.185858
A00008264,Product 8264,Movies & TV,7,0.443950,0.182687
A00003278,Product 3278,Clothing,7,0.202034,0.188682
A00007694,Product 7694,Movies & TV,7,0.799239,0.189824
A00003303,Product 3303,Books,7,0.415853,0.189210
A00007781,Product 7781,Clothing,7,0.837743,0.186413
A00008708,Product 8708,Electronics,7,0.153896,0.191471
A00009156,Product 9156,Movies & TV,7,0.797869,0.192897
A00009667,Product 9667,Movies & TV,7,0.110317,0.187219
A00002968,Product 2968,Music,7,0.309163,0.189558
A00005965,Product 5965,Books,7,0.597526,0.195320
A00009225,Product 9225,Music,7,0.731837,0.186806
A00001734,Product 1734,Books,7,0.273591,0.186590
A00000671,Product 671,Electronics,7,0.854487,0.178867
A00005105,Product 5105,Electronics,7,0.135767,0.188234
A00009414,Product 9414,Movies & TV,7,0.229157,0.185006
A00008413,Product 8413,Movies & TV,7,0.415080,0.182734
A00009848,Product 9848,Music,7,0.128912,0.185404
A00004405,Product 4405,Movies & TV,7,0.640287,0.191883
A00006084,Product 6084,Books,7,0.667995,0.188874
A00003553,Product 3553,Music,7,0.160695,0.182533
A00005941,Product 5941,Electronics,7,0.554349,0.192222
A00003434,Product 3434,Music,7,0.686400,0.188799
A00000911,Product 911,Music,7,0.724580,0.185993
A00007450,Product 7450,Clothing,7,0.027396,0.190704
A00003957,Product 3957,Books,7,0.403436,0.187694
A00009393,Product 9393,Music,7,0.450982,0.190868
A00001796,Product 1796,Books,7,0.044565,0.187195
A00005549,Product 5549,Movies & TV,7,0.613835,0.185983
A00003753,Product 3753,Clothing,7,0.863196,0.187275
A00004431,Product 4431,Movies & TV,7,0.579374,0.184089
A00008248,Product 8248,Books,7,0.902805,0.186566
A00004010,Product 4010,Electronics,7,0.438321,0.187672
A00002087,Product 2087,Books,7,0.008319,0.186406
A00008627,Product 8627,Music,7,0.807462,0.185438
A00005343,Product 5343,Music,7,0.333726,0.189454
A00006419,Product 6419,Movies & TV,7,0.504486,0.187962
A00009160,Product 9160,Music,7,0.752610,0.188369
A00008171,Product 8171,Movies & TV,7,0.642684,0.188554
A00007938,Product 7938,Electronics,7,0.324019,0.185400
A00006621,Product 6621,Books,7,0.497618,0.186813
A00004353,Product 4353,Books,7,0.835829,0.188529
A00007769,Product 7769,Electronics,7,0.011952,0.187114
A00005424,Product 5424,Music,7,0.811187,0.191574
A00007300,Product 7300,Movies & TV,7,0.009793,0.189670
A00008101,Product 8101,Electronics,7,0.407841,0.184188
A00000619,Product 619,Electronics,7,0.971149,0.187265
A00003969,Product 3969,Electronics,7,0.595732,0.181694
A00001665,Product 1665,Movies & TV,7,0.598163,0.187268
A00006758,Product 6758,Movies & TV,7,0.034037,0.191332
A00002251,Product 2251,Clothing,7,0.834469,0.189590
A00003837,Product 3837,Movies & TV,7,0.407097,0.185009
A00009493,Product 9493,Books,7,0.398741,0.191149
A00002729,Product 2729,Clothing,7,0.989507,0.188781
A00000422,Product 422,Books,7,0.874232,0.189889
A00007662,Product 7662,Movies & TV,7,0.795664,0.186420
A00001855,Product 1855,Music,7,0.296686,0.187930
A00001416,Product 1416,Clothing,7,0.654054,0.188468
A00002592,Product 2592,Movies & TV,7,0.987403,0.188529
A00003811,Product 3811,Movies & TV,7,0.591776,0.189587
A00000957,Product 957,Movies & TV,7,0.515998,0.188011
A00008283,Product 8283,Music,7,0.728689,0.186163
A00002503,Product 2503,Clothing,7,0.728065,0.187563
A00004113,Product 4113,Clothing,7,0.424532,0.187958
A00009824,Product 9824,Movies & TV,7,0.222885,0.189720
A00003210,Product 3210,Clothing,7,0.237008,0.182028
A00004284,Product 4284,Electronics,7,0.588050,0.184562
A00009537,Product 9537,Clothing,7,0.811289,0.191401
A00001330,Product 1330,Movies & TV,7,0.043509,0.191255
A00007740,Product 7740,Movies & TV,7,0.443932,0.189400
A00006211,Product 6211,Movies & TV,7,0.123353,0.184855
A00006317,Product 6317,Music,7,0.886832,0.191383
A00006277,Product 6277,Movies & TV,7,0.241215,0.187170
A00009663,Product 9663,Books,7,0.736856,0.192303
A00009329,Product 9329,Movies & TV,7,0.343504,0.191032
A00007719,Product 7719,Music,7,0.011066,0.189275
A00009893,Product 9893,Books,7,0.539718,0.187500
A00009623,Product 9623,Clothing,7,0.622526,0.189864
A00002036,Product 2036,Music,7,0.923443,0.188263
A00000491,Product 491,Electronics,7,0.389709,0.192167
A00004445,Product 4445,Movies & TV,7,0.469008,0.187595
A00008240,Product 8240,Music,7,0.747636,0.184443
A00000448,Product 448,Clothing,7,0.293178,0.188828
A00007458,Product 7458,Books,7,0.151828,0.192093
A00008245,Product 8245,Clothing,7,0.525557,0.192845
A00007980,Product 7980,Books,7,0.099636,0.184432
A00001108,Product 1108,Movies & TV,7,0.100313,0.187753
A00009889,Product 9889,Clothing,7,0.003208,0.189763
A00005109,Product 5109,Clothing,7,0.493129,0.189767
A00006680,Product 6680,Movies & TV,7,0.518285,0.185300
A00009622,Product 9622,Movies & TV,7,0.278135,0.190948
A00002044,Product 2044,Books,7,0.327583,0.186834
A00006057,Product 6057,Music,7,0.776637,0.190287
A00006717,Product 6717,Movies & TV,7,0.443078,0.186562
A00007851,Product 7851,Music,7,0.968513,0.184811
A00003479,Product 3479,Music,7,0.953033,0.185686
A00007680,Product 7680,Clothing,7,0.867639,0.188539
A00002151,Product 2151,Movies & TV,7,0.227258,0.184725
A00003416,Product 3416,Music,7,0.279173,0.190461
A00009857,Product 9857,Electronics,7,0.017238,0.186288
A00001070,Product 1070,Music,7,0.863311,0.187553
A00009124,Product 9124,Movies & TV,7,0.024864,0.189479
A00002314,Product 2314,Books,7,0.497036,0.182444
A00001007,Product 1007,Books,7,0.721294,0.186939
A00001325,Product 1325,Books,7,0.659896,0.192163
A00002994,Product 2994,Electronics,7,0.589007,0.191945
A00009620,Product 9620,Books,7,0.497331,0.191945
A00001072,Product 1072,Music,7,0.532985,0.184913
A00007011,Product 7011,Books,7,0.507921,0.189468
A00002180,Product 2180,Music,7,0.215766,0.191207
A00001217,Product 1217,Movies & TV,7,0.076239,0.186929
A00000950,Product 950,Movies & TV,7,0.720979,0.189124
A00002144,Product 2144,Movies & TV,7,0.722916,0.188309
A00003360,Product 3360,Movies & TV,7,0.601466,0.186583
A00006360,Product 6360,Clothing,7,0.160845,0.185869
A00006666,Product 6666,Clothing,7,0.653164,0.186437
A00003012,Product 3012,Clothing,7,0.960518,0.188121
A00004610,Product 4610,Music,7,0.250095,0.184005
A00007092,Product 7092,Books,7,0.317610,0.187048
A00004377,Product 4377,Movies & TV,7,0.886802,0.192248
A00003226,Product 3226,Books,7,0.557209,0.182834
A00004942,Product 4942,Electronics,7,0.695653,0.188539
A00002254,Product 2254,Electronics,7,0.504065,0.191599
A00009671,Product 9671,Electronics,7,0.038624,0.184415
A00001524,Product 1524,Movies & TV,7,0.067508,0.188337
A00000116,Product 116,Electronics,7,0.567313,0.184900
A00001884,Product 1884,Electronics,7,0.695609,0.188618
A00004898,Product 4898,Electronics,7,0.768711,0.189519
A00007052,Product 7052,Clothing,7,0.203139,0.187356
A00003672,Product 3672,Electronics,7,0.213090,0.189925
A00005478,Product 5478,Books,7,0.229872,0.187093
A00004617,Product 4617,Clothing,7,0.462202,0.188323
A00007372,Product 7372,Movies & TV,7,0.620069,0.187662
A00009433,Product 9433,Books,7,0.630002,0.188539
A00009826,Product 9826,Clothing,7,0.612759,0.182261
A00008185,Product 8185,Movies & TV,7,0.196712,0.190562
A00009605,Product 9605,Music,7,0.521780,0.187669
A00002380,Product 2380,Clothing,7,0.220705,0.187683
A00003764,Product 3764,Electronics,7,0.842549,0.185249
A00002146,Product 2146,Movies & TV,7,0.192553,0.183971
A00005872,Product 5872,Clothing,7,0.582062,0.186901
A00006017,Product 6017,Movies & TV,7,0.230336,0.190305
A00001868,Product 1868,Music,7,0.205932,0.189659
A00007004,Product 7004,Books,7,0.831272,0.190026
A00003727,Product 3727,Books,7,0.107172,0.194628
A00003491,Product 3491,Movies & TV,7,0.000898,0.188703
A00003824,Product 3824,Movies & TV,7,0.272226,0.188365
A00008785,Product 8785,Books,7,0.506925,0.187986
A00002725,Product 2725,Books,7,0.941938,0.184657
A00003345,Product 3345,Electronics,7,0.891033,0.191017
A00006980,Product 6980,Electronics,7,0.859842,0.189947
A00002848,Product 2848,Electronics,7,0.296454,0.186229
A00005577,Product 5577,Music,7,0.684599,0.182767
A00004280,Product 4280,Electronics,7,0.379853,0.188878
A00005275,Product 5275,Books,7,0.589195,0.189979
A00008632,Product 8632,Music,7,0.701557,0.186827
A00005734,Product 5734,Books,7,0.093193,0.190781
A00009139,Product 9139,Books,7,0.387461,0.186751
A00004746,Product 4746,Clothing,7,0.578809,0.189954
A00005850,Product 5850,Movies & TV,7,0.718464,0.186073
A00003113,Product 3113,Movies & TV,7,0.751275,0.192370
A00001568,Product 1568,Music,7,0.054147,0.189124
A00001779,Product 1779,Music,7,0.392920,0.186375
A00002471,Product 2471,Clothing,7,0.755212,0.184015
A00007034,Product 7034,Electronics,7,0.727517,0.188387
A00001472,Product 1472,Movies & TV,7,0.391507,0.188874
A00009197,Product 9197,Clothing,7,0.765045,0.190959
A00000780,Product 780,Clothing,7,0.657143,0.187792
A00005215,Product 5215,Books,7,0.112004,0.189310
A00002858,Product 2858,Movies & TV,7,0.744537,0.186455
A00009215,Product 9215,Electronics,7,0.459260,0.188415
A00007007,Product 7007,Clothing,7,0.296391,0.187842
A00007888,Product 7888,Movies & TV,7,0.502059,0.189788
A00006605,Product 6605,Clothing,7,0.667457,0.190243
A00005895,Product 5895,Movies & TV,7,0.105796,0.189972
A00004248,Product 4248,Electronics,7,0.236509,0.188789
A00005371,Product 5371,Movies & TV,7,0.195799,0.191566
A00003415,Product 3415,Clothing,7,0.943294,0.188582
A00009769,Product 9769,Movies & TV,7,0.843581,0.189972
A00006733,Product 6733,Clothing,7,0.854486,0.190948
A00009284,Product 9284,Movies & TV,7,0.787512,0.187761
A00003637,Product 3637,Electronics,7,0.277490,0.187132
A00000117,Product 117,Movies & TV,7,0.715828,0.183502
A00000770,Product 770,Electronics,7,0.961427,0.181506
A00005916,Product 5916,Movies & TV,7,0.612761,0.186562
A00009631,Product 9631,Clothing,7,0.651164,0.187458
A00001870,Product 1870,Electronics,7,0.948049,0.185600
A00006640,Product 6640,Books,7,0.609898,0.189228
A00006183,Product 6183,Clothing,7,0.133921,0.188547
A00009779,Product 9779,Music,7,0.261565,0.185941
A00006889,Product 6889,Electronics,7,0.924921,0.191555
A00009374,Product 9374,Movies & TV,7,0.509793,0.188564
A00001081,Product 1081,Electronics,7,0.385113,0.184620
A00005717,Product 5717,Music,7,0.989162,0.187845
A00000640,Product 640,Clothing,7,0.245068,0.189300
A00006632,Product 6632,Clothing,7,0.359889,0.187132
A00009428,Product 9428,Music,7,0.579533,0.193326
A00000130,Product 130,Clothing,7,0.287861,0.189167
A00000675,Product 675,Electronics,7,0.116344,0.189124
A00000861,Product 861,Books,7,0.616157,0.189933
A00003227,Product 3227,Books,7,0.089595,0.186080
A00008712,Product 8712,Music,7,0.912405,0.191886
A00004609,Product 4609,Books,7,0.794915,0.190236
A00005102,Product 5102,Books,7,0.983197,0.190254
A00000025,Product 25,Books,7,0.412925,0.187567
A00000567,Product 567,Movies & TV,7,0.893355,0.186569
A00000681,Product 681,Music,7,0.327151,0.191831
A00002149,Product 2149,Clothing,7,0.918171,0.188465
A00004118,Product 4118,Electronics,7,0.449595,0.184164
A00004343,Product 4343,Clothing,7,0.535405,0.187458
A00009813,Product 9813,Music,7,0.754342,0.192678
A00009630,Product 9630,Clothing,7,0.210209,0.186180
A00000609,Product 609,Books,7,0.450022,0.187613
A00001066,Product 1066,Movies & TV,7,0.927303,0.184076
A00007368,Product 7368,Music,7,0.679701,0.186604
A00004507,Product 4507,Electronics,7,0.205396,0.190204
A00003319,Product 3319,Music,7,0.434097,0.196974
A00009839,Product 9839,Books,7,0.975896,0.191621
A00005761,Product 5761,Electronics,7,0.073174,0.190711
A00001393,Product 1393,Electronics,7,0.296911,0.181487
A00006542,Product 6542,Clothing,7,0.378912,0.186625
A00008685,Product 8685,Electronics,7,0.829964,0.189049
A00005004,Product 5004,Books,7,0.396797,0.183974
A00003268,Product 3268,Music,7,0.691538,0.190581
A00004886,Product 4886,Movies & TV,7,0.481563,0.187205
A00003809,Product 3809,Books,7,0.278425,0.189774
A00006584,Product 6584,Movies & TV,7,0.958160,0.188355
A00009714,Product 9714,Electronics,7,0.699229,0.185807
A00004294,Product 4294,Clothing,7,0.222527,0.188284
A00003570,Product 3570,Books,7,0.735080,0.187944
A00003836,Product 3836,Books,7,0.365775,0.188917
A00003109,Product 3109,Clothing,7,0.475304,0.186656
A00007240,Product 7240,Music,7,0.243897,0.193475
A00002794,Product 2794,Movies & TV,7,0.264235,0.185569
A00008585,Product 8585,Music,7,0.032428,0.189936
A00009046,Product 9046,Movies & TV,7,0.016377,0.189289
A00008678,Product 8678,Movies & TV,7,0.068852,0.183370
A00001455,Product 1455,Electronics,7,0.817458,0.187810
A00000569,Product 569,Books,7,0.131747,0.185796
A00005152,Product 5152,Clothing,7,0.653281,0.181800
A00009756,Product 9756,Movies & TV,7,0.058164,0.189821
A00001311,Product 1311,Clothing,7,0.120563,0.185417
A00000150,Product 150,Movies & TV,7,0.333668,0.185703
A00009557,Product 9557,Movies & TV,7,0.628835,0.183065
A00000632,Product 632,Movies & TV,7,0.973807,0.187806
A00005470,Product 5470,Books,7,0.828259,0.188682
A00001150,Product 1150,Clothing,7,0.473683,0.194201
A00007077,Product 7077,Electronics,7,0.339622,0.183738
A00005001,Product 5001,Clothing,7,0.422621,0.185682
A00008490,Product 8490,Movies & TV,7,0.347354,0.192189
A00003053,Product 3053,Music,7,0.190110,0.186375
A00006806,Product 6806,Electronics,7,0.215064,0.186208
A00004944,Product 4944,Music,7,0.186449,0.189006
A00009235,Product 9235,Clothing,7,0.210259,0.188287
A00005388,Product 5388,Music,7,0.841859,0.187069
A00007777,Product 7777,Clothing,7,0.541662,0.189063
A00002560,Product 2560,Books,7,0.851934,0.186222
A00003001,Product 3001,Music,7,0.813082,0.188479
A00004412,Product 4412,Clothing,7,0.748999,0.193779
A00000999,Product 999,Movies & TV,7,0.519396,0.191489
A00009264,Product 9264,Music,7,0.916231,0.186364
A00008398,Product 8398,Electronics,7,0.234141,0.189447
A00007061,Product 7061,Electronics,7,0.568509,0.184688
A00001148,Product 1148,Music,7,0.528733,0.189702
A00005186,Product 5186,Books,7,0.598904,0.189886
A00001446,Product 1446,Music,7,0.248302,0.185493
A00004178,Product 4178,Music,7,0.744109,0.185071
A00007424,Product 7424,Electronics,7,0.376253,0.186437
A00007927,Product 7927,Music,7,0.762540,0.187764
A00001154,Product 1154,Electronics,7,0.332523,0.190185
A00007554,Product 7554,Books,7,0.386422,0.189264
A00003725,Product 3725,Books,7,0.483456,0.188971
A00000187,Product 187,Music,7,0.179722,0.188280
A00001803,Product 1803,Electronics,7,0.860051,0.183957
A00005536,Product 5536,Music,7,0.618101,0.187475
A00007080,Product 7080,Movies & TV,7,0.395126,0.182837
A00001050,Product 1050,Books,7,0.297302,0.188835
A00001937,Product 1937,Music,7,0.520853,0.187725
A00003336,Product 3336,Music,7,0.893170,0.189951
A00000785,Product 785,Clothing,7,0.438705,0.191313
A00005107,Product 5107,Electronics,7,0.831224,0.189918
A00000174,Product 174,Clothing,7,0.794526,0.192189
A00002960,Product 2960,Movies & TV,7,0.387722,0.186507
A00003486,Product 3486,Movies & TV,7,0.951548,0.187489
A00002767,Product 2767,Clothing,7,0.375628,0.190690
A00008967,Product 8967,Music,7,0.582917,0.187708
A00002280,Product 2280,Books,7,0.188727,0.190555
A00004281,Product 4281,Electronics,7,0.042368,0.185682
A00005779,Product 5779,Books,7,0.429509,0.190450
A00006638,Product 6638,Clothing,7,0.225056,0.185054
A00008638,Product 8638,Electronics,7,0.693153,0.186831
A00008520,Product 8520,Music,7,0.959762,0.189547
A00002125,Product 2125,Clothing,7,0.799757,0.189522
A00001536,Product 1536,Books,7,0.261947,0.190791
A00003563,Product 3563,Clothing,7,0.516619,0.189842
A00006844,Product 6844,Movies & TV,7,0.411269,0.184266
A00000421,Product 421,Movies & TV,7,0.524501,0.193132
A00000982,Product 982,Electronics,7,0.123367,0.185483
A00008597,Product 8597,Clothing,7,0.435926,0.190890
A00000115,Product 115,Clothing,7,0.772420,0.190439
A00001215,Product 1215,Clothing,7,0.996845,0.186191
A00005530,Product 5530,Music,7,0.930371,0.185693
A00003436,Product 3436,Clothing,7,0.003473,0.185455
A00006750,Product 6750,Movies & TV,7,0.667010,0.189246
A00006898,Product 6898,Movies & TV,7,0.826910,0.186691
A00004809,Product 4809,Books,7,0.018943,0.194193
A00009583,Product 9583,Movies & TV,7,0.290729,0.187349
A00001139,Product 1139,Clothing,7,0.240041,0.189529
A00000299,Product 299,Clothing,7,0.183167,0.186681
A00004365,Product 4365,Movies & TV,7,0.227019,0.186153
A00006322,Product 6322,Movies & TV,7,0.265973,0.186291
A00005211,Product 5211,Movies & TV,7,0.243137,0.187750
A00009729,Product 9729,Clothing,7,0.851742,0.192237
A00005271,Product 5271,Movies & TV,7,0.990797,0.190124
A00009550,Product 9550,Books,7,0.408166,0.188001
A00009122,Product 9122,Books,7,0.424897,0.187591
A00004566,Product 4566,Movies & TV,7,0.962685,0.191621
A00008382,Product 8382,Books,7,0.637626,0.187739
A00003063,Product 3063,Music,7,0.039076,0.181335
A00006793,Product 6793,Movies & TV,7,0.147694,0.185610
A00005475,Product 5475,Electronics,7,0.411280,0.189987
A00007979,Product 7979,Movies & TV,7,0.639780,0.192133
A00001272,Product 1272,Electronics,7,0.106754,0.188039
A00005183,Product 5183,Books,7,0.521308,0.190653
A00003314,Product 3314,Movies & TV,7,0.340498,0.190070
A00003845,Product 3845,Movies & TV,7,0.732063,0.185562
A00000267,Product 267,Books,7,0.154705,0.192133
A00003335,Product 3335,Books,7,0.374671,0.189918
A00003736,Product 3736,Clothing,7,0.767810,0.187058
A00007303,Product 7303,Movies & TV,7,0.891060,0.189954
A00001872,Product 1872,Movies & TV,7,0.592835,0.186897
A00004761,Product 4761,Music,7,0.645817,0.189046
A00000597,Product 597,Clothing,7,0.311617,0.187528
A00006564,Product 6564,Music,7,0.904905,0.185081
A00001837,Product 1837,Music,7,0.612417,0.186908
A00001648,Product 1648,Movies & TV,7,0.457751,0.186434
A00003991,Product 3991,Books,7,0.114123,0.193202
A00002225,Product 2225,Books,7,0.957625,0.182261
A00008419,Product 8419,Electronics,7,0.853156,0.188238
A00004114,Product 4114,Electronics,7,0.291565,0.189461
A00006567,Product 6567,Books,7,0.840576,0.191072
A00007847,Product 7847,Books,7,0.229063,0.183646
A00007904,Product 7904,Books,7,0.098606,0.188036
A00002554,Product 2554,Movies & TV,7,0.847611,0.185682
A00003167,Product 3167,Movies & TV,7,0.450791,0.187132
A00004526,Product 4526,Movies & TV,7,0.409441,0.192407
A00004964,Product 4964,Electronics,7,0.599691,0.189174
A00009281,Product 9281,Movies & TV,7,0.101456,0.191171
A00004987,Product 4987,Clothing,7,0.541940,0.185983
A00001427,Product 1427,Movies & TV,7,0.369146,0.186929
A00007621,Product 7621,Books,7,0.645588,0.186361
A00006928,Product 6928,Music,7,0.413348,0.185993
A00002168,Product 2168,Music,7,0.177728,0.182607
A00004088,Product 4088,Electronics,7,0.995975,0.188419
A00007135,Product 7135,Music,7,0.960023,0.186080
A00007415,Product 7415,Movies & TV,7,0.576543,0.189332
A00003047,Product 3047,Books,7,0.203710,0.183684
A00006562,Product 6562,Movies & TV,7,0.492518,0.184920
A00009602,Product 9602,Electronics,7,0.907690,0.190392
A00004696,Product 4696,Clothing,7,0.352612,0.188008
A00006087,Product 6087,Books,7,0.201263,0.187167
A00009237,Product 9237,Books,7,0.663633,0.188085
A00003185,Product 3185,Movies & TV,7,0.089105,0.188728
A00009795,Product 9795,Electronics,7,0.856567,0.183815
A00003384,Product 3384,Music,7,0.974234,0.189386
A00000542,Product 542,Electronics,7,0.626089,0.185232
A00001137,Product 1137,Music,7,0.855390,0.186493
A00004957,Product 4957,Books,7,0.484494,0.189063
A00008371,Product 8371,Electronics,7,0.665393,0.185700
A00002295,Product 2295,Movies & TV,7,0.231984,0.187051
A00006036,Product 6036,Electronics,7,0.884250,0.191185
A00002826,Product 2826,Clothing,7,0.742857,0.188671
A00000686,Product 686,Clothing,7,0.427917,0.181513
A00001436,Product 1436,Books,7,0.182591,0.191431
A00008971,Product 8971,Music,7,0.073056,0.186922
A00004768,Product 4768,Books,7,0.398109,0.187447
A00006812,Product 6812,Movies & TV,7,0.283237,0.189641
A00000248,Product 248,Books,7,0.130385,0.183923
A00003383,Product 3383,Books,7,0.092934,0.191460
A00002673,Product 2673,Music,7,0.431485,0.187926
A00005239,Product 5239,Movies & TV,7,0.973437,0.189868
A00002493,Product 2493,Clothing,7,0.901054,0.188539
A00004372,Product 4372,Books,7,0.301042,0.193273
A00005415,Product 5415,Clothing,7,0.019167,0.190044
A00003254,Product 3254,Movies & TV,7,0.968264,0.185531
A00001160,Product 1160,Books,7,0.741274,0.187349
A00008870,Product 8870,Books,7,0.857083,0.194321
A00000104,Product 104,Movies & TV,7,0.247976,0.190726
A00001934,Product 1934,Electronics,7,0.439895,0.189702
A00001261,Product 1261,Clothing,7,0.699656,0.187065
A00008662,Product 8662,Clothing,7,0.952756,0.190366
A00009163,Product 9163,Books,7,0.068459,0.188142
A00008654,Product 8654,Music,7,0.738326,0.190366
A00003298,Product 3298,Music,7,0.753615,0.186132
A00000471,Product 471,Music,7,0.235576,0.192144
A00004586,Product 4586,Music,7,0.894183,0.187247
A00008116,Product 8116,Books,7,0.230290,0.190124
A00009734,Product 9734,Clothing,7,0.692565,0.188607
A00004541,Product 4541,Books,7,0.438847,0.192626
A00001838,Product 1838,Clothing,7,0.344026,0.185583
A00003225,Product 3225,Books,7,0.615835,0.190730
A00005505,Product 5505,Clothing,7,0.915224,0.193031
A00001591,Product 1591,Movies & TV,7,0.731301,0.194423
A00001736,Product 1736,Music,7,0.439708,0.187909
A00004029,Product 4029,Electronics,7,0.212754,0.189958
A00002148,Product 2148,Books,7,0.251018,0.190280
A00002654,Product 2654,Movies & TV,7,0.515033,0.189540
A00002079,Product 2079,Music,7,0.640733,0.186918
A00007427,Product 7427,Music,7,0.087092,0.188764
A00001303,Product 1303,Clothing,7,0.680258,0.188057
A00007031,Product 7031,Movies & TV,7,0.762308,0.192362
A00002438,Product 2438,Movies & TV,7,0.597261,0.185931
A00009267,Product 9267,Electronics,7,0.014331,0.192785
A00005533,Product 5533,Electronics,7,0.754906,0.188252
A00004744,Product 4744,Books,7,0.372219,0.185969
A00003085,Product 3085,Movies & TV,7,0.221161,0.190610
A00003211,Product 3211,Clothing,7,0.341592,0.191464
A00003219,Product 3219,Books,7,0.655913,0.185600
A00001913,Product 1913,Books,7,0.791015,0.185748
A00007755,Product 7755,Electronics,7,0.629017,0.190704
A00004819,Product 4819,Clothing,7,0.564474,0.182121
A00007210,Product 7210,Electronics,7,0.312946,0.186000
A00001412,Product 1412,Books,7,0.902167,0.187905
A00005026,Product 5026,Music,7,0.247536,0.189731
A00004842,Product 4842,Clothing,7,0.152354,0.180566
A00006215,Product 6215,Clothing,7,0.399909,0.190164
A00004304,Product 4304,Movies & TV,7,0.906927,0.186880
A00008466,Product 8466,Electronics,7,0.642473,0.194276
A00005482,Product 5482,Music,7,0.086876,0.189232
A00007592,Product 7592,Electronics,7,0.221289,0.186319
A00003735,Product 3735,Books,7,0.177701,0.191838
A00009272,Product 9272,Movies & TV,7,0.859221,0.190861
A00006730,Product 6730,Music,7,0.622616,0.189969
A00005053,Product 5053,Music,7,0.099061,0.194193
A00001352,Product 1352,Clothing,7,0.849958,0.185129
A00001589,Product 1589,Electronics,7,0.026135,0.194318
A00003978,Product 3978,Movies & TV,7,0.381016,0.187072
A00003557,Product 3557,Clothing,7,0.234246,0.188266
A00004293,Product 4293,Movies & TV,7,0.758972,0.186375
A00009609,Product 9609,Books,7,0.823860,0.188696
A00005269,Product 5269,Books,7,0.820660,0.187972
A00003675,Product 3675,Movies & TV,7,0.827428,0.188799
A00005226,Product 5226,Clothing,7,0.324424,0.189770
A00006578,Product 6578,Movies & TV,7,0.280835,0.182780
A00007691,Product 7691,Clothing,7,0.615924,0.189253
A00008297,Product 8297,Electronics,7,0.557402,0.186545
A00006041,Product 6041,Music,7,0.017886,0.186719
A00006026,Product 6026,Electronics,7,0.567108,0.189447
A00000677,Product 677,Music,7,0.447864,0.185160
A00004126,Product 4126,Books,7,0.301349,0.191475
A00004660,Product 4660,Clothing,7,0.900127,0.185242
A00007264,Product 7264,Clothing,7,0.058360,0.185631
A00003781,Product 3781,Clothing,7,0.573148,0.188817
A00007864,Product 7864,Books,7,0.380938,0.193266
A00001112,Product 1112,Movies & TV,7,0.862268,0.189810
A00001222,Product 1222,Movies & TV,7,0.451945,0.190019
A00000031,Product 31,Electronics,7,0.042899,0.189440
A00003531,Product 3531,Movies & TV,7,0.019205,0.189310
A00003600,Product 3600,Clothing,7,0.639780,0.184982
A00007199,Product 7199,Music,7,0.889624,0.188029
A00005016,Product 5016,Movies & TV,7,0.275879,0.182570
A00008047,Product 8047,Electronics,7,0.031849,0.195717
A00000912,Product 912,Books,7,0.625468,0.188529
A00001095,Product 1095,Movies & TV,7,0.530308,0.189257
A00005069,Product 5069,Music,7,0.718259,0.187609
A00006395,Product 6395,Clothing,7,0.820057,0.187584
A00007380,Product 7380,Movies & TV,7,0.382998,0.189443
A00008445,Product 8445,Movies & TV,7,0.815782,0.191010
A00004637,Product 4637,Music,7,0.037728,0.193132
A00001653,Product 1653,Music,7,0.519257,0.188018
A00001301,Product 1301,Clothing,7,0.116716,0.188479
A00000368,Product 368,Movies & TV,7,0.778661,0.192507
A00006306,Product 6306,Movies & TV,7,0.171988,0.188075
A00000199,Product 199,Clothing,7,0.698039,0.191566
A00008099,Product 8099,Electronics,7,0.703098,0.186883
A00007154,Product 7154,Clothing,7,0.329776,0.184999
A00008565,Product 8565,Movies & TV,7,0.251760,0.190008
A00009790,Product 9790,Electronics,7,0.318306,0.186649
A00005572,Product 5572,Books,7,0.533762,0.191883
A00003104,Product 3104,Music,7,0.916212,0.187184
A00002583,Product 2583,Movies & TV,7,0.866674,0.185304
A00003793,Product 3793,Electronics,7,0.673304,0.189443
A00008884,Product 8884,Clothing,7,0.562953,0.182844
A00008289,Product 8289,Electronics,7,0.259002,0.192300
A00000516,Product 516,Movies & TV,7,0.374069,0.190799
A00003023,Product 3023,Clothing,7,0.531061,0.184120
A00003169,Product 3169,Clothing,7,0.095045,0.186101
A00003769,Product 3769,Music,7,0.295763,0.189850
A00004021,Product 4021,Clothing,7,0.897445,0.187941
A00005535,Product 5535,Electronics,7,0.290685,0.188032
A00001576,Product 1576,Electronics,7,0.050368,0.189063
A00004725,Product 4725,Clothing,7,0.647325,0.188142
A00003052,Product 3052,Books,7,0.345856,0.187349
A00009000,Product 9000,Music,7,0.918782,0.187279
A00002206,Product 2206,Clothing,7,0.923298,0.188564
A00008786,Product 8786,Music,7,0.632175,0.182974
A00008062,Product 8062,Electronics,7,0.913271,0.188415
A00001113,Product 1113,Electronics,7,0.074939,0.191339
A00000133,Product 133,Books,7,0.725761,0.189842
A00007027,Product 7027,Movies & TV,7,0.494523,0.187153
A00008782,Product 8782,Clothing,7,0.666314,0.183849
A00002540,Product 2540,Music,7,0.276164,0.186146
A00002876,Product 2876,Clothing,7,0.437750,0.189407
A00009213,Product 9213,Clothing,7,0.523892,0.188728
A00002322,Product 2322,Books,7,0.647715,0.190232
A00005996,Product 5996,Movies & TV,7,0.135746,0.187034
A00006568,Product 6568,Books,7,0.477862,0.185304
A00005816,Product 5816,Music,7,0.603105,0.188447
A00001205,Product 1205,Electronics,7,0.123487,0.190417
A00003615,Product 3615,Movies & TV,7,0.683978,0.194643
A00003390,Product 3390,Music,7,0.591252,0.184239
A00005793,Product 5793,Clothing,7,0.197802,0.185834
A00004971,Product 4971,Electronics,7,0.301248,0.183954
A00002427,Product 2427,Movies & TV,7,0.326877,0.190893
A00007028,Product 7028,Books,7,0.247441,0.182540
A00002089,Product 2089,Movies & TV,7,0.146876,0.183812
A00000427,Product 427,Music,7,0.246287,0.183630
A00003931,Product 3931,Movies & TV,7,0.154302,0.194276
A00006897,Product 6897,Clothing,7,0.526496,0.181556
A00003676,Product 3676,Clothing,7,0.381550,0.193132
A00001691,Product 1691,Books,7,0.777518,0.189680
A00007490,Product 7490,Electronics,7,0.042443,0.189250
A00003177,Product 3177,Electronics,7,0.066788,0.190530
A00008599,Product 8599,Clothing,7,0.948215,0.185938
A00008739,Product 8739,Clothing,7,0.797822,0.188266
A00003692,Product 3692,Clothing,7,0.364081,0.184855
A00003299,Product 3299,Music,7,0.781253,0.182633
A00003989,Product 3989,Movies & TV,7,0.407918,0.192741
A00008118,Product 8118,Clothing,7,0.587079,0.189774
A00009413,Product 9413,Clothing,7,0.258876,0.186524
A00003934,Product 3934,Movies & TV,7,0.141014,0.189608
A00000615,Product 615,Movies & TV,7,0.938046,0.188022
A00009405,Product 9405,Music,7,0.460192,0.187665
A00006732,Product 6732,Music,7,0.108735,0.189131
A00003460,Product 3460,Music,7,0.733235,0.186950
A00006842,Product 6842,Clothing,7,0.023340,0.188298
A00000399,Product 399,Movies & TV,7,0.877967,0.193434
A00004677,Product 4677,Books,7,0.308983,0.192685
A00004311,Product 4311,Clothing,7,0.302461,0.188298
A00008106,Product 8106,Electronics,7,0.797842,0.191713
A00007922,Product 7922,Clothing,7,0.144332,0.181332
A00001399,Product 1399,Movies & TV,7,0.178032,0.185979
A00002552,Product 2552,Movies & TV,7,0.051962,0.184062
A00007481,Product 7481,Music,7,0.762835,0.188245
A00004296,Product 4296,Electronics,7,0.475933,0.194386
A00001234,Product 1234,Music,7,0.944309,0.187058
A00000227,Product 227,Books,7,0.267579,0.189547
A00006359,Product 6359,Movies & TV,7,0.159238,0.188163
A00004795,Product 4795,Movies & TV,7,0.807430,0.190352
A00008780,Product 8780,Books,7,0.766421,0.190504
A00008846,Product 8846,Music,7,0.373771,0.186834
A00001182,Product 1182,Books,7,0.312611,0.184555
A00001263,Product 1263,Movies & TV,7,0.572268,0.186615
A00007201,Product 7201,Clothing,7,0.350962,0.189214
A00002238,Product 2238,Books,7,0.220650,0.188156
A00006407,Product 6407,Electronics,7,0.862251,0.189497
A00005432,Product 5432,Clothing,7,0.766603,0.187595
A00009904,Product 9904,Movies & TV,7,0.569915,0.187181
A00001378,Product 1378,Music,7,0.278454,0.188721
A00007771,Product 7771,Music,7,0.608055,0.185959
A00008791,Product 8791,Electronics,7,0.236435,0.191647
A00009182,Product 9182,Movies & TV,7,0.661668,0.183596
A00000222,Product 222,Electronics,7,0.060875,0.189207
A00006182,Product 6182,Electronics,7,0.872960,0.190548
A00007496,Product 7496,Electronics,7,0.583280,0.186562
A00002464,Product 2464,Movies & TV,7,0.051957,0.188863
A00001019,Product 1019,Movies & TV,7,0.950560,0.191610
A00005051,Product 5051,Electronics,7,0.399922,0.183414
A00008444,Product 8444,Books,7,0.512623,0.186834
A00002188,Product 2188,Electronics,7,0.163744,0.188061
A00007042,Product 7042,Movies & TV,7,0.873347,0.185078
A00003701,Product 3701,Clothing,7,0.491886,0.187391
A00004689,Product 4689,Movies & TV,7,0.450507,0.190857
A00002186,Product 2186,Books,7,0.607845,0.191109
A00002543,Product 2543,Books,7,0.918891,0.189526
A00008338,Product 8338,Clothing,7,0.810869,0.182810
A00003528,Product 3528,Electronics,7,0.861355,0.185890
A00001018,Product 1018,Clothing,7,0.481365,0.189375
A00001461,Product 1461,Electronics,7,0.575591,0.190606
A00002724,Product 2724,Books,7,0.937508,0.187835
A00009509,Product 9509,Books,7,0.937725,0.188771
A00000475,Product 475,Music,7,0.766953,0.185524
A00006912,Product 6912,Books,7,0.839904,0.184252
A00000966,Product 966,Movies & TV,7,0.934550,0.182891
A00001962,Product 1962,Electronics,7,0.554977,0.190664
A00008994,Product 8994,Books,7,0.890570,0.192152
A00006939,Product 6939,Electronics,7,0.456631,0.189745
A00003417,Product 3417,Electronics,7,0.414103,0.184130
A00000482,Product 482,Music,7,0.487124,0.191842
A00005607,Product 5607,Books,7,0.037873,0.190584
A00006997,Product 6997,Electronics,7,0.586403,0.193918
A00007203,Product 7203,Movies & TV,7,0.096283,0.188231
A00008522,Product 8522,Music,7,0.881939,0.185211
A00007405,Product 7405,Books,7,0.275478,0.191629
A00005546,Product 5546,Electronics,7,0.245129,0.191094
A00004934,Product 4934,Clothing,7,0.472033,0.188504
A00004024,Product 4024,Clothing,7,0.913332,0.187870
A00006082,Product 6082,Books,7,0.002383,0.191559
A00001350,Product 1350,Movies & TV,7,0.117342,0.187746
A00002123,Product 2123,Clothing,7,0.747826,0.185800
A00007278,Product 7278,Books,7,0.185627,0.184330
A00001219,Product 1219,Electronics,7,0.954388,0.185962
A00005191,Product 5191,Movies & TV,7,0.786421,0.190861
A00006815,Product 6815,Clothing,7,0.346183,0.181460
A00008984,Product 8984,Clothing,7,0.976375,0.183296
A00004360,Product 4360,Books,7,0.908209,0.191875
A00005932,Product 5932,Clothing,7,0.442982,0.185335
A00000019,Product 19,Clothing,7,0.449063,0.190744
A00006165,Product 6165,Clothing,7,0.580779,0.187331
A00007209,Product 7209,Electronics,7,0.222563,0.185483
A00002230,Product 2230,Movies & TV,7,0.309895,0.191164
A00005379,Product 5379,Electronics,7,0.964430,0.192979
A00007074,Product 7074,Electronics,7,0.472001,0.187831
A00005402,Product 5402,Electronics,7,0.703936,0.190443
A00001519,Product 1519,Music,7,0.927168,0.187609
A00009226,Product 9226,Music,7,0.781125,0.190617
A00005749,Product 5749,Movies & TV,7,0.928886,0.193139
A00005784,Product 5784,Music,6,0.672803,0.181569
A00009777,Product 9777,Electronics,6,0.502547,0.187736
A00004144,Product 4144,Music,6,0.214743,0.192359
A00007832,Product 7832,Books,6,0.400989,0.184654
A00000170,Product 170,Movies & TV,6,0.673232,0.184671
A00001621,Product 1621,Movies & TV,6,0.794342,0.185486
A00006162,Product 6162,Books,6,0.028326,0.186639
A00008681,Product 8681,Movies & TV,6,0.252818,0.185796
A00007083,Product 7083,Clothing,6,0.433209,0.191112
A00004619,Product 4619,Books,6,0.509228,0.185910
A00006220,Product 6220,Music,6,0.796596,0.178413
A00006903,Product 6903,Music,6,0.660615,0.183102
A00003448,Product 3448,Movies & TV,6,0.154544,0.185524
A00003543,Product 3543,Movies & TV,6,0.305151,0.183343
A00006274,Product 6274,Electronics,6,0.833073,0.189114
A00000866,Product 866,Electronics,6,0.870094,0.185407
A00004486,Product 4486,Music,6,0.644295,0.182537
A00000040,Product 40,Electronics,6,0.523861,0.187083
A00001680,Product 1680,Music,6,0.316694,0.182664
A00001622,Product 1622,Electronics,6,0.770074,0.182161
A00003963,Product 3963,Electronics,6,0.749704,0.183754
A00001333,Product 1333,Clothing,6,0.054581,0.184541
A00002499,Product 2499,Clothing,6,0.592463,0.187926
A00007230,Product 7230,Books,6,0.661470,0.183684
A00009382,Product 9382,Movies & TV,6,0.555542,0.186677
A00005037,Product 5037,Music,6,0.840219,0.190356
A00002653,Product 2653,Movies & TV,6,0.212221,0.190189
A00007790,Product 7790,Electronics,6,0.965076,0.187247
A00006001,Product 6001,Clothing,6,0.361385,0.185040
A00009649,Product 9649,Clothing,6,0.816426,0.184910
A00002736,Product 2736,Movies & TV,6,0.088422,0.190052
A00002425,Product 2425,Books,6,0.964150,0.185624
A00006518,Product 6518,Clothing,6,0.899160,0.187013
A00006816,Product 6816,Music,6,0.735499,0.189031
A00008661,Product 8661,Music,6,0.910891,0.187556
A00002211,Product 2211,Electronics,6,0.337146,0.187828
A00005863,Product 5863,Movies & TV,6,0.212986,0.187880
A00003198,Product 3198,Books,6,0.973057,0.187363
A00005002,Product 5002,Movies & TV,6,0.847889,0.186817
A00000245,Product 245,Books,6,0.265271,0.182327
A00009595,Product 9595,Books,6,0.362743,0.189933
A00005701,Product 5701,Electronics,6,0.029122,0.180468
A00008012,Product 8012,Music,6,0.597813,0.185242
A00007364,Product 7364,Movies & TV,6,0.875317,0.184729
A00005013,Product 5013,Music,6,0.765974,0.185689
A00004865,Product 4865,Books,6,0.804225,0.186751
A00003412,Product 3412,Music,6,0.500628,0.191105
A00003975,Product 3975,Clothing,6,0.491975,0.190309
A00003658,Product 3658,Electronics,6,0.224785,0.182533
A00001421,Product 1421,Music,6,0.262373,0.189598
A00007679,Product 7679,Music,6,0.503719,0.183199
A00007540,Product 7540,Clothing,6,0.391509,0.187997
A00004592,Product 4592,Electronics,6,0.102325,0.182810
A00006914,Product 6914,Clothing,6,0.907361,0.183515
A00004179,Product 4179,Movies & TV,6,0.721312,0.186813
A00001603,Product 1603,Books,6,0.805679,0.186936
A00001908,Product 1908,Electronics,6,0.758193,0.188493
A00008701,Product 8701,Electronics,6,0.938688,0.180364
A00003569,Product 3569,Books,6,0.775749,0.178940
A00005871,Product 5871,Electronics,6,0.387707,0.184920
A00002574,Product 2574,Electronics,6,0.753342,0.184555
A00005278,Product 5278,Clothing,6,0.457069,0.189533
A00009318,Product 9318,Movies & TV,6,0.859143,0.181800
A00005629,Product 5629,Movies & TV,6,0.540436,0.185410
A00001369,Product 1369,Clothing,6,0.323155,0.181655
A00001221,Product 1221,Music,6,0.881345,0.185741
A00004450,Product 4450,Clothing,6,0.276686,0.183923
A00004004,Product 4004,Movies & TV,6,0.126050,0.185397
A00005928,Product 5928,Books,6,0.345402,0.184300
A00007714,Product 7714,Movies & TV,6,0.074603,0.184487
A00000456,Product 456,Movies & TV,6,0.551155,0.185751
A00002752,Product 2752,Clothing,6,0.818357,0.184623
A00005750,Product 5750,Electronics,6,0.508497,0.186967
A00004514,Product 4514,Electronics,6,0.176142,0.185177
A00004347,Product 4347,Music,6,0.846819,0.188821
A00002659,Product 2659,Books,6,0.434398,0.183771
A00009597,Product 9597,Clothing,6,0.468605,0.189835
A00002495,Product 2495,Music,6,0.493889,0.185469
A00008629,Product 8629,Books,6,0.683459,0.187009
A00001741,Product 1741,Electronics,6,0.517915,0.186222
A00003981,Product 3981,Books,6,0.836405,0.186950
A00002271,Product 2271,Movies & TV,6,0.341925,0.189397
A00007013,Product 7013,Electronics,6,0.206772,0.185803
A00001905,Product 1905,Books,6,0.368568,0.186925
A00006714,Product 6714,Music,6,0.783022,0.183505
A00009231,Product 9231,Music,6,0.973747,0.185569
A00004953,Product 4953,Books,6,0.338094,0.184392
A00006293,Product 6293,Music,6,0.142947,0.188803
A00005955,Product 5955,Music,6,0.280454,0.183640
A00003334,Product 3334,Music,6,0.132554,0.184500
A00009375,Product 9375,Music,6,0.350201,0.184358
A00009395,Product 9395,Music,6,0.258003,0.182008
A00000576,Product 576,Clothing,6,0.294464,0.184763
A00000331,Product 331,Electronics,6,0.439319,0.181797
A00005224,Product 5224,Books,6,0.493175,0.184317
A00005667,Product 5667,Electronics,6,0.235035,0.182704
A00005922,Product 5922,Electronics,6,0.286657,0.188917
A00002772,Product 2772,Clothing,6,0.399785,0.185952
A00008525,Product 8525,Music,6,0.800229,0.181906
A00009332,Product 9332,Clothing,6,0.997693,0.188089
A00007965,Product 7965,Electronics,6,0.674975,0.188646
A00009196,Product 9196,Movies & TV,6,0.144712,0.182790
A00009117,Product 9117,Electronics,6,0.855455,0.186765
A00009940,Product 9940,Music,6,0.036540,0.185139
A00009668,Product 9668,Clothing,6,0.282842,0.185679
A00009672,Product 9672,Music,6,0.888940,0.181622
A00003604,Product 3604,Music,6,0.999424,0.188252
A00009673,Product 9673,Books,6,0.214108,0.187111
A00008799,Product 8799,Electronics,6,0.934849,0.186691
A00006510,Product 6510,Clothing,6,0.160069,0.174393
A00006615,Product 6615,Music,6,0.726242,0.180706
A00006301,Product 6301,Music,6,0.797244,0.185266
A00006707,Product 6707,Movies & TV,6,0.098254,0.180510
A00005621,Product 5621,Music,6,0.855351,0.187051
A00007920,Product 7920,Books,6,0.976973,0.187835
A00004117,Product 4117,Books,6,0.173143,0.184415
A00005325,Product 5325,Music,6,0.910802,0.188153
A00004228,Product 4228,Music,6,0.636186,0.185990
A00006684,Product 6684,Music,6,0.337478,0.185215
A00007095,Product 7095,Music,6,0.489062,0.182164
A00005986,Product 5986,Clothing,6,0.376259,0.187725
A00006263,Product 6263,Movies & TV,6,0.784758,0.184307
A00003087,Product 3087,Clothing,6,0.274283,0.188202
A00001387,Product 1387,Music,6,0.988150,0.184637
A00009175,Product 9175,Music,6,0.477371,0.183347
A00008680,Product 8680,Music,6,0.355687,0.184426
A00008977,Product 8977,Books,6,0.347562,0.175921
A00008127,Product 8127,Music,6,0.269071,0.190890
A00004943,Product 4943,Clothing,6,0.113217,0.185023
A00009687,Product 9687,Electronics,6,0.841946,0.184975
A00004870,Product 4870,Books,6,0.069274,0.186409
A00007384,Product 7384,Books,6,0.695069,0.181434
A00002286,Product 2286,Books,6,0.147611,0.178886
A00000875,Product 875,Movies & TV,6,0.911157,0.188408
A00009106,Product 9106,Clothing,6,0.485801,0.178652
A00006618,Product 6618,Movies & TV,6,0.979288,0.185638
A00009448,Product 9448,Clothing,6,0.331514,0.186291
A00009452,Product 9452,Music,6,0.859387,0.186090
A00005647,Product 5647,Movies & TV,6,0.663900,0.182440
A00000382,Product 382,Music,6,0.907955,0.180663
A00008369,Product 8369,Clothing,6,0.484280,0.189085
A00001557,Product 1557,Clothing,6,0.506893,0.183754
A00004908,Product 4908,Electronics,6,0.041547,0.181750
A00009584,Product 9584,Electronics,6,0.583580,0.186236
A00008406,Product 8406,Books,6,0.056526,0.185459
A00009078,Product 9078,Music,6,0.428848,0.186153
A00000345,Product 345,Movies & TV,6,0.200015,0.183340
A00001467,Product 1467,Books,6,0.818403,0.188312
A00008074,Product 8074,Books,6,0.625044,0.184228
A00004604,Product 4604,Music,6,0.217824,0.189053
A00002011,Product 2011,Electronics,6,0.954637,0.186059
A00001324,Product 1324,Music,6,0.416752,0.185428
A00005842,Product 5842,Music,6,0.338014,0.187591
A00002202,Product 2202,Music,6,0.506908,0.184324
A00004519,Product 4519,Electronics,6,0.145948,0.185600
A00002294,Product 2294,Clothing,6,0.386289,0.186737
A00004973,Product 4973,Clothing,6,0.898295,0.187574
A00004203,Product 4203,Music,6,0.397621,0.188121
A00007363,Product 7363,Books,6,0.945026,0.182757
A00008874,Product 8874,Movies & TV,6,0.748445,0.181896
A00005128,Product 5128,Electronics,6,0.911851,0.188096
A00009730,Product 9730,Electronics,6,0.163247,0.188100
A00008044,Product 8044,Music,6,0.498346,0.181273
A00002744,Product 2744,Music,6,0.582725,0.182427
A00000926,Product 926,Electronics,6,0.156196,0.186132
A00000601,Product 601,Music,6,0.372066,0.188554
A00006463,Product 6463,Movies & TV,6,0.882955,0.184613
A00002840,Product 2840,Clothing,6,0.226128,0.189156
A00004634,Product 4634,Clothing,6,0.680107,0.181975
A00007407,Product 7407,Electronics,6,0.341805,0.187118
A00008068,Product 8068,Music,6,0.472955,0.182610
A00001033,Product 1033,Books,6,0.489593,0.181569
A00004083,Product 4083,Music,6,0.823636,0.192689
A00007794,Product 7794,Books,6,0.046662,0.187679
A00003146,Product 3146,Movies & TV,6,0.819224,0.185589
A00009397,Product 9397,Books,6,0.821238,0.176729
A00008840,Product 8840,Music,6,0.438816,0.190988
A00001008,Product 1008,Electronics,6,0.576211,0.187662
A00008895,Product 8895,Electronics,6,0.465836,0.185483
A00007868,Product 7868,Music,6,0.446872,0.187013
A00002091,Product 2091,Movies & TV,6,0.617674,0.191699
A00008236,Product 8236,Clothing,6,0.420192,0.182904
A00003738,Product 3738,Books,6,0.034121,0.187345
A00001200,Product 1200,Electronics,6,0.799287,0.183677
A00007892,Product 7892,Clothing,6,0.237924,0.187725
A00007513,Product 7513,Books,6,0.589339,0.186758
A00003485,Product 3485,Books,6,0.887448,0.188749
A00000288,Product 288,Electronics,6,0.139640,0.187912
A00002917,Product 2917,Electronics,6,0.332606,0.183424
A00001770,Product 1770,Electronics,6,0.823755,0.184011
A00002599,Product 2599,Electronics,6,0.529595,0.187219
A00004796,Product 4796,Electronics,6,0.934907,0.182597
A00006385,Product 6385,Books,6,0.589729,0.184886
A00008788,Product 8788,Clothing,6,0.053036,0.189976
A00006645,Product 6645,Electronics,6,0.868764,0.187174
A00001957,Product 1957,Books,6,0.672826,0.183704
A00006351,Product 6351,Movies & TV,6,0.251348,0.183229
A00006886,Product 6886,Music,6,0.741890,0.180491
A00000378,Product 378,Clothing,6,0.331695,0.186866
A00003592,Product 3592,Books,6,0.189931,0.190283
A00003695,Product 3695,Music,6,0.670703,0.187683
A00004341,Product 4341,Music,6,0.884324,0.183643
A00000624,Product 624,Music,6,0.565642,0.186004
A00003646,Product 3646,Music,6,0.206731,0.181040
A00006557,Product 6557,Electronics,6,0.633957,0.186576
A00006922,Product 6922,Electronics,6,0.708359,0.183684
A00007728,Product 7728,Movies & TV,6,0.095611,0.187296
A00006875,Product 6875,Movies & TV,6,0.847563,0.184828
A00009952,Product 9952,Music,6,0.811811,0.183917
A00004839,Product 4839,Books,6,0.980397,0.181223
A00002035,Product 2035,Music,6,0.303974,0.188199
A00002722,Product 2722,Electronics,6,0.563823,0.184324
A00005369,Product 5369,Books,6,0.352427,0.187715
A00006076,Product 6076,Books,6,0.289746,0.182613
A00005645,Product 5645,Music,6,0.157943,0.184613
A00006964,Product 6964,Books,6,0.394013,0.183529
A00006516,Product 6516,Clothing,6,0.428426,0.187437
A00002375,Product 2375,Movies & TV,6,0.403294,0.182647
A00002336,Product 2336,Books,6,0.874890,0.185745
A00003914,Product 3914,Books,6,0.126959,0.190996
A00002269,Product 2269,Clothing,6,0.431187,0.191647
A00005458,Product 5458,Movies & TV,6,0.954953,0.184001
A00005074,Product 5074,Electronics,6,0.575629,0.181477
A00003713,Product 3713,Music,6,0.396080,0.187690
A00006005,Product 6005,Books,6,0.828970,0.181510
A00004106,Product 4106,Movies & TV,6,0.284904,0.186960
A00009906,Product 9906,Clothing,6,0.694538,0.184671
A00005354,Product 5354,Movies & TV,6,0.879320,0.184630
A00002046,Product 2046,Clothing,6,0.832905,0.185710
A00005433,Product 5433,Electronics,6,0.013867,0.178732
A00008390,Product 8390,Movies & TV,6,0.970995,0.184320
A00005956,Product 5956,Movies & TV,6,0.944310,0.185218
A00001669,Product 1669,Books,6,0.031951,0.187149
A00001275,Product 1275,Movies & TV,6,0.059981,0.183263
A00003555,Product 3555,Movies & TV,6,0.995527,0.188707
A00007165,Product 7165,Movies & TV,6,0.892421,0.182794
A00008415,Product 8415,Electronics,6,0.147786,0.191721
A00006278,Product 6278,Movies & TV,6,0.122297,0.184982
A00001235,Product 1235,Books,6,0.827990,0.187796
A00009214,Product 9214,Music,6,0.281311,0.179457
A00003129,Product 3129,Movies & TV,6,0.665022,0.184259
A00001654,Product 1654,Clothing,6,0.836915,0.191632
A00003163,Product 3163,Movies & TV,6,0.262112,0.184783
A00006977,Product 6977,Clothing,6,0.552838,0.186489
A00002209,Product 2209,Music,6,0.048035,0.185352
A00005453,Product 5453,Books,6,0.785645,0.186246
A00006772,Product 6772,Clothing,6,0.620716,0.191160
A00007088,Product 7088,Clothing,6,0.515180,0.177994
A00001663,Product 1663,Electronics,6,0.508781,0.184736
A00007563,Product 7563,Movies & TV,6,0.211610,0.185273
A00000532,Product 532,Music,6,0.541043,0.185201
A00001477,Product 1477,Music,6,0.913266,0.186368
A00000441,Product 441,Books,6,0.589366,0.185776
A00001353,Product 1353,Clothing,6,0.437930,0.186111
A00002609,Product 2609,Electronics,6,0.577891,0.184042
A00001696,Product 1696,Books,6,0.260146,0.188942
A00004193,Product 4193,Electronics,6,0.072237,0.183657
A00007419,Product 7419,Electronics,6,0.544637,0.190828
A00003474,Product 3474,Electronics,6,0.960028,0.189275
A00004086,Product 4086,Electronics,6,0.421963,0.185624
A00003760,Product 3760,Clothing,6,0.812245,0.186243
A00007556,Product 7556,Music,6,0.042395,0.183636
A00008139,Product 8139,Music,6,0.891666,0.186215
A00009776,Product 9776,Music,6,0.161578,0.185410
A00001651,Product 1651,Clothing,6,0.114764,0.184971
A00005111,Product 5111,Books,6,0.941549,0.184412
A00005558,Product 5558,Movies & TV,6,0.165486,0.184862
A00003710,Product 3710,Electronics,6,0.441497,0.187637
A00003389,Product 3389,Movies & TV,6,0.066591,0.184818
A00002821,Product 2821,Clothing,6,0.629400,0.183883
A00006259,Product 6259,Books,6,0.809147,0.182994
A00009598,Product 9598,Movies & TV,6,0.420013,0.186971
A00003980,Product 3980,Music,6,0.083710,0.188294
A00006532,Product 6532,Music,6,0.343409,0.178302
A00007107,Product 7107,Books,6,0.196547,0.182593
A00007736,Product 7736,Music,6,0.076528,0.185883
A00005267,Product 5267,Movies & TV,6,0.152712,0.186915
A00003930,Product 3930,Movies & TV,6,0.442330,0.189440
A00006513,Product 6513,Movies & TV,6,0.517300,0.188461
A00000231,Product 231,Books,6,0.628194,0.182938
A00008735,Product 8735,Music,6,0.043865,0.182710
A00003551,Product 3551,Electronics,6,0.385807,0.188316
A00003884,Product 3884,Movies & TV,6,0.346692,0.184872
A00007133,Product 7133,Movies & TV,6,0.325179,0.186747
A00003282,Product 3282,Music,6,0.698495,0.182198
A00000390,Product 390,Books,6,0.329209,0.189623
A00008875,Product 8875,Movies & TV,6,0.807240,0.185386
A00000307,Product 307,Movies & TV,6,0.725409,0.187796
A00002929,Product 2929,Electronics,6,0.749253,0.185417
A00002372,Product 2372,Music,6,0.852549,0.187209
A00002008,Product 2008,Books,6,0.285657,0.184181
A00004779,Product 4779,Books,6,0.743401,0.187535
A00006478,Product 6478,Clothing,6,0.816794,0.185589
A00000266,Product 266,Books,6,0.988981,0.186236
A00002931,Product 2931,Electronics,6,0.823245,0.186007
A00009415,Product 9415,Music,6,0.733405,0.182115
A00005348,Product 5348,Music,6,0.939884,0.184906
A00001204,Product 1204,Movies & TV,6,0.243935,0.187655
A00006380,Product 6380,Music,6,0.373967,0.185036
A00001010,Product 1010,Music,6,0.236238,0.187230
A00001473,Product 1473,Movies & TV,6,0.436276,0.184059
A00003280,Product 3280,Music,6,0.363255,0.183145
A00000053,Product 53,Music,6,0.759665,0.184852
A00002330,Product 2330,Books,6,0.395173,0.180026
A00006535,Product 6535,Clothing,6,0.712263,0.177769
A00000846,Product 846,Movies & TV,6,0.791370,0.185335
A00009366,Product 9366,Books,6,0.752312,0.186663
A00005948,Product 5948,Movies & TV,6,0.210844,0.181770
A00009429,Product 9429,Books,6,0.711113,0.188710
A00009499,Product 9499,Books,6,0.071479,0.189049
A00000343,Product 343,Books,6,0.022147,0.184103
A00005756,Product 5756,Clothing,6,0.531808,0.186125
A00003567,Product 3567,Music,6,0.623909,0.181836
A00006783,Product 6783,Books,6,0.140056,0.184944
A00004239,Product 4239,Movies & TV,6,0.854965,0.192396
A00007732,Product 7732,Electronics,6,0.963729,0.186073
A00007837,Product 7837,Movies & TV,6,0.718927,0.190661
A00006071,Product 6071,Movies & TV,6,0.681519,0.186967
A00009380,Product 9380,Movies & TV,6,0.713667,0.186733
A00003630,Product 3630,Books,6,0.670980,0.188146
A00008698,Product 8698,Electronics,6,0.509053,0.182347
A00002069,Product 2069,Clothing,6,0.732046,0.183694
A00004966,Product 4966,Music,6,0.809273,0.185610
A00000960,Product 960,Movies & TV,6,0.561826,0.188231
A00000100,Product 100,Music,6,0.509095,0.186922
A00002899,Product 2899,Music,6,0.219369,0.184293
A00009551,Product 9551,Electronics,6,0.184420,0.183903
A00005661,Product 5661,Movies & TV,6,0.244141,0.187574
A00002883,Product 2883,Clothing,6,0.885371,0.180266
A00004315,Product 4315,Clothing,6,0.873214,0.184086
A00008379,Product 8379,Clothing,6,0.673853,0.182540
A00003284,Product 3284,Clothing,6,0.466346,0.180572
A00009859,Product 9859,Clothing,6,0.227538,0.183988
A00000348,Product 348,Electronics,6,0.641778,0.183650
A00007758,Product 7758,Books,6,0.502850,0.183839
A00009032,Product 9032,Books,6,0.630654,0.191798
A00005719,Product 5719,Movies & TV,6,0.994862,0.188596
A00009335,Product 9335,Movies & TV,6,0.234516,0.187948
A00001165,Product 1165,Clothing,6,0.926527,0.188643
A00000986,Product 986,Movies & TV,6,0.575998,0.184865
A00007600,Product 7600,Movies & TV,6,0.631538,0.186712
A00000777,Product 777,Electronics,6,0.649274,0.181529
A00002696,Product 2696,Music,6,0.552953,0.189049
A00009363,Product 9363,Clothing,6,0.932539,0.187849
A00004479,Product 4479,Clothing,6,0.028927,0.182464
A00004174,Product 4174,Movies & TV,6,0.379571,0.187641
A00009610,Product 9610,Music,6,0.788475,0.183390
A00006853,Product 6853,Movies & TV,6,0.137780,0.184375
A00009983,Product 9983,Electronics,6,0.581645,0.182764
A00006244,Product 6244,Movies & TV,6,0.724073,0.183896
A00008664,Product 8664,Books,6,0.866091,0.190952
A00009048,Product 9048,Clothing,6,0.358644,0.186253
A00004681,Product 4681,Clothing,6,0.390269,0.182971
A00000377,Product 377,Books,6,0.026888,0.186413
A00006000,Product 6000,Movies & TV,6,0.152223,0.182068
A00006065,Product 6065,Electronics,6,0.199293,0.184906
A00004035,Product 4035,Movies & TV,6,0.302060,0.179958
A00001747,Product 1747,Music,6,0.916998,0.186056
A00009707,Product 9707,Movies & TV,6,0.811309,0.186939
A00000229,Product 229,Electronics,6,0.082101,0.189637
A00002914,Product 2914,Electronics,6,0.410140,0.184531
A00006780,Product 6780,Movies & TV,6,0.773558,0.179596
A00005707,Product 5707,Movies & TV,6,0.406882,0.185307
A00006791,Product 6791,Books,6,0.538689,0.182834
A00003107,Product 3107,Clothing,6,0.622082,0.183055
A00008589,Product 8589,Music,6,0.906615,0.189547
A00007065,Product 7065,Books,6,0.869302,0.187216
A00009394,Product 9394,Books,6,0.054449,0.188799
A00007797,Product 7797,Books,6,0.453651,0.186312
A00007531,Product 7531,Clothing,6,0.858154,0.181040
A00004853,Product 4853,Movies & TV,6,0.926726,0.184811
A00002388,Product 2388,Books,6,0.139551,0.186177
A00008734,Product 8734,Clothing,6,0.514489,0.185252
A00004874,Product 4874,Music,6,0.179879,0.179757
A00004249,Product 4249,Music,6,0.226297,0.183748
A00005994,Product 5994,Electronics,6,0.798016,0.185424
A00000773,Product 773,Movies & TV,6,0.897039,0.179322
A00006890,Product 6890,Music,6,0.614324,0.184242
A00007438,Product 7438,Electronics,6,0.119617,0.183643
A00002896,Product 2896,Music,6,0.844925,0.189386
A00004816,Product 4816,Music,6,0.079018,0.184324
A00002429,Product 2429,Music,6,0.929741,0.186253
A00000430,Product 430,Books,6,0.601799,0.185507
A00008601,Product 8601,Electronics,6,0.576131,0.181638
A00002373,Product 2373,Books,6,0.146337,0.180752
A00000847,Product 847,Electronics,6,0.325491,0.188917
A00006909,Product 6909,Electronics,6,0.445824,0.181999
A00005844,Product 5844,Electronics,6,0.616623,0.185177
A00004496,Product 4496,Electronics,6,0.708227,0.191515
A00009477,Product 9477,Clothing,6,0.910891,0.188885
A00001517,Product 1517,Clothing,6,0.736627,0.182991
A00002810,Product 2810,Music,6,0.104855,0.188355
A00005019,Product 5019,Clothing,6,0.497692,0.186357
A00001876,Product 1876,Clothing,6,0.534527,0.183491
A00007665,Product 7665,Electronics,6,0.959011,0.189716
A00006814,Product 6814,Music,6,0.052786,0.184056
A00006565,Product 6565,Movies & TV,6,0.970441,0.185762
A00000863,Product 863,Books,6,0.436621,0.183465
A00000278,Product 278,Movies & TV,6,0.457591,0.188639
A00004339,Product 4339,Clothing,6,0.666311,0.186361
A00002910,Product 2910,Electronics,6,0.165342,0.184913
A00008423,Product 8423,Electronics,6,0.225068,0.186566
A00002252,Product 2252,Music,6,0.874006,0.187623
A00000085,Product 85,Electronics,6,0.994410,0.189688
A00004081,Product 4081,Books,6,0.969087,0.186305
A00004564,Product 4564,Movies & TV,6,0.474924,0.185215
A00006110,Product 6110,Movies & TV,6,0.354992,0.187644
A00006581,Product 6581,Music,6,0.266106,0.189947
A00007829,Product 7829,Clothing,6,0.277901,0.188689
A00000371,Product 371,Music,6,0.939713,0.181122
A00008953,Product 8953,Electronics,6,0.959548,0.188174
A00009654,Product 9654,Electronics,6,0.407260,0.186988
A00007044,Product 7044,Movies & TV,6,0.412294,0.188220
A00009651,Product 9651,Movies & TV,6,0.236425,0.191699
A00009086,Product 9086,Books,6,0.675119,0.184259
A00003201,Product 3201,Movies & TV,6,0.219570,0.184378
A00004139,Product 4139,Movies & TV,6,0.357182,0.183532
A00005307,Product 5307,Electronics,6,0.697033,0.187342
A00006729,Product 6729,Music,6,0.055622,0.189716
A00002805,Product 2805,Books,6,0.049253,0.190055
A00008765,Product 8765,Movies & TV,6,0.054727,0.185845
A00000428,Product 428,Electronics,6,0.003957,0.182917
A00003466,Product 3466,Electronics,6,0.851323,0.189414
A00001672,Product 1672,Clothing,6,0.841618,0.183317
A00007198,Product 7198,Electronics,6,0.942300,0.186298
A00001657,Product 1657,Clothing,6,0.951462,0.187828
A00009956,Product 9956,Movies & TV,6,0.625909,0.184729
A00007713,Product 7713,Movies & TV,6,0.859213,0.184989
A00004380,Product 4380,Movies & TV,6,0.134894,0.189307
A00003519,Product 3519,Music,6,0.445385,0.188799
A00009823,Product 9823,Books,6,0.575311,0.177564
A00001074,Product 1074,Electronics,6,0.867805,0.178289
A00000172,Product 172,Electronics,6,0.900761,0.189529
A00001262,Product 1262,Books,6,0.453769,0.187835
A00003355,Product 3355,Books,6,0.933297,0.191475
A00004328,Product 4328,Music,6,0.193665,0.188124
A00009525,Product 9525,Music,6,0.601324,0.189954
A00007827,Product 7827,Electronics,6,0.945298,0.189328
A00003317,Product 3317,Books,6,0.372175,0.183873
A00005297,Product 5297,Electronics,6,0.793064,0.188621
A00004434,Product 4434,Clothing,6,0.806182,0.186146
A00004020,Product 4020,Music,6,0.458861,0.189353
A00002967,Product 2967,Movies & TV,6,0.883690,0.183991
A00001992,Product 1992,Movies & TV,6,0.806070,0.184477
A00006098,Product 6098,Clothing,6,0.220096,0.181092
A00004663,Product 4663,Music,6,0.121275,0.179994
A00006295,Product 6295,Clothing,6,0.958641,0.188216
A00002720,Product 2720,Movies & TV,6,0.073072,0.182018
A00009265,Product 9265,Movies & TV,6,0.177133,0.186726
A00009435,Product 9435,Electronics,6,0.689385,0.187044
A00009909,Product 9909,Music,6,0.346928,0.182597
A00006705,Product 6705,Books,6,0.257796,0.183512
A00005518,Product 5518,Electronics,6,0.137935,0.184463
A00009585,Product 9585,Books,6,0.087174,0.185129
A00004290,Product 4290,Clothing,6,0.424996,0.184324
A00007799,Product 7799,Books,6,0.233569,0.181269
A00001798,Product 1798,Books,6,0.789963,0.187532
A00008864,Product 8864,Electronics,6,0.018488,0.182814
A00006290,Product 6290,Books,6,0.836424,0.182857
A00004572,Product 4572,Books,6,0.138392,0.188412
A00004706,Product 4706,Clothing,6,0.999328,0.180055
A00009689,Product 9689,Clothing,6,0.106594,0.187065
A00000990,Product 990,Music,6,0.813840,0.184606
A00002119,Product 2119,Movies & TV,6,0.715437,0.185589
A00008077,Product 8077,Clothing,6,0.734585,0.184650
A00005709,Product 5709,Books,6,0.471875,0.183515
A00005583,Product 5583,Movies & TV,6,0.992518,0.184941
A00005181,Product 5181,Music,6,0.300571,0.183280
A00007914,Product 7914,Electronics,6,0.001749,0.184266
A00003454,Product 3454,Movies & TV,6,0.977702,0.184147
A00006198,Product 6198,Electronics,6,0.562341,0.182467
A00009045,Product 9045,Electronics,6,0.765220,0.181632
A00004490,Product 4490,Clothing,6,0.996288,0.183189
A00002001,Product 2001,Clothing,6,0.809204,0.186555
A00003150,Product 3150,Books,6,0.071045,0.189081
A00007760,Product 7760,Movies & TV,6,0.054568,0.185603
A00008545,Product 8545,Clothing,6,0.705301,0.185579
A00002528,Product 2528,Electronics,6,0.716033,0.189343
A00008011,Product 8011,Clothing,6,0.837243,0.182075
A00001058,Product 1058,Music,6,0.798732,0.187574
A00007544,Product 7544,Books,6,0.196408,0.180964
A00002288,Product 2288,Music,6,0.197401,0.186434
A00000618,Product 618,Electronics,6,0.593704,0.188899
A00000807,Product 807,Electronics,6,0.694123,0.189868
A00008345,Product 8345,Music,6,0.127449,0.185896
A00003987,Product 3987,Music,6,0.746917,0.183226
A00002428,Product 2428,Books,6,0.430235,0.183219
A00009367,Product 9367,Electronics,6,0.262553,0.189684
A00001318,Product 1318,Electronics,6,0.740374,0.182807
A00000163,Product 163,Music,6,0.481973,0.186368
A00005915,Product 5915,Books,6,0.979319,0.184896
A00000537,Product 537,Books,6,0.980817,0.182794
A00009417,Product 9417,Music,6,0.039798,0.189060
A00001650,Product 1650,Movies & TV,6,0.016102,0.184313
A00009466,Product 9466,Clothing,6,0.914850,0.192537
A00009645,Product 9645,Electronics,6,0.517807,0.187704
A00003442,Product 3442,Electronics,6,0.866933,0.188110
A00003911,Product 3911,Music,6,0.181864,0.180425
A00004612,Product 4612,Music,6,0.022112,0.187877
A00001096,Product 1096,Electronics,6,0.530706,0.187356
A00003111,Product 3111,Music,6,0.136679,0.174631
A00002490,Product 2490,Music,6,0.516558,0.190099
A00009143,Product 9143,Music,6,0.585586,0.188277
A00003091,Product 3091,Clothing,6,0.814271,0.182971
A00002074,Product 2074,Electronics,6,0.719883,0.186434
A00001812,Product 1812,Clothing,6,0.843462,0.181043
A00000659,Product 659,Electronics,6,0.473108,0.192503
A00000525,Product 525,Books,6,0.352536,0.178544
A00006840,Product 6840,Books,6,0.173036,0.185208
A00001788,Product 1788,Clothing,6,0.243931,0.186500
A00004511,Product 4511,Music,6,0.545477,0.183387
A00008897,Product 8897,Movies & TV,6,0.049185,0.187884
A00001782,Product 1782,Music,6,0.504196,0.188294
A00000341,Product 341,Music,6,0.635882,0.184814
A00004631,Product 4631,Movies & TV,6,0.705593,0.183539
A00006155,Product 6155,Movies & TV,6,0.738499,0.189063
A00001174,Product 1174,Electronics,6,0.006477,0.183707
A00005865,Product 5865,Movies & TV,6,0.631341,0.187994
A00009706,Product 9706,Clothing,6,0.767912,0.187058
A00002159,Product 2159,Music,6,0.277842,0.187149
A00008384,Product 8384,Music,6,0.625217,0.186566
A00001789,Product 1789,Movies & TV,6,0.165327,0.186894
A00008603,Product 8603,Books,6,0.896162,0.194336
A00007340,Product 7340,Electronics,6,0.994266,0.182480
A00007015,Product 7015,Clothing,6,0.784564,0.192019
A00003215,Product 3215,Electronics,6,0.761163,0.189461
A00009171,Product 9171,Movies & TV,6,0.216646,0.185054
A00009221,Product 9221,Books,6,0.963658,0.189400
A00001954,Product 1954,Clothing,6,0.223813,0.184205
A00000880,Product 880,Movies & TV,6,0.408518,0.183505
A00001485,Product 1485,Movies & TV,6,0.748239,0.188433
A00003887,Product 3887,Movies & TV,6,0.536861,0.188938
A00006926,Product 6926,Music,6,0.695100,0.191673
A00000660,Product 660,Music,6,0.951259,0.188107
A00002730,Product 2730,Movies & TV,6,0.759363,0.184992
A00006039,Product 6039,Clothing,6,0.668140,0.188486
A00008085,Product 8085,Clothing,6,0.713485,0.187637
A00008751,Product 8751,Clothing,6,0.855321,0.191127
A00006624,Product 6624,Music,6,0.904279,0.183734
A00009464,Product 9464,Clothing,6,0.944104,0.176008
A00004473,Product 4473,Music,6,0.383196,0.181454
A00006236,Product 6236,Electronics,6,0.700779,0.184824
A00008501,Product 8501,Movies & TV,6,0.984746,0.183802
A00009062,Product 9062,Clothing,6,0.182121,0.181214
A00009718,Product 9718,Music,6,0.151534,0.185373
A00008820,Product 8820,Movies & TV,6,0.747810,0.184924
A00008299,Product 8299,Electronics,6,0.483555,0.187725
A00008483,Product 8483,Music,6,0.714278,0.184161
A00006286,Product 6286,Movies & TV,6,0.740912,0.184548
A00003503,Product 3503,Electronics,6,0.768391,0.179210
A00005009,Product 5009,Music,6,0.592566,0.191087
A00002383,Product 2383,Books,6,0.670891,0.188124
A00001259,Product 1259,Clothing,6,0.929750,0.182108
A00005604,Product 5604,Movies & TV,6,0.265801,0.185562
A00001017,Product 1017,Electronics,6,0.006520,0.185445
A00000004,Product 4,Music,6,0.448495,0.183085
A00001299,Product 1299,Clothing,6,0.457499,0.190164
A00001230,Product 1230,Electronics,6,0.262355,0.186660
A00003575,Product 3575,Electronics,6,0.701295,0.182487
A00004276,Product 4276,Books,6,0.175683,0.188789
A00005722,Product 5722,Clothing,6,0.053442,0.183721
A00003296,Product 3296,Electronics,6,0.958117,0.186063
A00000455,Product 455,Electronics,6,0.473297,0.189616
A00008256,Product 8256,Clothing,6,0.560611,0.184005
A00009724,Product 9724,Electronics,6,0.178606,0.182740
A00009818,Product 9818,Books,6,0.427089,0.186876
A00004396,Product 4396,Books,6,0.220591,0.182380
A00004913,Product 4913,Movies & TV,6,0.462917,0.186964
A00005740,Product 5740,Electronics,6,0.052954,0.180788
A00005130,Product 5130,Clothing,6,0.188740,0.184500
A00001071,Product 1071,Music,6,0.342572,0.189698
A00009010,Product 9010,Music,6,0.585331,0.189282
A00003536,Product 3536,Clothing,6,0.907878,0.186208
A00000321,Product 321,Clothing,6,0.234249,0.179657
A00008328,Product 8328,Clothing,6,0.842326,0.189003
A00008125,Product 8125,Books,6,0.578405,0.182394
A00003583,Product 3583,Books,6,0.588555,0.182012
A00003090,Product 3090,Clothing,6,0.305305,0.183370
A00006861,Product 6861,Music,6,0.466919,0.180945
A00006719,Product 6719,Movies & TV,6,0.044862,0.189756
A00006747,Product 6747,Movies & TV,6,0.419020,0.186448
A00000707,Product 707,Books,6,0.066192,0.184640
A00001294,Product 1294,Books,6,0.483198,0.182164
A00003801,Product 3801,Movies & TV,6,0.507974,0.178793
A00008316,Product 8316,Clothing,6,0.107748,0.189915
A00003060,Product 3060,Music,6,0.344433,0.184279
A00006325,Product 6325,Electronics,6,0.864650,0.185276
A00005840,Product 5840,Music,6,0.354047,0.186573
A00006592,Product 6592,Clothing,6,0.933732,0.186399
A00007132,Product 7132,Music,6,0.469343,0.182184
A00003515,Product 3515,Clothing,6,0.941163,0.180631
A00002532,Product 2532,Movies & TV,6,0.750966,0.184449
A00004287,Product 4287,Clothing,6,0.165582,0.190319
A00005172,Product 5172,Electronics,6,0.096161,0.187303
A00001339,Product 1339,Clothing,6,0.710967,0.178966
A00005058,Product 5058,Electronics,6,0.210142,0.181648
A00000644,Product 644,Movies & TV,6,0.688785,0.186964
A00006803,Product 6803,Music,6,0.208334,0.184968
A00008883,Product 8883,Electronics,6,0.565251,0.187676
A00005298,Product 5298,Music,6,0.033171,0.183903
A00007096,Product 7096,Movies & TV,6,0.624312,0.190446
A00006885,Product 6885,Movies & TV,6,0.659285,0.185386
A00002970,Product 2970,Movies & TV,6,0.871531,0.183940
A00001668,Product 1668,Electronics,6,0.972505,0.182610
A00002479,Product 2479,Music,6,0.260962,0.183424
A00005831,Product 5831,Movies & TV,6,0.572848,0.181457
A00004777,Product 4777,Electronics,6,0.165851,0.186737
A00005081,Product 5081,Clothing,6,0.914344,0.189990
A00007059,Product 7059,Books,6,0.302483,0.186698
A00008162,Product 8162,Books,6,0.568023,0.179715
A00007830,Product 7830,Movies & TV,6,0.437995,0.184296
A00008161,Product 8161,Clothing,6,0.107219,0.184117
A00009200,Product 9200,Clothing,6,0.232751,0.181227
A00001274,Product 1274,Books,6,0.159281,0.186198
A00009641,Product 9641,Books,6,0.625583,0.187107
A00000254,Product 254,Electronics,6,0.560227,0.187813
A00000625,Product 625,Music,6,0.349275,0.182297
A00003271,Product 3271,Music,6,0.657482,0.189443
A00008046,Product 8046,Books,6,0.065898,0.184052
A00005015,Product 5015,Books,6,0.583460,0.183219
A00007477,Product 7477,Music,6,0.030312,0.185772
A00002614,Product 2614,Clothing,6,0.224715,0.182095
A00003946,Product 3946,Music,6,0.601314,0.186653
A00008349,Product 8349,Electronics,6,0.654525,0.185527
A00004578,Product 4578,Music,6,0.619402,0.186472
A00003362,Product 3362,Electronics,6,0.654103,0.187828
A00002773,Product 2773,Music,6,0.386540,0.182125
A00008113,Product 8113,Electronics,6,0.179381,0.179515
A00006436,Product 6436,Electronics,6,0.136853,0.185890
A00007117,Product 7117,Movies & TV,6,0.203236,0.187672
A00005832,Product 5832,Books,6,0.216400,0.182264
A00000228,Product 228,Clothing,6,0.096472,0.187254
A00008910,Product 8910,Books,6,0.402616,0.185928
A00009036,Product 9036,Electronics,6,0.048096,0.181342
A00001227,Product 1227,Movies & TV,6,0.746867,0.182907
A00007742,Product 7742,Electronics,6,0.951507,0.185682
A00005261,Product 5261,Movies & TV,6,0.519498,0.181115
A00001385,Product 1385,Electronics,6,0.357823,0.192444
A00003588,Product 3588,Movies & TV,6,0.068585,0.176552
A00005337,Product 5337,Movies & TV,6,0.357502,0.188216
A00002600,Product 2600,Music,6,0.532120,0.181916
A00009360,Product 9360,Electronics,6,0.887484,0.191394
A00007045,Product 7045,Electronics,6,0.300179,0.185177
A00008725,Product 8725,Electronics,6,0.571751,0.177347
A00008571,Product 8571,Electronics,6,0.680000,0.181747
A00002677,Product 2677,Clothing,6,0.785046,0.189749
A00004211,Product 4211,Music,6,0.191831,0.187475
A00005212,Product 5212,Movies & TV,6,0.399297,0.182871
A00007514,Product 7514,Electronics,6,0.613076,0.182294
A00008713,Product 8713,Electronics,6,0.871418,0.187644
A00005729,Product 5729,Electronics,6,0.794242,0.191069
A00007112,Product 7112,Books,6,0.491668,0.180175
A00004734,Product 4734,Music,6,0.555815,0.190301
A00006291,Product 6291,Electronics,6,0.866707,0.178238
A00003684,Product 3684,Books,6,0.741645,0.188383
A00004428,Product 4428,Clothing,6,0.014831,0.186316
A00002054,Product 2054,Books,6,0.509665,0.182570
A00008241,Product 8241,Electronics,6,0.435323,0.189336
A00007604,Product 7604,Movies & TV,6,0.092949,0.183768
A00007549,Product 7549,Music,6,0.709805,0.180761
A00008623,Product 8623,Music,6,0.195752,0.179796
A00009624,Product 9624,Books,6,0.189074,0.182467
A00009936,Product 9936,Electronics,6,0.461640,0.186744
A00002619,Product 2619,Electronics,6,0.046977,0.187209
A00005573,Product 5573,Clothing,6,0.714829,0.187962
A00000091,Product 91,Books,6,0.864403,0.182777
A00006972,Product 6972,Music,6,0.737316,0.186817
A00004928,Product 4928,Music,6,0.133452,0.188163
A00003609,Product 3609,Clothing,6,0.752841,0.187037
A00002398,Product 2398,Books,6,0.232478,0.185693
A00003829,Product 3829,Electronics,6,0.980510,0.188871
A00002578,Product 2578,Books,6,0.396091,0.183984
A00002938,Product 2938,Clothing,6,0.763019,0.181276
A00000989,Product 989,Music,6,0.749581,0.184565
A00003138,Product 3138,Clothing,6,0.032697,0.190642
A00001835,Product 1835,Music,6,0.236073,0.184954
A00001970,Product 1970,Movies & TV,6,0.123676,0.188096
A00000414,Product 414,Movies & TV,6,0.864105,0.184725
A00004767,Product 4767,Books,6,0.335332,0.187539
A00003328,Product 3328,Books,6,0.331297,0.184429
A00001462,Product 1462,Music,6,0.685633,0.184968
A00007040,Product 7040,Clothing,6,0.907932,0.184800
A00003285,Product 3285,Books,6,0.622388,0.180279
A00007815,Product 7815,Books,6,0.925154,0.184889
A00009554,Product 9554,Books,6,0.934159,0.180292
A00008165,Product 8165,Electronics,6,0.051966,0.185907
A00003587,Product 3587,Clothing,6,0.297408,0.186841
A00001737,Product 1737,Movies & TV,6,0.054631,0.184708
A00006070,Product 6070,Music,6,0.574881,0.189587
A00007906,Product 7906,Books,6,0.060432,0.188896
A00003343,Product 3343,Movies & TV,6,0.985339,0.185283
A00001300,Product 1300,Music,6,0.392124,0.189756
A00003035,Product 3035,Movies & TV,6,0.328636,0.185676
A00005135,Product 5135,Clothing,6,0.096293,0.182267
A00004133,Product 4133,Clothing,6,0.929905,0.184910
A00008491,Product 8491,Clothing,6,0.093015,0.180817
A00004801,Product 4801,Electronics,6,0.124815,0.184674
A00004261,Product 4261,Clothing,6,0.041283,0.185119
A00003476,Product 3476,Electronics,6,0.743522,0.179200
A00003135,Product 3135,Electronics,6,0.375269,0.186719
A00004385,Product 4385,Movies & TV,6,0.138244,0.182267
A00007249,Product 7249,Electronics,6,0.165458,0.179951
A00006662,Product 6662,Clothing,6,0.133997,0.182028
A00000752,Product 752,Books,6,0.575829,0.188156
A00008949,Product 8949,Books,6,0.101818,0.190548
A00004362,Product 4362,Electronics,6,0.234388,0.180709
A00006272,Product 6272,Books,6,0.739247,0.188710
A00002405,Product 2405,Books,6,0.936082,0.184999
A00002067,Product 2067,Music,6,0.717940,0.180755
A00007978,Product 7978,Clothing,6,0.242980,0.183428
A00007465,Product 7465,Clothing,6,0.565818,0.186170
A00006788,Product 6788,Movies & TV,6,0.003529,0.192325
A00002498,Product 2498,Movies & TV,6,0.439135,0.185779
A00008237,Product 8237,Electronics,6,0.550900,0.188860
A00005187,Product 5187,Music,6,0.118152,0.188234
A00008866,Product 8866,Movies & TV,6,0.789917,0.188785
A00009513,Product 9513,Movies & TV,6,0.201411,0.185641
A00000855,Product 855,Clothing,6,0.224960,0.185476
A00006439,Product 6439,Movies & TV,6,0.108240,0.189382
A00009262,Product 9262,Movies & TV,6,0.363613,0.179673
A00008414,Product 8414,Electronics,6,0.301782,0.185886
A00001729,Product 1729,Clothing,6,0.292681,0.187093
A00004832,Product 4832,Music,6,0.873520,0.187511
A00007087,Product 7087,Electronics,6,0.689917,0.185386
A00006312,Product 6312,Music,6,0.580973,0.185479
A00006330,Product 6330,Music,6,0.733790,0.183886
A00005444,Product 5444,Music,6,0.784937,0.187648
A00000260,Product 260,Music,6,0.117717,0.188078
A00008023,Product 8023,Books,6,0.431738,0.180948
A00009862,Product 9862,Books,6,0.676191,0.184941
A00009883,Product 9883,Music,6,0.185410,0.185304
A00000823,Product 823,Clothing,6,0.893139,0.190135
A00002034,Product 2034,Electronics,6,0.808524,0.189871
A00000243,Product 243,Movies & TV,6,0.107567,0.186503
A00000509,Product 509,Movies & TV,6,0.722641,0.181856
A00000232,Product 232,Clothing,6,0.296049,0.187634
A00007014,Product 7014,Clothing,6,0.090452,0.179551
A00003854,Product 3854,Music,6,0.248822,0.184460
A00002742,Product 2742,Books,6,0.481084,0.182131
A00002657,Product 2657,Books,6,0.028354,0.185184
A00007673,Product 7673,Clothing,6,0.413340,0.182297
A00004468,Product 4468,Clothing,6,0.481199,0.188039
A00004012,Product 4012,Clothing,6,0.644028,0.183771
A00003455,Product 3455,Music,6,0.296056,0.184330
A00001220,Product 1220,Movies & TV,6,0.605208,0.183927
A00006904,Product 6904,Clothing,6,0.416373,0.187514
A00003880,Product 3880,Clothing,6,0.455783,0.183444
A00006237,Product 6237,Electronics,6,0.068473,0.177691
A00001193,Product 1193,Movies & TV,6,0.165012,0.182597
A00006097,Product 6097,Movies & TV,6,0.248931,0.183754
A00001029,Product 1029,Movies & TV,6,0.680353,0.186486
A00002516,Product 2516,Electronics,6,0.732959,0.188153
A00004125,Product 4125,Movies & TV,6,0.511124,0.179097
A00000001,Product 1,Electronics,6,0.766737,0.178943
A00006184,Product 6184,Electronics,6,0.474827,0.190893
A00000453,Product 453,Movies & TV,6,0.938562,0.182141
A00007357,Product 7357,Music,6,0.567652,0.185776
A00004373,Product 4373,Movies & TV,6,0.462599,0.186347
A00001005,Product 1005,Electronics,6,0.220931,0.181043
A00009178,Product 9178,Clothing,6,0.883531,0.183765
A00006975,Product 6975,Movies & TV,6,0.471785,0.190937
A00009161,Product 9161,Electronics,6,0.565582,0.187627
A00008103,Product 8103,Electronics,6,0.660280,0.185112
A00002874,Product 2874,Electronics,6,0.694156,0.183775
A00002675,Product 2675,Music,6,0.227416,0.186712
A00004065,Product 4065,Books,6,0.094975,0.183286
A00008405,Product 8405,Movies & TV,6,0.459251,0.186021
A00006488,Product 6488,Clothing,6,0.043978,0.183025
A00009287,Product 9287,Music,6,0.580548,0.188050
A00008783,Product 8783,Electronics,6,0.717926,0.189828
A00008795,Product 8795,Movies & TV,6,0.923913,0.185280
A00005783,Product 5783,Clothing,6,0.104346,0.184958
A00004758,Product 4758,Clothing,6,0.453162,0.186981
A00007188,Product 7188,Books,6,0.114301,0.182894
A00008388,Product 8388,Books,6,0.765290,0.189519
A00008775,Product 8775,Clothing,6,0.233741,0.187616
A00005847,Product 5847,Music,6,0.487027,0.183646
A00004682,Product 4682,Music,6,0.438265,0.185036
A00009488,Product 9488,Clothing,6,0.162958,0.184924
A00009768,Product 9768,Electronics,6,0.795093,0.179893
A00008737,Product 8737,Electronics,6,0.978279,0.190472
A00002671,Product 2671,Electronics,6,0.570059,0.177634
A00005676,Product 5676,Electronics,6,0.289483,0.185156
A00006830,Product 6830,Movies & TV,6,0.341649,0.190788
A00007627,Product 7627,Movies & TV,6,0.247823,0.188536
A00008041,Product 8041,Electronics,6,0.521071,0.187107
A00008992,Product 8992,Music,6,0.954068,0.187976
A00006309,Product 6309,Movies & TV,6,0.061558,0.188635
A00002154,Product 2154,Books,6,0.056917,0.182857
A00006857,Product 6857,Music,6,0.024722,0.190617
A00002529,Product 2529,Electronics,6,0.075290,0.186031
A00000872,Product 872,Movies & TV,6,0.811410,0.189709
A00009788,Product 9788,Clothing,6,0.642866,0.187845
A00002066,Product 2066,Electronics,6,0.649365,0.184354
A00002845,Product 2845,Books,6,0.633655,0.184022
A00005131,Product 5131,Movies & TV,6,0.307949,0.183303
A00008107,Product 8107,Books,6,0.962378,0.183051
A00000791,Product 791,Books,6,0.503566,0.183896
A00006731,Product 6731,Music,6,0.335911,0.185465
A00000711,Product 711,Electronics,6,0.737025,0.186139
A00002262,Product 2262,Movies & TV,6,0.092333,0.190573
A00008317,Product 8317,Books,6,0.078016,0.180562
A00002804,Product 2804,Books,6,0.441647,0.188971
A00008871,Product 8871,Music,6,0.801043,0.182570
A00006974,Product 6974,Movies & TV,6,0.150597,0.186806
A00009116,Product 9116,Books,6,0.983074,0.183058
A00004130,Product 4130,Music,6,0.661414,0.186838
A00003707,Product 3707,Electronics,6,0.180179,0.185676
A00004983,Product 4983,Electronics,6,0.679008,0.184511
A00007800,Product 7800,Electronics,6,0.927875,0.186063
A00007241,Product 7241,Books,6,0.391698,0.182620
A00006120,Product 6120,Electronics,6,0.263935,0.183822
A00006431,Product 6431,Clothing,6,0.620689,0.185589
A00004500,Product 4500,Books,6,0.511242,0.182387
A00001550,Product 1550,Clothing,6,0.194229,0.187205
A00007693,Product 7693,Music,6,0.048627,0.187118
A00008114,Product 8114,Music,6,0.359565,0.183434
A00009755,Product 9755,Music,6,0.861991,0.179835
A00002260,Product 2260,Electronics,6,0.014948,0.181125
A00004579,Product 4579,Music,6,0.366647,0.193397
A00004314,Product 4314,Movies & TV,6,0.957966,0.184835
A00007587,Product 7587,Electronics,6,0.403761,0.191069
A00009212,Product 9212,Clothing,6,0.432340,0.181727
A00009198,Product 9198,Books,6,0.797224,0.186615
A00008053,Product 8053,Books,6,0.889330,0.189414
A00009819,Product 9819,Clothing,6,0.393192,0.182754
A00001114,Product 1114,Music,6,0.903967,0.185407
A00008231,Product 8231,Music,6,0.027606,0.181171
A00008178,Product 8178,Clothing,6,0.078023,0.185534
A00001107,Product 1107,Movies & TV,6,0.261434,0.181721
A00004702,Product 4702,Clothing,6,0.124970,0.182181
A00009159,Product 9159,Music,6,0.575582,0.186309
A00009702,Product 9702,Movies & TV,6,0.060538,0.183842
A00003893,Product 3893,Music,6,0.314708,0.188643
A00007898,Product 7898,Music,6,0.225942,0.185311
A00006586,Product 6586,Electronics,6,0.136630,0.187655
A00006631,Product 6631,Music,6,0.650651,0.183122
A00002356,Product 2356,Books,6,0.575565,0.185555
A00005254,Product 5254,Books,6,0.172676,0.180964
A00009147,Product 9147,Books,6,0.702772,0.187191
A00003704,Product 3704,Movies & TV,6,0.964879,0.185796
A00005864,Product 5864,Music,6,0.470448,0.184674
A00002325,Product 2325,Music,6,0.161479,0.186681
A00000454,Product 454,Books,6,0.328832,0.186083
A00007395,Product 7395,Music,6,0.331929,0.184072
A00006166,Product 6166,Music,6,0.665706,0.178627
A00001273,Product 1273,Music,6,0.823275,0.187374
A00006491,Product 6491,Music,6,0.284772,0.183186
A00007983,Product 7983,Books,6,0.388872,0.186936
A00009022,Product 9022,Electronics,6,0.786013,0.189641
A00006656,Product 6656,Books,6,0.708524,0.186059
A00003674,Product 3674,Electronics,6,0.510342,0.187852
A00003259,Product 3259,Music,6,0.633604,0.183401
A00007535,Product 7535,Books,6,0.861831,0.186653
A00002870,Product 2870,Electronics,6,0.680403,0.187044
A00002195,Product 2195,Music,6,0.004929,0.188639
A00003351,Product 3351,Electronics,6,0.616328,0.182537
A00005148,Product 5148,Music,6,0.072277,0.184968
A00000723,Product 723,Movies & TV,6,0.756205,0.186988
A00001309,Product 1309,Movies & TV,6,0.785533,0.189128
A00001900,Product 1900,Music,6,0.239569,0.187778
A00006150,Product 6150,Books,6,0.522386,0.184965
A00001616,Product 1616,Movies & TV,6,0.117793,0.188515
A00002513,Product 2513,Movies & TV,6,0.556801,0.184130
A00002387,Product 2387,Music,6,0.811163,0.182128
A00008042,Product 8042,Books,6,0.312521,0.183434
A00006193,Product 6193,Clothing,6,0.117628,0.189006
A00006959,Product 6959,Music,6,0.079190,0.179644
A00009916,Product 9916,Music,6,0.912517,0.188280
A00002268,Product 2268,Electronics,6,0.515835,0.186250
A00002698,Product 2698,Music,6,0.468730,0.181437
A00000177,Product 177,Electronics,6,0.757131,0.183707
A00000379,Product 379,Movies & TV,6,0.762608,0.183734
A00001574,Product 1574,Music,6,0.222522,0.183448
A00006137,Product 6137,Books,6,0.865110,0.190828
A00007048,Product 7048,Clothing,6,0.060761,0.180367
A00006399,Product 6399,Clothing,6,0.790736,0.186747
A00009252,Product 9252,Music,6,0.489175,0.189214
A00006745,Product 6745,Electronics,6,0.827714,0.183401
A00008996,Product 8996,Movies & TV,6,0.717519,0.187279
A00002164,Product 2164,Music,6,0.889175,0.183829
A00004958,Product 4958,Movies & TV,6,0.310787,0.188008
A00007185,Product 7185,Clothing,6,0.872993,0.185858
A00003128,Product 3128,Movies & TV,6,0.091724,0.191956
A00004186,Product 4186,Books,6,0.484507,0.179522
A00007632,Product 7632,Music,6,0.977551,0.183031
A00007951,Product 7951,Clothing,6,0.464087,0.183327
A00009151,Product 9151,Movies & TV,6,0.324107,0.187202
A00006593,Product 6593,Electronics,6,0.321256,0.183296
A00000249,Product 249,Books,6,0.715982,0.186803
A00000145,Product 145,Movies & TV,6,0.820105,0.188956
A00004150,Product 4150,Books,6,0.535952,0.180853
A00005590,Product 5590,Electronics,6,0.211330,0.191288
A00003326,Product 3326,Electronics,6,0.400532,0.187062
A00000074,Product 74,Clothing,6,0.508844,0.186295
A00007330,Product 7330,Books,6,0.757696,0.186298
A00007573,Product 7573,Movies & TV,6,0.280590,0.179667
A00003504,Product 3504,Clothing,6,0.671400,0.186859
A00004061,Product 4061,Clothing,6,0.316397,0.184130
A00005168,Product 5168,Movies & TV,6,0.385838,0.189555
A00006467,Product 6467,Movies & TV,6,0.580310,0.180049
A00008109,Product 8109,Clothing,6,0.377798,0.184841
A00009784,Product 9784,Music,6,0.031621,0.183961
A00005972,Product 5972,Books,6,0.276637,0.186437
A00006773,Product 6773,Music,6,0.409981,0.180644
A00008452,Product 8452,Movies & TV,6,0.955679,0.188985
A00003359,Product 3359,Movies & TV,6,0.354375,0.184446
A00003339,Product 3339,Electronics,6,0.695049,0.187342
A00006456,Product 6456,Electronics,6,0.870508,0.185755
A00005651,Product 5651,Movies & TV,6,0.774175,0.182008
A00004134,Product 4134,Music,6,0.562087,0.184232
A00003653,Product 3653,Music,6,0.546571,0.182158
A00006862,Product 6862,Books,6,0.014009,0.185545
A00007784,Product 7784,Clothing,6,0.145649,0.188103
A00000190,Product 190,Clothing,6,0.638738,0.184273
A00009851,Product 9851,Movies & TV,6,0.064643,0.186957
A00005049,Product 5049,Books,6,0.256001,0.187107
A00003438,Product 3438,Electronics,6,0.121498,0.189114
A00002997,Product 2997,Books,6,0.955148,0.183243
A00004427,Product 4427,Movies & TV,6,0.296448,0.186943
A00003728,Product 3728,Movies & TV,6,0.802437,0.184760
A00001315,Product 1315,Books,6,0.275074,0.182437
A00006127,Product 6127,Music,6,0.182064,0.185314
A00007160,Product 7160,Electronics,6,0.839488,0.185562
A00006868,Product 6868,Clothing,6,0.660838,0.184385
A00007252,Product 7252,Books,6,0.376562,0.184906
A00002759,Product 2759,Music,6,0.783028,0.189662
A00004053,Product 4053,Music,6,0.825027,0.182310
A00006855,Product 6855,Clothing,6,0.237281,0.186911
A00006884,Product 6884,Movies & TV,6,0.531387,0.184460
A00005485,Product 5485,Books,6,0.884832,0.187504
A00002276,Product 2276,Clothing,6,0.239311,0.186389
A00001048,Product 1048,Movies & TV,6,0.415101,0.184392
A00001102,Product 1102,Clothing,6,0.262241,0.183687
A00007082,Product 7082,Electronics,6,0.154438,0.187163
A00005728,Product 5728,Books,6,0.941122,0.176126
A00006386,Product 6386,Books,6,0.621256,0.183863
A00009228,Product 9228,Movies & TV,6,0.686759,0.186423
A00004993,Product 4993,Books,6,0.486802,0.185156
A00006233,Product 6233,Clothing,6,0.289451,0.189074
A00007476,Product 7476,Clothing,6,0.360057,0.183738
A00004742,Product 4742,Electronics,6,0.520772,0.191857
A00005306,Product 5306,Music,6,0.241683,0.184259
A00002630,Product 2630,Books,6,0.303615,0.187736
A00003619,Product 3619,Clothing,6,0.558880,0.184269
A00004462,Product 4462,Music,6,0.585606,0.192218
A00007361,Product 7361,Clothing,6,0.171083,0.179887
A00003423,Product 3423,Books,6,0.209397,0.190934
A00001974,Product 1974,Clothing,6,0.359800,0.190479
A00002568,Product 2568,Music,6,0.943295,0.186357
A00003228,Product 3228,Music,6,0.679891,0.184548
A00000910,Product 910,Music,6,0.684863,0.184477
A00002107,Product 2107,Movies & TV,6,0.439692,0.178870
A00004411,Product 4411,Movies & TV,6,0.471563,0.186444
A00007431,Product 7431,Books,6,0.705682,0.183149
A00001053,Product 1053,Music,6,0.140629,0.182201
A00001854,Product 1854,Electronics,6,0.596916,0.186114
A00001836,Product 1836,Clothing,6,0.528664,0.182018
A00008777,Product 8777,Music,6,0.212881,0.187282
A00005151,Product 5151,Movies & TV,6,0.935427,0.183863
A00006342,Product 6342,Books,6,0.032700,0.178547
A00006119,Product 6119,Movies & TV,6,0.351909,0.187416
A00007256,Product 7256,Books,6,0.055640,0.186448
A00001509,Product 1509,Music,6,0.905982,0.187845
A00005176,Product 5176,Clothing,6,0.131585,0.183310
A00008772,Product 8772,Books,6,0.880203,0.190824
A00001940,Product 1940,Movies & TV,6,0.447804,0.182068
A00009634,Product 9634,Books,6,0.113059,0.186985
A00000741,Product 741,Electronics,6,0.339648,0.189987
A00003940,Product 3940,Movies & TV,6,0.843572,0.187359
A00009334,Product 9334,Books,6,0.943012,0.187118
A00000782,Product 782,Clothing,6,0.164694,0.186049
A00005624,Product 5624,Music,6,0.471889,0.183673
A00003419,Product 3419,Clothing,6,0.798608,0.180224
A00005984,Product 5984,Clothing,6,0.873457,0.186430
A00002266,Product 2266,Clothing,6,0.479945,0.182710
A00001464,Product 1464,Movies & TV,6,0.708081,0.192192
A00001967,Product 1967,Music,6,0.916496,0.189788
A00009864,Product 9864,Movies & TV,6,0.270982,0.187324
A00008069,Product 8069,Electronics,6,0.570899,0.185067
A00001624,Product 1624,Books,6,0.587368,0.191544
A00004355,Product 4355,Books,6,0.428298,0.183102
A00009068,Product 9068,Movies & TV,6,0.543144,0.188107
A00002512,Product 2512,Electronics,6,0.198154,0.186493
A00008410,Product 8410,Music,6,0.702241,0.179091
A00009875,Product 9875,Movies & TV,6,0.798816,0.187863
A00004962,Product 4962,Music,6,0.436788,0.183927
A00000084,Product 84,Books,6,0.921696,0.191043
A00000447,Product 447,Clothing,6,0.622036,0.181896
A00000892,Product 892,Music,6,0.900483,0.182062
A00008995,Product 8995,Music,6,0.099540,0.185783
A00004386,Product 4386,Movies & TV,6,0.528315,0.190690
A00000978,Product 978,Movies & TV,6,0.299383,0.186246
A00001024,Product 1024,Electronics,6,0.000943,0.181417
A00005552,Product 5552,Electronics,6,0.353355,0.185534
A00006965,Product 6965,Books,6,0.589396,0.182168
A00004862,Product 4862,Books,6,0.650860,0.185472
A00008329,Product 8329,Books,6,0.208084,0.187877
A00003067,Product 3067,Movies & TV,6,0.574250,0.186803
A00007921,Product 7921,Movies & TV,6,0.078122,0.186740
A00004782,Product 4782,Movies & TV,6,0.044830,0.188696
A00009353,Product 9353,Books,6,0.160175,0.184528
A00004059,Product 4059,Electronics,6,0.518130,0.182440
A00004728,Product 4728,Books,6,0.381525,0.184171
A00007803,Product 7803,Books,6,0.985594,0.188714
A00005357,Product 5357,Books,6,0.701785,0.187044
A00002950,Product 2950,Music,6,0.858094,0.185452
A00003051,Product 3051,Movies & TV,6,0.953333,0.184025
A00002606,Product 2606,Clothing,6,0.677006,0.188781
A00001607,Product 1607,Clothing,6,0.343937,0.183593
A00002753,Product 2753,Clothing,6,0.096227,0.184869
A00003430,Product 3430,Music,6,0.110163,0.185620
A00007346,Product 7346,Electronics,6,0.307146,0.187352
A00005090,Product 5090,Books,6,0.869029,0.183771
A00008340,Product 8340,Books,6,0.001575,0.182121
A00009472,Product 9472,Books,6,0.011037,0.188714
A00009741,Product 9741,Music,6,0.750162,0.180006
A00001791,Product 1791,Electronics,6,0.092195,0.189922
A00004387,Product 4387,Electronics,6,0.694360,0.184818
A00000039,Product 39,Books,6,0.907659,0.184818
A00009100,Product 9100,Movies & TV,6,0.509680,0.186336
A00003867,Product 3867,Music,6,0.480714,0.185686
A00006986,Product 6986,Movies & TV,6,0.582270,0.185283
A00009656,Product 9656,Electronics,6,0.774524,0.182234
A00009827,Product 9827,Clothing,6,0.068627,0.181283
A00007098,Product 7098,Electronics,6,0.300763,0.178803
A00003329,Product 3329,Electronics,6,0.859264,0.185893
A00001845,Product 1845,Electronics,6,0.358532,0.186257
A00005253,Product 5253,Music,6,0.645299,0.188188
A00008463,Product 8463,Movies & TV,6,0.281053,0.185163
A00008626,Product 8626,Books,6,0.954043,0.187412
A00008478,Product 8478,Music,6,0.842747,0.184521
A00005594,Product 5594,Movies & TV,6,0.568617,0.185890
A00008562,Product 8562,Electronics,6,0.530628,0.183108
A00006529,Product 6529,Books,6,0.775870,0.185355
A00004363,Product 4363,Electronics,6,0.829073,0.189321
A00004991,Product 4991,Books,6,0.924974,0.184419
A00006945,Product 6945,Electronics,6,0.321766,0.183920
A00005258,Product 5258,Clothing,6,0.632725,0.194726
A00006479,Product 6479,Music,6,0.363197,0.184045
A00006949,Product 6949,Clothing,6,0.099189,0.184310
A00005094,Product 5094,Music,6,0.237184,0.186121
A00001231,Product 1231,Electronics,6,0.815983,0.182994
A00002579,Product 2579,Books,6,0.300214,0.182427
A00004679,Product 4679,Books,6,0.502502,0.186765
A00007488,Product 7488,Clothing,6,0.978419,0.185191
A00003886,Product 3886,Music,6,0.932157,0.188547
A00006870,Product 6870,Clothing,6,0.393093,0.187381
A00009697,Product 9697,Movies & TV,6,0.784276,0.189275
A00000689,Product 689,Clothing,6,0.975356,0.184579
A00002050,Product 2050,Books,6,0.099862,0.184460
A00002515,Product 2515,Music,6,0.325907,0.189519
A00002025,Product 2025,Electronics,6,0.397534,0.185500
A00007610,Product 7610,Electronics,6,0.978820,0.182587
A00004961,Product 4961,Books,6,0.061460,0.189432
A00006013,Product 6013,Movies & TV,6,0.907069,0.183175
A00005777,Product 5777,Movies & TV,6,0.647900,0.182917
A00008579,Product 8579,Music,6,0.579944,0.181807
A00008843,Product 8843,Movies & TV,6,0.802375,0.179033
A00007000,Product 7000,Books,6,0.690501,0.183609
A00000713,Product 713,Books,6,0.218938,0.180292
A00001754,Product 1754,Electronics,6,0.345269,0.186357
A00005813,Product 5813,Music,6,0.377824,0.184049
A00005869,Product 5869,Music,6,0.153705,0.182354
A00008964,Product 8964,Music,6,0.377330,0.180585
A00009250,Product 9250,Electronics,6,0.274173,0.179702
A00004589,Product 4589,Clothing,6,0.932011,0.182344
A00004606,Product 4606,Music,6,0.701166,0.184228
A00000696,Product 696,Clothing,6,0.581000,0.185627
A00006786,Product 6786,Electronics,6,0.317690,0.186789
A00006348,Product 6348,Books,6,0.524989,0.180354
A00004802,Product 4802,Clothing,6,0.515682,0.186922
A00007696,Product 7696,Clothing,6,0.822142,0.186153
A00004947,Product 4947,Books,6,0.500418,0.184620
A00006020,Product 6020,Electronics,6,0.756851,0.182610
A00008198,Product 8198,Electronics,6,0.405164,0.185558
A00009239,Product 9239,Music,6,0.503040,0.187139
A00002297,Product 2297,Electronics,6,0.681030,0.187244
A00005754,Product 5754,Music,6,0.152470,0.187563
A00009914,Product 9914,Clothing,6,0.216391,0.181207
A00005330,Product 5330,Music,6,0.433154,0.190490
A00000309,Product 309,Music,6,0.214155,0.184079
A00002267,Product 2267,Books,6,0.122849,0.188871
A00004547,Product 4547,Electronics,6,0.138758,0.188362
A00001420,Product 1420,Clothing,6,0.597019,0.185955
A00000459,Product 459,Movies & TV,6,0.561577,0.187209
A00003283,Product 3283,Music,6,0.952744,0.190879
A00007810,Product 7810,Movies & TV,6,0.821973,0.182473
A00003995,Product 3995,Music,6,0.354624,0.183522
A00005142,Product 5142,Books,6,0.031987,0.187440
A00007456,Product 7456,Electronics,6,0.246626,0.188928
A00007699,Product 7699,Movies & TV,6,0.445487,0.188305
A00005672,Product 5672,Music,6,0.515421,0.183364
A00007208,Product 7208,Movies & TV,6,0.053814,0.186257
A00004495,Product 4495,Books,6,0.642840,0.184137
A00004122,Product 4122,Books,6,0.622939,0.186890
A00000151,Product 151,Books,6,0.952617,0.186521
A00000327,Product 327,Electronics,6,0.131602,0.185803
A00004161,Product 4161,Books,6,0.547452,0.183384
A00007285,Product 7285,Clothing,6,0.235549,0.179916
A00008950,Product 8950,Books,6,0.786827,0.183347
A00009290,Product 9290,Clothing,6,0.378794,0.181949
A00000554,Product 554,Movies & TV,6,0.455209,0.183754
A00006720,Product 6720,Movies & TV,6,0.211083,0.183491
A00001059,Product 1059,Movies & TV,6,0.572333,0.181846
A00006088,Product 6088,Clothing,6,0.161978,0.183819
A00009861,Product 9861,Movies & TV,6,0.210472,0.187535
A00007275,Product 7275,Clothing,6,0.650383,0.183680
A00002129,Product 2129,Electronics,6,0.626013,0.185421
A00003489,Product 3489,Clothing,6,0.521626,0.187916
A00006821,Product 6821,Books,6,0.275502,0.184965
A00001518,Product 1518,Clothing,6,0.075993,0.184582
A00002541,Product 2541,Clothing,6,0.392701,0.186413
A00002204,Product 2204,Clothing,6,0.311397,0.186298
A00000223,Product 223,Movies & TV,6,0.417722,0.186535
A00007599,Product 7599,Books,6,0.861868,0.184178
A00002501,Product 2501,Movies & TV,6,0.430495,0.187986
A00007236,Product 7236,Electronics,6,0.268698,0.183995
A00007404,Product 7404,Books,6,0.697564,0.182961
A00006762,Product 6762,Books,6,0.548908,0.179361
A00001819,Product 1819,Books,6,0.248919,0.186462
A00005901,Product 5901,Clothing,6,0.516483,0.183259
A00008848,Product 8848,Clothing,6,0.067601,0.187132
A00009240,Product 9240,Books,6,0.458861,0.185734
A00009298,Product 9298,Books,6,0.824429,0.188238
A00009710,Product 9710,Electronics,6,0.912499,0.187694
A00000353,Product 353,Clothing,6,0.641856,0.183988
A00008079,Product 8079,Music,6,0.223608,0.186208
A00003708,Product 3708,Books,6,0.660143,0.183981
A00003353,Product 3353,Electronics,6,0.481058,0.184042
A00002780,Product 2780,Electronics,6,0.752297,0.182005
A00006996,Product 6996,Books,6,0.867087,0.183896
A00002278,Product 2278,Clothing,6,0.515044,0.182310
A00008270,Product 8270,Electronics,6,0.008396,0.175847
A00002708,Product 2708,Music,6,0.088129,0.186528
A00003896,Product 3896,Books,6,0.396522,0.185201
A00008303,Product 8303,Music,6,0.609158,0.188846
A00003016,Product 3016,Music,6,0.309734,0.186719
A00009164,Product 9164,Electronics,6,0.037578,0.178560
A00007850,Product 7850,Music,6,0.229681,0.183744
A00003858,Product 3858,Music,6,0.271991,0.184300
A00005332,Product 5332,Books,6,0.856989,0.184426
A00006077,Product 6077,Movies & TV,6,0.405152,0.185665
A00007677,Product 7677,Music,6,0.744033,0.184171
A00009834,Product 9834,Books,6,0.036616,0.188259
A00007123,Product 7123,Electronics,6,0.324956,0.189756
A00006081,Product 6081,Clothing,6,0.760975,0.181982
A00007301,Product 7301,Clothing,6,0.220656,0.189407
A00007716,Product 7716,Movies & TV,6,0.109138,0.188294
A00000264,Product 264,Movies & TV,6,0.181475,0.186111
A00001582,Product 1582,Electronics,6,0.626287,0.183417
A00005656,Product 5656,Music,6,0.976901,0.182560
A00003724,Product 3724,Electronics,6,0.305828,0.188515
A00005808,Product 5808,Books,6,0.023987,0.187489
A00006111,Product 6111,Movies & TV,6,0.485169,0.184712
A00005683,Product 5683,Music,6,0.254959,0.184137
A00005551,Product 5551,Books,6,0.969754,0.184521
A00008279,Product 8279,Music,6,0.351905,0.183115
A00007304,Product 7304,Music,6,0.235383,0.179370
A00003961,Product 3961,Clothing,6,0.630102,0.183552
A00000745,Product 745,Movies & TV,6,0.710978,0.190461
A00000137,Product 137,Music,6,0.741984,0.185126
A00002585,Product 2585,Clothing,6,0.331099,0.191229
A00002086,Product 2086,Music,6,0.126439,0.189969
A00001799,Product 1799,Music,6,0.582819,0.189321
A00008914,Product 8914,Clothing,6,0.806142,0.186080
A00001790,Product 1790,Books,6,0.371417,0.187177
A00000889,Product 889,Books,6,0.728482,0.188589
A00005960,Product 5960,Electronics,6,0.253268,0.187472
A00009770,Product 9770,Clothing,6,0.434028,0.181013
A00009009,Product 9009,Music,6,0.564156,0.177681
A00007548,Product 7548,Electronics,6,0.456288,0.181473
A00006056,Product 6056,Movies & TV,6,0.340612,0.181112
A00005349,Product 5349,Music,6,0.857771,0.185132
A00009069,Product 9069,Books,6,0.812265,0.183239
A00001687,Product 1687,Books,6,0.183346,0.181840
A00002434,Product 2434,Electronics,6,0.152463,0.186198
A00005312,Product 5312,Music,6,0.726666,0.188600
A00003059,Product 3059,Electronics,6,0.167118,0.185033
A00000291,Product 291,Clothing,6,0.739006,0.187430
A00009392,Product 9392,Music,6,0.333177,0.183832
A00003414,Product 3414,Movies & TV,6,0.642936,0.191175
A00001875,Product 1875,Clothing,6,0.297461,0.188316
A00002312,Product 2312,Music,6,0.330420,0.180863
A00004406,Product 4406,Electronics,6,0.677750,0.191343
A00004171,Product 4171,Movies & TV,6,0.620940,0.186834
A00007398,Product 7398,Clothing,6,0.035249,0.188707
A00007767,Product 7767,Books,6,0.149156,0.191614
A00001629,Product 1629,Clothing,6,0.673571,0.187563
A00007020,Product 7020,Clothing,6,0.477925,0.188824
A00001351,Product 1351,Books,6,0.956460,0.183229
A00000029,Product 29,Movies & TV,6,0.646092,0.189472
A00008383,Product 8383,Movies & TV,6,0.790344,0.185665
A00003835,Product 3835,Clothing,6,0.688726,0.181240
A00003447,Product 3447,Clothing,6,0.886052,0.184879
A00002349,Product 2349,Movies & TV,6,0.108200,0.185896
A00007489,Product 7489,Books,6,0.863872,0.183498
A00008208,Product 8208,Movies & TV,6,0.865516,0.188358
A00008636,Product 8636,Electronics,6,0.053550,0.183384
A00003118,Product 3118,Movies & TV,6,0.934032,0.183680
A00002550,Product 2550,Clothing,6,0.657872,0.183495
A00009514,Product 9514,Books,6,0.438019,0.181979
A00000668,Product 668,Music,6,0.307527,0.186201
A00008856,Product 8856,Music,6,0.682237,0.181783
A00002173,Product 2173,Movies & TV,6,0.368268,0.184470
A00001953,Product 1953,Books,6,0.005015,0.186535
A00008181,Product 8181,Books,6,0.901527,0.187202
A00007378,Product 7378,Electronics,6,0.726119,0.184900
A00004390,Product 4390,Books,6,0.209751,0.183907
A00001145,Product 1145,Electronics,6,0.906136,0.187873
A00002394,Product 2394,Clothing,6,0.734741,0.191266
A00003186,Product 3186,Clothing,6,0.710862,0.185955
A00009297,Product 9297,Movies & TV,6,0.795501,0.188412
A00009533,Product 9533,Movies & TV,6,0.937102,0.184364
A00003038,Product 3038,Movies & TV,6,0.179061,0.187440
A00009564,Product 9564,Books,6,0.248157,0.178745
A00003000,Product 3000,Music,6,0.532203,0.181628
A00000047,Product 47,Electronics,6,0.418098,0.190741
A00004598,Product 4598,Books,6,0.734054,0.187132
A00003622,Product 3622,Music,6,0.523006,0.184466
A00005890,Product 5890,Electronics,6,0.676075,0.184712
A00007948,Product 7948,Books,6,0.262957,0.184161
A00008474,Product 8474,Electronics,6,0.995300,0.184882
A00002819,Product 2819,Movies & TV,6,0.629552,0.182344
A00009980,Product 9980,Clothing,6,0.866739,0.190034
A00005054,Product 5054,Books,6,0.637472,0.186142
A00003089,Product 3089,Books,6,0.414755,0.183954
A00006042,Product 6042,Books,6,0.834613,0.185321
A00000816,Product 816,Books,6,0.354008,0.187072
A00001370,Product 1370,Clothing,6,0.517411,0.186427
A00005669,Product 5669,Books,6,0.384911,0.181714
A00000766,Product 766,Movies & TV,6,0.529673,0.187859
A00008547,Product 8547,Books,6,0.091677,0.181866
A00006434,Product 6434,Music,6,0.573382,0.184852
A00006025,Product 6025,Books,6,0.139334,0.184681
A00001153,Product 1153,Movies & TV,6,0.182692,0.183192
A00005763,Product 5763,Books,6,0.973739,0.186270
A00006047,Product 6047,Electronics,6,0.339710,0.185428
A00008512,Product 8512,Electronics,6,0.016019,0.183954
A00009114,Product 9114,Electronics,6,0.747472,0.189013
A00007766,Product 7766,Movies & TV,6,0.674175,0.190207
A00003779,Product 3779,Movies & TV,6,0.729893,0.182891
A00004005,Product 4005,Electronics,6,0.352126,0.180807
A00000736,Product 736,Movies & TV,6,0.475903,0.188931
A00009019,Product 9019,Movies & TV,6,0.375019,0.183707
A00002181,Product 2181,Movies & TV,6,0.847403,0.186988
A00004182,Product 4182,Books,6,0.278988,0.182737
A00005862,Product 5862,Clothing,6,0.037201,0.184100
A00009541,Product 9541,Movies & TV,6,0.641549,0.177823
A00004751,Product 4751,Music,6,0.300968,0.183623
A00000023,Product 23,Movies & TV,6,0.091405,0.180045
A00004173,Product 4173,Music,6,0.852962,0.177423
A00000209,Product 209,Books,6,0.259558,0.185393
A00000419,Product 419,Music,6,0.854402,0.188085
A00004749,Product 4749,Books,6,0.251651,0.188582
A00006307,Product 6307,Music,6,0.357263,0.183961
A00002097,Product 2097,Electronics,6,0.331100,0.183910
A00003742,Product 3742,Books,6,0.569964,0.185655
A00005938,Product 5938,Music,6,0.152492,0.183401
A00006544,Product 6544,Clothing,6,0.290101,0.184347
A00009368,Product 9368,Clothing,6,0.508385,0.185952
A00008126,Product 8126,Electronics,6,0.437457,0.180595
A00003530,Product 3530,Electronics,6,0.321330,0.186848
A00000897,Product 897,Electronics,6,0.406975,0.185593
A00008025,Product 8025,Electronics,6,0.776537,0.184777
A00002926,Product 2926,Clothing,6,0.486569,0.186024
A00009508,Product 9508,Movies & TV,6,0.885124,0.187912
A00001433,Product 1433,Movies & TV,6,0.959429,0.178570
A00002716,Product 2716,Clothing,6,0.063973,0.182707
A00008608,Product 8608,Books,6,0.837125,0.189078
A00000373,Product 373,Books,6,0.469537,0.187275
A00009750,Product 9750,Electronics,6,0.888708,0.186576
A00009979,Product 9979,Clothing,6,0.483019,0.180026
A00009881,Product 9881,Electronics,6,0.813602,0.186758
A00003482,Product 3482,Electronics,6,0.626324,0.185259
A00000765,Product 765,Music,6,0.591290,0.186545
A00002133,Product 2133,Books,6,0.301881,0.187265
A00001447,Product 1447,Clothing,6,0.925479,0.180696
A00001490,Product 1490,Music,6,0.717222,0.185862
A00000385,Product 385,Electronics,6,0.575237,0.180360
A00001312,Product 1312,Books,6,0.597966,0.189060
A00008682,Product 8682,Electronics,6,0.883942,0.184453
A00008243,Product 8243,Electronics,6,0.385136,0.185424
A00003481,Product 3481,Clothing,6,0.254385,0.176153
A00003046,Product 3046,Electronics,6,0.538702,0.180968
A00000146,Product 146,Movies & TV,6,0.603421,0.185410
A00007995,Product 7995,Music,6,0.366285,0.185924
A00006919,Product 6919,Music,6,0.991783,0.184276
A00009195,Product 9195,Books,6,0.118106,0.184766
A00000401,Product 401,Clothing,6,0.993119,0.186981
A00001448,Product 1448,Music,6,0.257928,0.185548
A00008005,Product 8005,Clothing,6,0.022184,0.183529
A00003463,Product 3463,Movies & TV,6,0.117281,0.189103
A00003909,Product 3909,Electronics,6,0.110633,0.185129
A00004902,Product 4902,Movies & TV,6,0.736336,0.189397
A00009307,Product 9307,Music,6,0.554197,0.186402
A00005703,Product 5703,Movies & TV,6,0.168652,0.187289
A00007279,Product 7279,Clothing,6,0.966272,0.182274
A00001106,Product 1106,Books,6,0.877449,0.180156
A00008880,Product 8880,Movies & TV,6,0.401303,0.185225
A00003518,Product 3518,Clothing,6,0.698786,0.183785
A00008655,Product 8655,Books,6,0.582246,0.179020
A00003598,Product 3598,Books,6,0.532908,0.185507
A00005489,Product 5489,Books,6,0.231409,0.185030
A00009783,Product 9783,Clothing,6,0.888817,0.181437
A00002135,Product 2135,Movies & TV,6,0.063197,0.183327
A00002719,Product 2719,Movies & TV,6,0.439603,0.188547
A00006102,Product 6102,Music,6,0.117126,0.187912
A00004976,Product 4976,Movies & TV,6,0.912415,0.181250
A00004927,Product 4927,Clothing,6,0.463845,0.189763
A00000120,Product 120,Music,6,0.681132,0.187965
A00000076,Product 76,Music,6,0.735355,0.183149
A00004028,Product 4028,Books,6,0.680418,0.186475
A00002566,Product 2566,Electronics,6,0.064653,0.182510
A00009846,Product 9846,Electronics,6,0.797735,0.183175
A00009685,Product 9685,Books,6,0.102686,0.183387
A00004140,Product 4140,Electronics,6,0.510715,0.186932
A00004000,Product 4000,Books,6,0.177099,0.184035
A00008647,Product 8647,Movies & TV,6,0.614576,0.182794
A00005940,Product 5940,Movies & TV,6,0.089006,0.181391
A00005855,Product 5855,Music,6,0.571717,0.180866
A00002641,Product 2641,Movies & TV,6,0.668397,0.183172
A00007109,Product 7109,Music,6,0.125290,0.186295
A00002258,Product 2258,Music,6,0.945055,0.185955
A00009289,Product 9289,Electronics,6,0.925851,0.185776
A00002757,Product 2757,Clothing,6,0.400865,0.184927
A00006367,Product 6367,Books,6,0.107107,0.179284
A00006441,Product 6441,Books,6,0.917586,0.185064
A00004096,Product 4096,Music,6,0.661975,0.185136
A00008665,Product 8665,Music,6,0.075055,0.188202
A00003552,Product 3552,Books,6,0.740686,0.188700
A00009041,Product 9041,Music,6,0.983357,0.181665
A00008594,Product 8594,Books,6,0.788498,0.184763
A00003426,Product 3426,Movies & TV,6,0.426716,0.186409
A00004585,Product 4585,Books,6,0.944003,0.186416
A00008036,Product 8036,Movies & TV,6,0.714365,0.182810
A00001089,Product 1089,Music,6,0.884819,0.187233
A00009128,Product 9128,Electronics,6,0.149753,0.184487
A00001602,Product 1602,Electronics,6,0.763235,0.187128
A00001044,Product 1044,Books,6,0.493745,0.186257
A00000693,Product 693,Music,6,0.421496,0.188967
A00005381,Product 5381,Electronics,6,0.958878,0.184334
A00006333,Product 6333,Books,6,0.840822,0.180706
A00000987,Product 987,Electronics,6,0.336348,0.185541
A00003660,Product 3660,Electronics,6,0.458313,0.180439
A00006696,Product 6696,Music,6,0.000289,0.186437
A00004223,Product 4223,Clothing,6,0.061353,0.185572
A00006213,Product 6213,Books,6,0.216218,0.185727
A00005311,Product 5311,Movies & TV,6,0.225645,0.184235
A00006364,Product 6364,Electronics,6,0.885318,0.184661
A00001925,Product 1925,Music,6,0.369937,0.189325
A00005268,Product 5268,Electronics,6,0.955027,0.183209
A00001090,Product 1090,Movies & TV,6,0.210919,0.187202
A00000002,Product 2,Music,6,0.549218,0.188071
A00006135,Product 6135,Movies & TV,6,0.739948,0.190570
A00007550,Product 7550,Electronics,6,0.544221,0.181969
A00007202,Product 7202,Music,6,0.025923,0.187093
A00001026,Product 1026,Music,6,0.833286,0.185002
A00004250,Product 4250,Music,6,0.649154,0.185500
A00003105,Product 3105,Movies & TV,6,0.448854,0.183998
A00008948,Product 8948,Clothing,6,0.721694,0.185817
A00004848,Product 4848,Books,6,0.797654,0.188896
A00001009,Product 1009,Electronics,6,0.542949,0.186191
A00008184,Product 8184,Books,6,0.521895,0.182874
A00000590,Product 590,Books,6,0.086095,0.186406
A00001129,Product 1129,Music,6,0.451713,0.182217
A00003796,Product 3796,Clothing,6,0.259330,0.181962
A00000605,Product 605,Clothing,6,0.891737,0.182513
A00007298,Product 7298,Music,6,0.569173,0.187884
A00006570,Product 6570,Books,6,0.401420,0.184110
A00009709,Product 9709,Clothing,6,0.338884,0.186510
A00006140,Product 6140,Electronics,6,0.985264,0.189619
A00000779,Product 779,Books,6,0.169001,0.185976
A00009180,Product 9180,Electronics,6,0.016179,0.184133
A00006303,Product 6303,Music,6,0.252511,0.182603
A00001832,Product 1832,Electronics,6,0.365031,0.186629
A00001834,Product 1834,Music,6,0.237601,0.188436
A00003004,Product 3004,Clothing,6,0.840363,0.181010
A00006225,Product 6225,Clothing,6,0.854076,0.179883
A00007530,Product 7530,Electronics,6,0.444236,0.184753
A00003101,Product 3101,Electronics,6,0.990390,0.191618
A00004596,Product 4596,Books,6,0.148974,0.185259
A00003666,Product 3666,Movies & TV,6,0.156131,0.185428
A00004831,Product 4831,Books,6,0.828483,0.182354
A00005743,Product 5743,Electronics,6,0.750112,0.191658
A00001995,Product 1995,Clothing,6,0.141371,0.186063
A00000690,Product 690,Electronics,6,0.862185,0.192082
A00006086,Product 6086,Clothing,6,0.417466,0.184276
A00009502,Product 9502,Electronics,6,0.041613,0.186845
A00004003,Product 4003,Books,6,0.738118,0.187556
A00003265,Product 3265,Clothing,6,0.475690,0.180403
A00004665,Product 4665,Movies & TV,6,0.318600,0.189626
A00006252,Product 6252,Books,6,0.856000,0.190639
A00009593,Product 9593,Clothing,6,0.541559,0.185959
A00003272,Product 3272,Electronics,6,0.644416,0.186336
A00009657,Product 9657,Clothing,6,0.848649,0.183192
A00004503,Product 4503,Music,6,0.718335,0.190835
A00000437,Product 437,Music,6,0.441493,0.187216
A00004207,Product 4207,Movies & TV,6,0.746008,0.185614
A00004775,Product 4775,Music,6,0.947720,0.188050
A00004845,Product 4845,Movies & TV,6,0.174138,0.181322
A00001907,Product 1907,Clothing,6,0.621705,0.183670
A00008504,Product 8504,Clothing,6,0.367449,0.177369
A00004674,Product 4674,Movies & TV,6,0.254176,0.183313
A00000216,Product 216,Electronics,6,0.877057,0.186451
A00009202,Product 9202,Music,6,0.170757,0.185438
A00009451,Product 9451,Books,6,0.635190,0.189332
A00009230,Product 9230,Books,6,0.316813,0.189501
A00000211,Product 211,Books,6,0.340785,0.186475
A00000854,Product 854,Clothing,6,0.287752,0.187489
A00006064,Product 6064,Movies & TV,6,0.807550,0.188199
A00002689,Product 2689,Clothing,6,0.765946,0.189361
A00007171,Product 7171,Books,6,0.169603,0.186146
A00004298,Product 4298,Clothing,6,0.739803,0.185583
A00009485,Product 9485,Books,6,0.216160,0.185838
A00005085,Product 5085,Movies & TV,6,0.171409,0.182884
A00009158,Product 9158,Electronics,6,0.092093,0.186681
A00005101,Product 5101,Clothing,6,0.947136,0.183508
A00000403,Product 403,Electronics,6,0.886199,0.187254
A00004092,Product 4092,Music,6,0.424281,0.184218
A00006536,Product 6536,Movies & TV,6,0.826294,0.184018
A00008266,Product 8266,Movies & TV,6,0.095015,0.189293
A00007925,Product 7925,Music,6,0.488877,0.180149
A00003015,Product 3015,Electronics,6,0.425340,0.188103
A00008750,Product 8750,Clothing,6,0.446284,0.186160
A00004978,Product 4978,Movies & TV,6,0.635468,0.181737
A00001162,Product 1162,Movies & TV,6,0.093171,0.185105
A00007708,Product 7708,Music,6,0.737690,0.188974
A00000087,Product 87,Books,6,0.109158,0.187690
A00002902,Product 2902,Movies & TV,6,0.411906,0.185228
A00009181,Product 9181,Books,6,0.761298,0.184211
A00004558,Product 4558,Movies & TV,6,0.240890,0.191229
A00007745,Product 7745,Electronics,6,0.144534,0.184644
A00008578,Product 8578,Books,6,0.758711,0.182307
A00006683,Product 6683,Movies & TV,6,0.071428,0.188967
A00003064,Product 3064,Books,6,0.179004,0.183364
A00007584,Product 7584,Movies & TV,6,0.690629,0.188992
A00006130,Product 6130,Clothing,6,0.203839,0.188696
A00001633,Product 1633,Music,6,0.729371,0.187941
A00009639,Product 9639,Music,6,0.464464,0.184763
A00009849,Product 9849,Clothing,6,0.600421,0.178010
A00006444,Product 6444,Clothing,6,0.630603,0.187254
A00003613,Product 3613,Clothing,6,0.305072,0.180256
A00003783,Product 3783,Electronics,6,0.215721,0.188621
A00001952,Product 1952,Books,6,0.659895,0.186166
A00003922,Product 3922,Movies & TV,6,0.969487,0.187796
A00008007,Product 8007,Movies & TV,6,0.774552,0.185634
A00006933,Product 6933,Movies & TV,6,0.669825,0.184678
A00007425,Product 7425,Electronics,6,0.945312,0.185184
A00000470,Product 470,Clothing,6,0.189896,0.185424
A00001097,Product 1097,Music,6,0.694265,0.184378
A00005202,Product 5202,Electronics,6,0.276765,0.185834
A00008718,Product 8718,Movies & TV,6,0.441855,0.193113
A00000000,Product 0,Clothing,6,0.626924,0.188114
A00008958,Product 8958,Movies & TV,6,0.741664,0.185783
A00005817,Product 5817,Books,6,0.107252,0.186573
A00005467,Product 5467,Music,6,0.059443,0.183051
A00002357,Product 2357,Movies & TV,6,0.563790,0.184650
A00004975,Product 4975,Electronics,6,0.539272,0.189128
A00006950,Product 6950,Movies & TV,6,0.342341,0.189925
A00005035,Product 5035,Movies & TV,6,0.968544,0.186841
A00003974,Product 3974,Movies & TV,6,0.006944,0.184814
A00004477,Product 4477,Clothing,6,0.546330,0.184596
A00007397,Product 7397,Electronics,6,0.920369,0.185665
A00007500,Product 7500,Clothing,6,0.561525,0.185593
A00007356,Product 7356,Clothing,6,0.816019,0.182958
A00001361,Product 1361,Electronics,6,0.438683,0.184127
A00002702,Product 2702,Clothing,6,0.158254,0.184811
A00005441,Product 5441,Books,6,0.682450,0.187268
A00002404,Product 2404,Clothing,6,0.378110,0.186663
A00004851,Product 4851,Books,6,0.686363,0.186517
A00008793,Product 8793,Books,6,0.150436,0.181023
A00004104,Product 4104,Music,6,0.331096,0.186845
A00009588,Product 9588,Clothing,6,0.800796,0.186597
A00001403,Product 1403,Music,6,0.180277,0.188238
A00002643,Product 2643,Movies & TV,6,0.737437,0.187072
A00006402,Product 6402,Music,6,0.801260,0.183964
A00006212,Product 6212,Music,6,0.258503,0.187493
A00006629,Product 6629,Clothing,6,0.030051,0.184181
A00003669,Product 3669,Music,6,0.736674,0.180292
A00004105,Product 4105,Books,6,0.611315,0.183259
A00008763,Product 8763,Clothing,6,0.666019,0.184586
A00004922,Product 4922,Books,6,0.614003,0.183836
A00003947,Product 3947,Music,6,0.460149,0.183347
A00009283,Product 9283,Electronics,6,0.709704,0.186688
A00004141,Product 4141,Clothing,6,0.887828,0.184958
A00005047,Product 5047,Clothing,6,0.119744,0.186264
A00001012,Product 1012,Books,6,0.015861,0.186876
A00007175,Product 7175,Clothing,6,0.229704,0.183340
A00003388,Product 3388,Books,6,0.422630,0.185208
A00008714,Product 8714,Movies & TV,6,0.183039,0.186883
A00000636,Product 636,Electronics,6,0.739146,0.186531
A00001042,Product 1042,Music,6,0.616545,0.185246
A00009482,Product 9482,Books,6,0.285797,0.184514
A00003823,Product 3823,Electronics,6,0.241710,0.185009
A00008167,Product 8167,Movies & TV,6,0.891662,0.189756
A00004774,Product 4774,Movies & TV,6,0.158962,0.185088
A00004988,Product 4988,Electronics,6,0.611184,0.187286
A00001730,Product 1730,Clothing,6,0.828530,0.186726
A00009754,Product 9754,Books,6,0.398597,0.184835
A00009097,Product 9097,Books,6,0.023159,0.185428
A00000907,Product 907,Movies & TV,6,0.924251,0.190377
A00003206,Product 3206,Clothing,6,0.076444,0.184992
A00003862,Product 3862,Books,6,0.500378,0.184232
A00005153,Product 5153,Electronics,6,0.432438,0.189601
A00007672,Product 7672,Clothing,6,0.990856,0.188401
A00007687,Product 7687,Movies & TV,6,0.943555,0.187606
A00007595,Product 7595,Books,6,0.107684,0.184613
A00004201,Product 4201,Music,6,0.944933,0.178589
A00007539,Product 7539,Movies & TV,6,0.072031,0.183744
A00005192,Product 5192,Clothing,6,0.877313,0.185150
A00001993,Product 1993,Books,6,0.168258,0.186796
A00004317,Product 4317,Electronics,6,0.401051,0.185373
A00009015,Product 9015,Clothing,6,0.375629,0.183025
A00007859,Product 7859,Books,6,0.594348,0.184480
A00003136,Product 3136,Movies & TV,6,0.483905,0.189954
A00002477,Product 2477,Electronics,6,0.355900,0.180562
A00009800,Product 9800,Clothing,6,0.007245,0.182901
A00002731,Product 2731,Books,6,0.215007,0.185410
A00006566,Product 6566,Music,6,0.846552,0.187402
A00002662,Product 2662,Movies & TV,6,0.796490,0.188408
A00002842,Product 2842,Music,6,0.818339,0.190327
A00008879,Product 8879,Movies & TV,6,0.662114,0.186866
A00003110,Product 3110,Movies & TV,6,0.702557,0.188412
A00009877,Product 9877,Clothing,6,0.369668,0.182500
A00001357,Product 1357,Electronics,6,0.368426,0.188082
A00001270,Product 1270,Clothing,6,0.523847,0.180029
A00004159,Product 4159,Electronics,6,0.894012,0.188810
A00000125,Product 125,Electronics,6,0.309965,0.187507
A00009030,Product 9030,Books,6,0.763996,0.188458
A00000810,Product 810,Books,6,0.492818,0.187374
A00003391,Product 3391,Clothing,6,0.735064,0.188753
A00008802,Product 8802,Electronics,6,0.948577,0.189440
A00004559,Product 4559,Electronics,6,0.826284,0.185976
A00007912,Product 7912,Books,6,0.948878,0.185624
A00006634,Product 6634,Music,6,0.098656,0.183451
A00002233,Product 2233,Clothing,6,0.059206,0.189267
A00008149,Product 8149,Clothing,6,0.161368,0.189555
A00006078,Product 6078,Electronics,6,0.944617,0.183961
A00007486,Product 7486,Electronics,6,0.584518,0.185208
A00007318,Product 7318,Electronics,6,0.555821,0.187919
A00007611,Product 7611,Electronics,6,0.034151,0.185307
A00001773,Product 1773,Clothing,6,0.853278,0.187191
A00002261,Product 2261,Books,6,0.135702,0.184164
A00004422,Product 4422,Movies & TV,6,0.214763,0.184385
A00003877,Product 3877,Clothing,6,0.248920,0.184681
A00005248,Product 5248,Music,6,0.944660,0.184640
A00000638,Product 638,Movies & TV,6,0.066772,0.184852
A00000898,Product 898,Music,6,0.491575,0.184807
A00009845,Product 9845,Movies & TV,6,0.496302,0.187191
A00001236,Product 1236,Electronics,6,0.753750,0.179580
A00003175,Product 3175,Electronics,6,0.689999,0.186988
A00000375,Product 375,Music,6,0.902560,0.179867
A00000168,Product 168,Movies & TV,6,0.722591,0.182062
A00001938,Product 1938,Books,6,0.280498,0.182417
A00006136,Product 6136,Clothing,6,0.750845,0.185410
A00002250,Product 2250,Electronics,6,0.381683,0.185531
A00007697,Product 7697,Books,6,0.190356,0.183832
A00009052,Product 9052,Electronics,6,0.737892,0.186778
A00009487,Product 9487,Movies & TV,6,0.215996,0.190236
A00001323,Product 1323,Movies & TV,6,0.896726,0.185890
A00000086,Product 86,Movies & TV,6,0.450958,0.182118
A00006370,Product 6370,Movies & TV,6,0.080231,0.187732
A00005983,Product 5983,Movies & TV,6,0.606670,0.185983
A00003487,Product 3487,Music,6,0.855303,0.184320
A00004051,Product 4051,Electronics,6,0.833319,0.188490
A00005609,Product 5609,Books,6,0.211884,0.190708
A00000868,Product 868,Music,6,0.749655,0.182887
A00007108,Product 7108,Movies & TV,6,0.288468,0.183920
A00005903,Product 5903,Electronics,6,0.297294,0.184770
A00004131,Product 4131,Music,6,0.879740,0.184688
A00003406,Product 3406,Clothing,6,0.886502,0.183189
A00002863,Product 2863,Clothing,6,0.428443,0.186413
A00001483,Product 1483,Books,6,0.552082,0.187708
A00006238,Product 6238,Books,6,0.447934,0.185362
A00001380,Product 1380,Books,6,0.341904,0.189264
A00006392,Product 6392,Books,6,0.726359,0.190229
A00008841,Product 8841,Music,6,0.222988,0.185862
A00008553,Product 8553,Music,6,0.979531,0.186319
A00008307,Product 8307,Electronics,6,0.487923,0.182497
A00001924,Product 1924,Books,6,0.805250,0.185119
A00005695,Product 5695,Movies & TV,6,0.680776,0.188689
A00008273,Product 8273,Music,6,0.985916,0.183444
A00008842,Product 8842,Clothing,6,0.962807,0.186333
A00008963,Product 8963,Music,6,0.982223,0.181463
A00009901,Product 9901,Electronics,6,0.282266,0.188071
A00006357,Product 6357,Electronics,6,0.018270,0.182314
A00005957,Product 5957,Music,6,0.826428,0.186215
A00006377,Product 6377,Clothing,6,0.751777,0.183286
A00006681,Product 6681,Clothing,6,0.743964,0.186785
A00001298,Product 1298,Movies & TV,6,0.318675,0.181889
A00002221,Product 2221,Books,6,0.279200,0.187627
A00003534,Product 3534,Music,6,0.217242,0.187044
A00003556,Product 3556,Clothing,6,0.149628,0.189393
A00006880,Product 6880,Music,6,0.073345,0.184558
A00001474,Product 1474,Books,6,0.477262,0.188483
A00009317,Product 9317,Books,6,0.101952,0.188899
A00004938,Product 4938,Books,6,0.624446,0.183370
A00006881,Product 6881,Books,6,0.411001,0.186298
A00002351,Product 2351,Clothing,6,0.287706,0.183545
A00008558,Product 8558,Music,6,0.159286,0.186677
A00007211,Product 7211,Electronics,6,0.039644,0.178219
A00000787,Product 787,Clothing,6,0.048173,0.179403
A00009676,Product 9676,Electronics,6,0.658697,0.177353
A00006579,Product 6579,Music,6,0.626185,0.184562
A00007033,Product 7033,Clothing,6,0.276778,0.183873
A00000219,Product 219,Music,6,0.601177,0.185617
A00003665,Product 3665,Clothing,6,0.136642,0.186455
A00002782,Product 2782,Electronics,6,0.566141,0.186194
A00002919,Product 2919,Electronics,6,0.709043,0.184072
A00004571,Product 4571,Music,6,0.885863,0.184992
A00002907,Product 2907,Music,6,0.571289,0.189196
A00002958,Product 2958,Electronics,6,0.207823,0.189131
A00004546,Product 4546,Movies & TV,6,0.229359,0.186803
A00000756,Product 756,Clothing,6,0.024078,0.181141
A00008049,Product 8049,Electronics,6,0.449485,0.174582
A00008925,Product 8925,Electronics,6,0.244720,0.185407
A00007690,Product 7690,Electronics,6,0.790078,0.189544
A00005288,Product 5288,Movies & TV,6,0.523043,0.185997
A00002637,Product 2637,Movies & TV,6,0.823143,0.184760
A00008366,Product 8366,Books,6,0.158102,0.184876
A00007266,Product 7266,Movies & TV,6,0.219525,0.186187
A00007723,Product 7723,Music,6,0.852664,0.186765
A00005218,Product 5218,Clothing,6,0.973534,0.181240
A00004830,Product 4830,Clothing,6,0.555702,0.183697
A00009793,Product 9793,Music,6,0.865359,0.190857
A00002983,Product 2983,Electronics,6,0.044297,0.183182
A00004626,Product 4626,Books,6,0.803063,0.188294
A00001936,Product 1936,Movies & TV,6,0.659398,0.184497
A00004368,Product 4368,Music,6,0.962026,0.187247
A00009266,Product 9266,Movies & TV,6,0.331838,0.184989
A00003541,Product 3541,Movies & TV,6,0.619082,0.182810
A00003787,Product 3787,Books,6,0.594183,0.183680
A00001383,Product 1383,Music,6,0.904487,0.182161
A00005988,Product 5988,Music,6,0.555496,0.184760
A00005744,Product 5744,Movies & TV,6,0.271442,0.182437
A00003344,Product 3344,Electronics,6,0.214937,0.181843
A00003647,Product 3647,Electronics,6,0.001509,0.189149
A00005362,Product 5362,Clothing,6,0.473422,0.189940
A00005141,Product 5141,Movies & TV,6,0.645003,0.190945
A00007855,Product 7855,Music,6,0.551939,0.186995
A00001156,Product 1156,Electronics,6,0.662928,0.187511
A00009767,Product 9767,Music,6,0.261928,0.188643
A00004418,Product 4418,Books,6,0.173593,0.184191
A00001990,Product 1990,Books,6,0.451794,0.184657
A00003483,Product 3483,Music,6,0.444610,0.179971
A00003984,Product 3984,Music,6,0.909336,0.183673
A00006998,Product 6998,Books,6,0.266033,0.184147
A00004699,Product 4699,Electronics,6,0.602582,0.183954
A00005741,Product 5741,Books,6,0.294579,0.184548
A00001441,Product 1441,Books,6,0.557808,0.188326
A00005071,Product 5071,Movies & TV,6,0.416107,0.184562
A00005566,Product 5566,Clothing,6,0.967792,0.188942
A00002068,Product 2068,Clothing,6,0.084648,0.185362
A00005907,Product 5907,Clothing,6,0.163924,0.178359
A00006597,Product 6597,Movies & TV,6,0.511333,0.187444
A00003473,Product 3473,Music,6,0.790286,0.181210
A00009026,Product 9026,Clothing,6,0.404249,0.185748
A00009308,Product 9308,Clothing,6,0.431523,0.182002
A00001928,Product 1928,Clothing,6,0.124795,0.187873
A00005664,Product 5664,Clothing,6,0.464911,0.182394
A00006667,Product 6667,Music,6,0.617420,0.181358
A00002985,Product 2985,Clothing,6,0.980898,0.188202
A00006620,Product 6620,Books,6,0.488080,0.183249
A00006694,Product 6694,Clothing,6,0.958942,0.184859
A00002169,Product 2169,Books,6,0.068094,0.178915
A00001409,Product 1409,Music,6,0.874706,0.186625
A00000041,Product 41,Music,6,0.517404,0.184616
A00008461,Product 8461,Clothing,6,0.972127,0.185731
A00002420,Product 2420,Electronics,6,0.652859,0.185820
A00009830,Product 9830,Clothing,6,0.134389,0.191061
A00002004,Product 2004,Books,6,0.182642,0.182045
A00000142,Product 142,Electronics,6,0.350767,0.182730
A00005542,Product 5542,Music,6,0.943343,0.185225
A00004894,Product 4894,Clothing,6,0.764222,0.185679
A00005718,Product 5718,Electronics,6,0.359085,0.186733
A00009115,Product 9115,Movies & TV,6,0.452942,0.187972
A00005198,Product 5198,Books,6,0.656625,0.181503
A00000546,Product 546,Electronics,6,0.181743,0.185259
A00005031,Product 5031,Clothing,6,0.056272,0.184256
A00007399,Product 7399,Electronics,6,0.256068,0.185283
A00002301,Product 2301,Clothing,6,0.666987,0.185098
A00000759,Product 759,Electronics,6,0.515866,0.184218
A00007936,Product 7936,Books,6,0.213577,0.192292
A00000676,Product 676,Electronics,6,0.837993,0.186056
A00009876,Product 9876,Music,6,0.416562,0.186142
A00009856,Product 9856,Music,6,0.546953,0.178931
A00000650,Product 650,Music,6,0.898358,0.181017
A00000158,Product 158,Movies & TV,6,0.119372,0.186069
A00003726,Product 3726,Electronics,6,0.412244,0.179554
A00000570,Product 570,Clothing,6,0.515021,0.187701
A00004481,Product 4481,Movies & TV,6,0.628428,0.187873
A00002081,Product 2081,Clothing,6,0.699960,0.181599
A00003234,Product 3234,Clothing,6,0.440233,0.185331
A00009553,Product 9553,Electronics,6,0.908491,0.186215
A00003859,Product 3859,Books,6,0.105307,0.182320
A00005361,Product 5361,Books,6,0.120114,0.189637
A00009699,Product 9699,Music,6,0.381005,0.186500
A00009494,Product 9494,Movies & TV,6,0.047933,0.189720
A00004835,Product 4835,Books,6,0.437474,0.190135
A00008959,Product 8959,Music,6,0.187315,0.187771
A00004530,Product 4530,Music,6,0.877756,0.189336
A00002043,Product 2043,Electronics,6,0.439087,0.185765
A00002414,Product 2414,Music,6,0.167232,0.191897
A00009563,Product 9563,Clothing,6,0.987982,0.189933
A00006580,Product 6580,Books,6,0.597888,0.186817
A00008696,Product 8696,Clothing,6,0.559393,0.187184
A00008134,Product 8134,Music,6,0.777177,0.179712
A00003706,Product 3706,Movies & TV,6,0.233119,0.190381
A00005579,Product 5579,Music,6,0.307804,0.188436
A00002470,Product 2470,Movies & TV,6,0.407937,0.186125
A00002440,Product 2440,Clothing,6,0.314213,0.180260
A00000587,Product 587,Electronics,6,0.813846,0.183606
A00006369,Product 6369,Electronics,6,0.187407,0.187261
A00004425,Product 4425,Clothing,6,0.469269,0.185030
A00009467,Product 9467,Electronics,6,0.806159,0.185762
A00006052,Product 6052,Books,6,0.829612,0.190175
A00009013,Product 9013,Clothing,6,0.196404,0.180393
A00004573,Product 4573,Books,6,0.838731,0.182304
A00003295,Product 3295,Music,6,0.927566,0.186277
A00002978,Product 2978,Clothing,6,0.877807,0.187135
A00001242,Product 1242,Clothing,6,0.677017,0.186288
A00004736,Product 4736,Electronics,6,0.992931,0.188220
A00003338,Product 3338,Books,6,0.458966,0.180709
A00005280,Product 5280,Music,6,0.029515,0.187268
A00005924,Product 5924,Clothing,6,0.016011,0.184766
A00003413,Product 3413,Movies & TV,6,0.558754,0.185845
A00002925,Product 2925,Books,6,0.956692,0.186312
A00004383,Product 4383,Electronics,6,0.987109,0.186632
A00004072,Product 4072,Movies & TV,6,0.187645,0.185534
A00003868,Product 3868,Books,6,0.019567,0.187644
A00003468,Product 3468,Books,6,0.437311,0.187016
A00006482,Product 6482,Books,6,0.668337,0.186104
A00005936,Product 5936,Electronics,6,0.113243,0.187683
A00002850,Product 2850,Clothing,6,0.068466,0.182264
A00008284,Product 8284,Electronics,6,0.073701,0.177896
A00000909,Product 909,Movies & TV,6,0.761020,0.190697
A00005221,Product 5221,Electronics,6,0.106544,0.183566
A00000843,Product 843,Music,6,0.048644,0.185558
A00002533,Product 2533,Music,6,0.838528,0.186939
A00000515,Product 515,Clothing,6,0.754680,0.185184
A00003748,Product 3748,Books,6,0.573494,0.181952
A00001185,Product 1185,Clothing,6,0.132582,0.185900
A00000753,Product 753,Music,6,0.492197,0.188103
A00000149,Product 149,Movies & TV,6,0.060394,0.187114
A00005660,Product 5660,Music,6,0.856151,0.189031
A00009490,Product 9490,Movies & TV,6,0.257986,0.184140
A00002155,Product 2155,Electronics,6,0.207688,0.186852
A00006663,Product 6663,Music,6,0.451577,0.182593
A00004850,Product 4850,Electronics,6,0.065226,0.187507
A00008900,Product 8900,Books,6,0.479836,0.185924
A00002162,Product 2162,Clothing,6,0.088710,0.186559
A00006560,Product 6560,Music,6,0.131566,0.184154
A00001076,Product 1076,Movies & TV,6,0.087376,0.186964
A00000049,Product 49,Electronics,6,0.203818,0.190893
A00006375,Product 6375,Movies & TV,6,0.830416,0.183947
A00003395,Product 3395,Music,6,0.801741,0.187300
A00004872,Product 4872,Clothing,6,0.453221,0.182867
A00002650,Product 2650,Music,6,0.261697,0.182647
A00009708,Product 9708,Books,6,0.811585,0.185731
A00008219,Product 8219,Clothing,6,0.673213,0.177457
A00008026,Product 8026,Books,6,0.541695,0.180935
A00005092,Product 5092,Electronics,6,0.197902,0.182844
A00002733,Product 2733,Books,6,0.092704,0.186330
A00005394,Product 5394,Movies & TV,6,0.731166,0.184069
A00002791,Product 2791,Books,6,0.053937,0.183041
A00003114,Product 3114,Movies & TV,6,0.583759,0.186632
A00009898,Product 9898,Movies & TV,6,0.721720,0.191185
A00009300,Product 9300,Electronics,6,0.065838,0.182847
A00000215,Product 215,Electronics,6,0.818161,0.186208
A00005877,Product 5877,Electronics,6,0.355586,0.185476
A00005815,Product 5815,Books,6,0.714653,0.183866
A00004115,Product 4115,Electronics,6,0.438674,0.186869
A00006865,Product 6865,Electronics,6,0.907930,0.188721
A00003586,Product 3586,Movies & TV,6,0.548393,0.184947
A00005860,Product 5860,Music,6,0.656421,0.188785
A00008009,Product 8009,Electronics,6,0.951663,0.185276
A00000881,Product 881,Music,6,0.542339,0.184623
A00005060,Product 5060,Clothing,6,0.653394,0.185225
A00001627,Product 1627,Music,6,0.472632,0.185239
A00000890,Product 890,Electronics,6,0.581773,0.183424
A00001475,Product 1475,Books,6,0.717257,0.189185
A00005529,Product 5529,Movies & TV,6,0.652279,0.190178
A00001594,Product 1594,Movies & TV,6,0.929388,0.188139
A00003217,Product 3217,Books,6,0.897309,0.186897
A00004759,Product 4759,Clothing,6,0.169278,0.182830
A00004879,Product 4879,Books,6,0.626873,0.180159
A00008292,Product 8292,Electronics,6,0.581557,0.188036
A00002344,Product 2344,Music,6,0.867554,0.179822
A00004120,Product 4120,Movies & TV,6,0.403212,0.176234
A00000481,Product 481,Movies & TV,6,0.622861,0.178796
A00005421,Product 5421,Books,6,0.728139,0.190146
A00003866,Product 3866,Movies & TV,6,0.837394,0.185948
A00005830,Product 5830,Clothing,6,0.138195,0.182804
A00003633,Product 3633,Clothing,6,0.425449,0.187891
A00001584,Product 1584,Movies & TV,6,0.594213,0.180768
A00005360,Product 5360,Movies & TV,6,0.652476,0.187852
A00005748,Product 5748,Clothing,6,0.293425,0.187023
A00005993,Product 5993,Books,6,0.678877,0.190316
A00002751,Product 2751,Books,6,0.283262,0.184671
A00001508,Product 1508,Movies & TV,6,0.213765,0.183663
A00006188,Product 6188,Books,6,0.948592,0.183374
A00006428,Product 6428,Music,6,0.729787,0.179078
A00001606,Product 1606,Books,6,0.441385,0.189393
A00000528,Product 528,Clothing,6,0.421253,0.185645
A00002873,Product 2873,Books,6,0.708200,0.179184
A00009544,Product 9544,Clothing,6,0.523263,0.181177
A00004348,Product 4348,Books,6,0.364064,0.180292
A00005113,Product 5113,Movies & TV,6,0.421295,0.184770
A00006095,Product 6095,Music,6,0.379223,0.184072
A00001673,Product 1673,Electronics,6,0.017775,0.185959
A00005093,Product 5093,Electronics,6,0.905812,0.186691
A00005182,Product 5182,Movies & TV,6,0.485454,0.189799
A00004346,Product 4346,Books,6,0.340038,0.184412
A00005525,Product 5525,Movies & TV,6,0.907737,0.185969
A00006191,Product 6191,Music,6,0.433527,0.182620
A00009993,Product 9993,Movies & TV,6,0.654347,0.187539
A00008993,Product 8993,Music,6,0.561065,0.177479
A00003955,Product 3955,Electronics,6,0.959271,0.183048
A00000370,Product 370,Books,6,0.205212,0.183313
A00000743,Product 743,Clothing,6,0.171223,0.186751
A00006799,Product 6799,Clothing,6,0.891477,0.183051
A00009941,Product 9941,Electronics,6,0.085121,0.183485
A00007702,Product 7702,Music,6,0.981508,0.184565
A00002949,Product 2949,Music,6,0.135944,0.185713
A00005423,Product 5423,Electronics,6,0.069693,0.185095
A00000702,Product 702,Electronics,6,0.712250,0.188096
A00006123,Product 6123,Movies & TV,6,0.083113,0.188856
A00006797,Product 6797,Electronics,6,0.248898,0.185841
A00007609,Product 7609,Clothing,6,0.984568,0.184487
A00003097,Product 3097,Music,6,0.923978,0.180856
A00004527,Product 4527,Electronics,6,0.301550,0.189024
A00009989,Product 9989,Music,6,0.439003,0.188671
A00000901,Product 901,Electronics,6,0.308008,0.187202
A00001216,Product 1216,Movies & TV,6,0.709596,0.185627
A00006877,Product 6877,Movies & TV,6,0.618071,0.176977
A00003214,Product 3214,Electronics,6,0.878756,0.188806
A00008932,Product 8932,Books,6,0.498994,0.184756
A00005637,Product 5637,Movies & TV,6,0.839856,0.187602
A00004458,Product 4458,Music,6,0.988103,0.182750
A00004128,Product 4128,Electronics,6,0.366217,0.187240
A00001345,Product 1345,Music,6,0.115531,0.187391
A00009080,Product 9080,Music,6,0.952963,0.187184
A00007902,Product 7902,Books,6,0.560034,0.188721
A00001167,Product 1167,Music,6,0.975670,0.185311
A00002686,Product 2686,Music,6,0.971198,0.186305
A00000523,Product 523,Books,6,0.004601,0.186521
A00000206,Product 206,Clothing,6,0.964079,0.183515
A00001297,Product 1297,Books,6,0.063149,0.183697
A00002975,Product 2975,Books,6,0.293456,0.185789
A00006601,Product 6601,Movies & TV,6,0.647736,0.181869
A00001991,Product 1991,Clothing,6,0.983352,0.183859
A00008019,Product 8019,Music,6,0.811094,0.189770
A00008442,Product 8442,Music,6,0.089453,0.185603
A00007348,Product 7348,Movies & TV,6,0.051534,0.186166
A00009465,Product 9465,Books,6,0.718627,0.182503
A00001125,Product 1125,Books,6,0.674650,0.182747
A00001533,Product 1533,Movies & TV,6,0.238082,0.187023
A00006946,Product 6946,Clothing,6,0.954182,0.178854
A00001444,Product 1444,Movies & TV,6,0.409211,0.184538
A00004817,Product 4817,Books,6,0.218835,0.184127
A00007001,Product 7001,Music,6,0.790365,0.181135
A00008899,Product 8899,Movies & TV,6,0.352131,0.179964
A00000961,Product 961,Music,6,0.839714,0.186382
A00002774,Product 2774,Movies & TV,6,0.122353,0.184157
A00009383,Product 9383,Movies & TV,6,0.902153,0.181833
A00001187,Product 1187,Movies & TV,6,0.158342,0.182754
A00004329,Product 4329,Clothing,6,0.965562,0.185380
A00000418,Product 418,Clothing,6,0.904684,0.186448
A00004901,Product 4901,Clothing,6,0.304181,0.179470
A00006993,Product 6993,Music,6,0.488653,0.186274
A00005919,Product 5919,Music,6,0.877900,0.185256
A00008492,Product 8492,Music,6,0.817196,0.179560
A00002100,Product 2100,Clothing,6,0.335758,0.184422
A00009519,Product 9519,Electronics,6,0.913789,0.183552
A00003249,Product 3249,Music,6,0.234723,0.183051
A00005133,Product 5133,Movies & TV,6,0.785920,0.186142
A00006489,Product 6489,Music,6,0.106074,0.185462
A00000339,Product 339,Movies & TV,6,0.668218,0.182830
A00000474,Product 474,Music,6,0.920890,0.183340
A00005245,Product 5245,Music,6,0.645919,0.180788
A00004354,Product 4354,Books,6,0.187963,0.183576
A00000281,Product 281,Books,6,0.964297,0.185283
A00005918,Product 5918,Books,6,0.264316,0.188011
A00009185,Product 9185,Movies & TV,6,0.134229,0.184708
A00002511,Product 2511,Music,6,0.880613,0.181105
A00007616,Product 7616,Clothing,6,0.106082,0.183192
A00000673,Product 673,Movies & TV,6,0.038157,0.188032
A00009632,Product 9632,Music,6,0.278653,0.186423
A00007373,Product 7373,Electronics,6,0.366632,0.187895
A00001358,Product 1358,Electronics,6,0.308469,0.188036
A00004580,Product 4580,Clothing,6,0.785875,0.178991
A00003018,Product 3018,Books,6,0.027914,0.185562
A00004518,Product 4518,Music,6,0.274890,0.189871
A00003545,Product 3545,Clothing,6,0.219608,0.184005
A00008622,Product 8622,Music,6,0.434429,0.184015
A00009640,Product 9640,Music,6,0.463912,0.186441
A00000669,Product 669,Music,6,0.578810,0.184093
A00002400,Product 2400,Books,6,0.712218,0.183082
A00001264,Product 1264,Clothing,6,0.816549,0.183259
A00006365,Product 6365,Electronics,6,0.616347,0.184749
A00003773,Product 3773,Music,6,0.477110,0.185369
A00009133,Product 9133,Movies & TV,6,0.663124,0.178458
A00005896,Product 5896,Music,6,0.940202,0.182700
A00000347,Product 347,Clothing,6,0.313548,0.185938
A00001806,Product 1806,Books,6,0.164620,0.185855
A00004628,Product 4628,Books,6,0.418322,0.184035
A00003786,Product 3786,Clothing,6,0.660870,0.179890
A00007532,Product 7532,Books,6,0.976018,0.194616
A00005879,Product 5879,Movies & TV,6,0.248116,0.184763
A00005822,Product 5822,Books,6,0.397924,0.184599
A00008100,Product 8100,Electronics,6,0.839036,0.190366
A00001829,Product 1829,Clothing,6,0.244245,0.188245
A00005087,Product 5087,Music,6,0.850583,0.186960
A00009621,Product 9621,Electronics,6,0.900816,0.184242
A00007326,Product 7326,Electronics,6,0.750885,0.185424
A00000218,Product 218,Electronics,6,0.451958,0.187806
A00008291,Product 8291,Clothing,6,0.600466,0.190755
A00002670,Product 2670,Electronics,6,0.295473,0.182560
A00008132,Product 8132,Music,6,0.183229,0.188490
A00003333,Product 3333,Electronics,6,0.622546,0.189017
A00001862,Product 1862,Movies & TV,6,0.650337,0.180195
A00007259,Product 7259,Books,6,0.195344,0.187930
A00002523,Product 2523,Books,6,0.158729,0.187778
A00006836,Product 6836,Clothing,6,0.651155,0.188796
A00009939,Product 9939,Clothing,6,0.445081,0.187352
A00005178,Product 5178,Movies & TV,6,0.814399,0.183414
A00007962,Product 7962,Music,6,0.110084,0.184188
A00009190,Product 9190,Music,6,0.568336,0.191043
A00007012,Product 7012,Electronics,6,0.099064,0.183525
A00006811,Product 6811,Electronics,6,0.829957,0.185112
A00006019,Product 6019,Electronics,6,0.515503,0.186395
A00007268,Product 7268,Books,6,0.610377,0.187563
A00000919,Product 919,Electronics,6,0.666104,0.183663
A00007748,Product 7748,Music,6,0.970066,0.186716
A00002972,Product 2972,Music,6,0.109219,0.187994
A00004017,Product 4017,Books,6,0.671594,0.185772
A00000512,Product 512,Music,6,0.930873,0.188906
A00000393,Product 393,Music,6,0.673877,0.190117
A00009900,Product 9900,Electronics,6,0.992092,0.179415
A00006944,Product 6944,Electronics,6,0.384577,0.180761
A00005635,Product 5635,Electronics,6,0.884308,0.183155
A00008989,Product 8989,Movies & TV,6,0.653887,0.186528
A00002090,Product 2090,Movies & TV,6,0.539653,0.186751
A00004413,Product 4413,Movies & TV,6,0.640756,0.184296
A00007823,Product 7823,Books,6,0.762563,0.185755
A00007976,Product 7976,Music,6,0.268470,0.189407
A00007474,Product 7474,Music,6,0.860540,0.190381
A00004057,Product 4057,Clothing,6,0.054331,0.188380
A00009732,Product 9732,Clothing,6,0.891212,0.187715
A00008435,Product 8435,Books,6,0.250094,0.187532
A00003870,Product 3870,Electronics,6,0.345136,0.184001
A00002518,Product 2518,Electronics,6,0.107833,0.187486
A00005512,Product 5512,Books,6,0.788181,0.185177
A00008867,Product 8867,Clothing,6,0.712189,0.186566
A00008766,Product 8766,Electronics,6,0.841407,0.183869
A00004569,Product 4569,Electronics,6,0.811951,0.185153
A00004232,Product 4232,Clothing,6,0.960831,0.189114
A00001379,Product 1379,Books,6,0.063594,0.182434
A00003156,Product 3156,Music,6,0.586008,0.187051
A00005203,Product 5203,Books,6,0.107854,0.187888
A00002237,Product 2237,Books,6,0.476538,0.182091
A00000077,Product 77,Movies & TV,6,0.340080,0.183273
A00007813,Product 7813,Clothing,6,0.038906,0.187518
A00002822,Product 2822,Books,6,0.841680,0.186114
A00006611,Product 6611,Clothing,6,0.984603,0.187086
A00006595,Product 6595,Music,6,0.197042,0.181276
A00000384,Product 384,Books,6,0.935224,0.189706
A00004302,Product 4302,Movies & TV,6,0.067067,0.184937
A00002748,Product 2748,Clothing,6,0.523559,0.188529
A00005712,Product 5712,Clothing,6,0.160693,0.186524
A00000131,Product 131,Electronics,6,0.829582,0.190806
A00007103,Product 7103,Clothing,6,0.180020,0.186740
A00000874,Product 874,Movies & TV,6,0.314071,0.191831
A00000873,Product 873,Movies & TV,6,0.385694,0.186364
A00005281,Product 5281,Clothing,6,0.228025,0.182921
A00007814,Product 7814,Books,6,0.438799,0.184439
A00004430,Product 4430,Movies & TV,6,0.538897,0.184838
A00003122,Product 3122,Music,6,0.530624,0.186395
A00005516,Product 5516,Books,6,0.263936,0.188071
A00006224,Product 6224,Books,6,0.767130,0.187729
A00001458,Product 1458,Electronics,6,0.149096,0.184876
A00002241,Product 2241,Electronics,6,0.008509,0.184900
A00003861,Product 3861,Movies & TV,6,0.866360,0.191471
A00008124,Product 8124,Clothing,6,0.883508,0.188635
A00008163,Product 8163,Music,6,0.840512,0.188160
A00006722,Product 6722,Books,6,0.210311,0.188454
A00009603,Product 9603,Books,6,0.938474,0.178652
A00004408,Product 4408,Music,6,0.157318,0.184375
A00009722,Product 9722,Music,6,0.611744,0.185098
A00006170,Product 6170,Music,6,0.856408,0.187440
A00001394,Product 1394,Music,6,0.024229,0.182281
A00000583,Product 583,Music,6,0.432726,0.188507
A00009187,Product 9187,Books,6,0.673355,0.188522
A00008716,Product 8716,Music,6,0.385085,0.183222
A00007953,Product 7953,Movies & TV,6,0.815129,0.186340
A00005139,Product 5139,Clothing,6,0.234087,0.185993
A00008052,Product 8052,Electronics,6,0.828468,0.177931
A00000795,Product 795,Clothing,6,0.833684,0.188412
A00009523,Product 9523,Movies & TV,6,0.890694,0.177921
A00009878,Product 9878,Books,6,0.368265,0.185435
A00005382,Product 5382,Music,6,0.993940,0.183206
A00005611,Product 5611,Music,6,0.308584,0.183876
A00004750,Product 4750,Movies & TV,6,0.122757,0.181056
A00001888,Product 1888,Music,6,0.926716,0.185693
A00009748,Product 9748,Books,6,0.212957,0.179386
A00007533,Product 7533,Clothing,6,0.386241,0.186298
A00006388,Product 6388,Books,6,0.057563,0.182065
A00008150,Product 8150,Electronics,6,0.728205,0.183852
A00004883,Product 4883,Clothing,6,0.615471,0.184293
A00004543,Product 4543,Books,6,0.060257,0.189078
A00000764,Product 764,Music,6,0.160380,0.188291
A00006058,Product 6058,Movies & TV,6,0.673231,0.185270
A00008845,Product 8845,Music,6,0.704014,0.183910
A00000848,Product 848,Electronics,6,0.012752,0.179171
A00002803,Product 2803,Clothing,6,0.579354,0.182277
A00009299,Product 9299,Movies & TV,6,0.834907,0.185294
A00003441,Product 3441,Books,6,0.399211,0.191317
A00009476,Product 9476,Clothing,6,0.751567,0.184872
A00008431,Product 8431,Books,6,0.987584,0.186489
A00005628,Product 5628,Movies & TV,6,0.154597,0.188938
A00003878,Product 3878,Clothing,6,0.633993,0.187697
A00007447,Product 7447,Music,6,0.856815,0.189013
A00000021,Product 21,Books,6,0.869669,0.180110
A00003846,Product 3846,Books,6,0.476484,0.182660
A00008136,Product 8136,Movies & TV,6,0.760815,0.182347
A00000081,Product 81,Music,6,0.770282,0.189411
A00005857,Product 5857,Electronics,6,0.152885,0.191453
A00006343,Product 6343,Electronics,6,0.609960,0.185772
A00001597,Product 1597,Books,6,0.686342,0.186239
A00003044,Product 3044,Movies & TV,6,0.304717,0.189662
A00007789,Product 7789,Music,6,0.234381,0.183927
A00000024,Product 24,Movies & TV,6,0.044823,0.181922
A00003341,Product 3341,Movies & TV,6,0.044555,0.181454
A00008939,Product 8939,Clothing,6,0.967086,0.183441
A00007487,Product 7487,Music,6,0.390468,0.186747
A00001656,Product 1656,Books,6,0.138166,0.186908
A00005665,Product 5665,Music,6,0.417953,0.188835
A00006743,Product 6743,Clothing,6,0.108074,0.185105
A00007825,Product 7825,Music,6,0.249967,0.182938
A00002853,Product 2853,Movies & TV,6,0.475224,0.185765
A00003688,Product 3688,Electronics,6,0.268861,0.190146
A00005095,Product 5095,Books,6,0.858104,0.187398
A00005163,Product 5163,Clothing,6,0.442259,0.182071
A00005407,Product 5407,Electronics,6,0.860188,0.186420
A00000858,Product 858,Clothing,6,0.791498,0.187006
A00008271,Product 8271,Clothing,6,0.549908,0.186632
A00009402,Product 9402,Movies & TV,6,0.860335,0.181079
A00009908,Product 9908,Books,5,0.978440,0.180735
A00009361,Product 9361,Electronics,5,0.453654,0.180611
A00004813,Product 4813,Movies & TV,5,0.829033,0.180221
A00006979,Product 6979,Clothing,5,0.022086,0.179554
A00004690,Product 4690,Clothing,5,0.399670,0.185256
A00008098,Product 8098,Electronics,5,0.415414,0.182640
A00008592,Product 8592,Books,5,0.095241,0.186925
A00008493,Product 8493,Books,5,0.836023,0.180673
A00006146,Product 6146,Movies & TV,5,0.551176,0.177149
A00006756,Product 6756,Books,5,0.738246,0.184742
A00005061,Product 5061,Books,5,0.309148,0.181975
A00005052,Product 5052,Music,5,0.100430,0.178937
A00003204,Product 3204,Books,5,0.415011,0.181840
A00001693,Product 1693,Clothing,5,0.067008,0.177637
A00005632,Product 5632,Music,5,0.543920,0.184650
A00008389,Product 8389,Clothing,5,0.396369,0.180729
A00000505,Product 505,Movies & TV,5,0.806906,0.185820
A00003548,Product 3548,Electronics,5,0.959153,0.184154
A00001894,Product 1894,Movies & TV,5,0.147879,0.186831
A00007078,Product 7078,Clothing,5,0.761391,0.181826
A00007737,Product 7737,Books,5,0.355762,0.178327
A00004163,Product 4163,Electronics,5,0.149497,0.176458
A00006659,Product 6659,Books,5,0.101877,0.183714
A00008798,Product 8798,Electronics,5,0.688931,0.183061
A00001228,Product 1228,Clothing,5,0.996739,0.183102
A00004608,Product 4608,Electronics,5,0.495406,0.184117
A00002409,Product 2409,Movies & TV,5,0.451624,0.185900
A00007156,Product 7156,Electronics,5,0.577639,0.184773
A00006280,Product 6280,Music,5,0.010531,0.176256
A00001685,Product 1685,Electronics,5,0.765966,0.179322
A00008351,Product 8351,Music,5,0.713323,0.179168
A00001820,Product 1820,Music,5,0.800138,0.178191
A00001878,Product 1878,Movies & TV,5,0.689835,0.180133
A00002706,Product 2706,Electronics,5,0.609923,0.186125
A00005670,Product 5670,Music,5,0.333193,0.179075
A00003897,Product 3897,Movies & TV,5,0.986095,0.183846
A00005375,Product 5375,Clothing,5,0.783538,0.184001
A00005976,Product 5976,Movies & TV,5,0.885216,0.178039
A00008588,Product 8588,Books,5,0.322416,0.180461
A00000235,Product 235,Electronics,5,0.732338,0.179728
A00003784,Product 3784,Clothing,5,0.178179,0.184773
A00008427,Product 8427,Books,5,0.166204,0.181516
A00001255,Product 1255,Music,5,0.207635,0.184279
A00008055,Product 8055,Movies & TV,5,0.906566,0.175695
A00004650,Product 4650,Books,5,0.242795,0.183633
A00008385,Product 8385,Books,5,0.281506,0.180928
A00005602,Product 5602,Clothing,5,0.549707,0.175326
A00002661,Product 2661,Books,5,0.720804,0.184954
A00009123,Product 9123,Movies & TV,5,0.308904,0.177388
A00001087,Product 1087,Clothing,5,0.091680,0.181184
A00006288,Product 6288,Clothing,5,0.176915,0.181434
A00005014,Product 5014,Books,5,0.263596,0.183280
A00002687,Product 2687,Books,5,0.974889,0.186897
A00004722,Product 4722,Books,5,0.727606,0.180162
A00003165,Product 3165,Clothing,5,0.568912,0.182307
A00005979,Product 5979,Movies & TV,5,0.782071,0.176670
A00001386,Product 1386,Books,5,0.913717,0.177366
A00003120,Product 3120,Clothing,5,0.437185,0.175037
A00001630,Product 1630,Movies & TV,5,0.797521,0.179040
A00001815,Product 1815,Movies & TV,5,0.762385,0.182697
A00006901,Product 6901,Electronics,5,0.741961,0.185369
A00004505,Product 4505,Electronics,5,0.436746,0.181860
A00005575,Product 5575,Music,5,0.064994,0.183812
A00006368,Product 6368,Music,5,0.253539,0.181727
A00006781,Product 6781,Books,5,0.585008,0.186094
A00003494,Product 3494,Music,5,0.080388,0.180533
A00005158,Product 5158,Music,5,0.842431,0.180778
A00000946,Product 946,Books,5,0.809499,0.182264
A00009322,Product 9322,Music,5,0.187324,0.181473
A00001716,Product 1716,Clothing,5,0.317105,0.174609
A00009441,Product 9441,Music,5,0.450167,0.183350
A00005870,Product 5870,Movies & TV,5,0.931375,0.183896
A00004310,Product 4310,Movies & TV,5,0.401001,0.186535
A00000452,Product 452,Books,5,0.432631,0.184985
A00003396,Product 3396,Electronics,5,0.333217,0.185869
A00005169,Product 5169,Music,5,0.356851,0.178796
A00005517,Product 5517,Books,5,0.430743,0.172044
A00007355,Product 7355,Clothing,5,0.684073,0.183259
A00002401,Product 2401,Books,5,0.847814,0.183670
A00001994,Product 1994,Clothing,5,0.773707,0.177928
A00007386,Product 7386,Movies & TV,5,0.991000,0.180680
A00006522,Product 6522,Electronics,5,0.601399,0.176029
A00003956,Product 3956,Electronics,5,0.142330,0.182227
A00003903,Product 3903,Books,5,0.827551,0.183485
A00002756,Product 2756,Music,5,0.483483,0.181207
A00007093,Product 7093,Movies & TV,5,0.656350,0.184862
A00002565,Product 2565,Music,5,0.938286,0.180250
A00009731,Product 9731,Books,5,0.843455,0.183401
A00002177,Product 2177,Clothing,5,0.914999,0.180224
A00000649,Product 649,Movies & TV,5,0.583646,0.183118
A00000814,Product 814,Electronics,5,0.227987,0.182075
A00000835,Product 835,Movies & TV,5,0.503113,0.180889
A00001975,Product 1975,Electronics,5,0.424874,0.181414
A00000688,Product 688,Clothing,5,0.458376,0.177735
A00002461,Product 2461,Books,5,0.801715,0.185993
A00000380,Product 380,Electronics,5,0.406367,0.179383
A00009752,Product 9752,Music,5,0.589268,0.183809
A00003729,Product 3729,Books,5,0.204177,0.181651
A00000629,Product 629,Music,5,0.305991,0.180631
A00002337,Product 2337,Books,5,0.841017,0.181823
A00004756,Product 4756,Clothing,5,0.670794,0.184900
A00009234,Product 9234,Music,5,0.611184,0.183697
A00001101,Product 1101,Books,5,0.892939,0.184137
A00006496,Product 6496,Electronics,5,0.274284,0.181477
A00000020,Product 20,Movies & TV,5,0.464908,0.176614
A00009121,Product 9121,Music,5,0.140758,0.181909
A00005368,Product 5368,Music,5,0.196633,0.183098
A00008174,Product 8174,Clothing,5,0.835628,0.177002
A00007159,Product 7159,Electronics,5,0.955912,0.185527
A00003158,Product 3158,Movies & TV,5,0.256972,0.180055
A00001478,Product 1478,Books,5,0.847262,0.182237
A00007389,Product 7389,Clothing,5,0.283218,0.184157
A00009626,Product 9626,Movies & TV,5,0.534171,0.180732
A00006740,Product 6740,Clothing,5,0.360515,0.178720
A00008232,Product 8232,Electronics,5,0.993141,0.184371
A00001869,Product 1869,Electronics,5,0.457736,0.183394
A00006672,Product 6672,Clothing,5,0.105779,0.177180
A00000284,Product 284,Electronics,5,0.583565,0.183657
A00001579,Product 1579,Electronics,5,0.840386,0.179351
A00000865,Product 865,Books,5,0.959986,0.184818
A00006918,Product 6918,Books,5,0.609737,0.177684
A00007127,Product 7127,Books,5,0.996720,0.179835
A00004484,Product 4484,Electronics,5,0.028724,0.181562
A00001014,Product 1014,Clothing,5,0.271158,0.182297
A00006223,Product 6223,Books,5,0.132322,0.184746
A00009140,Product 9140,Music,5,0.332488,0.178464
A00002027,Product 2027,Clothing,5,0.983261,0.183670
A00004694,Product 4694,Movies & TV,5,0.259729,0.183714
A00003160,Product 3160,Clothing,5,0.816288,0.178153
A00004350,Product 4350,Books,5,0.051608,0.180094
A00003410,Product 3410,Movies & TV,5,0.196420,0.180575
A00006563,Product 6563,Clothing,5,0.458697,0.182637
A00009136,Product 9136,Clothing,5,0.914038,0.182567
A00001756,Product 1756,Electronics,5,0.380590,0.176070
A00003142,Product 3142,Electronics,5,0.523429,0.181965
A00008000,Product 8000,Electronics,5,0.640569,0.181072
A00007558,Product 7558,Movies & TV,5,0.594768,0.185479
A00002586,Product 2586,Clothing,5,0.834390,0.178796
A00007900,Product 7900,Music,5,0.301238,0.179929
A00007635,Product 7635,Books,5,0.706943,0.185160
A00001265,Product 1265,Music,5,0.598861,0.178547
A00000310,Product 310,Books,5,0.798114,0.185239
A00006524,Product 6524,Clothing,5,0.331518,0.185057
A00003472,Product 3472,Music,5,0.933682,0.176002
A00009422,Product 9422,Books,5,0.303941,0.185088
A00004439,Product 4439,Books,5,0.240977,0.175470
A00009005,Product 9005,Clothing,5,0.151018,0.181325
A00006159,Product 6159,Clothing,5,0.447920,0.185955
A00005277,Product 5277,Books,5,0.830161,0.177533
A00005303,Product 5303,Music,5,0.807548,0.181177
A00000888,Product 888,Music,5,0.294138,0.178397
A00006947,Product 6947,Books,5,0.796190,0.183954
A00004335,Product 4335,Movies & TV,5,0.482493,0.186430
A00000856,Product 856,Clothing,5,0.850220,0.180654
A00004098,Product 4098,Electronics,5,0.585108,0.183515
A00004856,Product 4856,Music,5,0.394145,0.179780
A00007263,Product 7263,Books,5,0.739205,0.186566
A00008499,Product 8499,Clothing,5,0.674033,0.183199
A00006664,Product 6664,Clothing,5,0.888131,0.180595
A00005534,Product 5534,Electronics,5,0.972840,0.180739
A00002886,Product 2886,Movies & TV,5,0.070238,0.183748
A00009208,Product 9208,Electronics,5,0.986784,0.184698
A00008039,Product 8039,Movies & TV,5,0.096115,0.183269
A00001534,Product 1534,Books,5,0.795398,0.177928
A00004700,Product 4700,Electronics,5,0.260575,0.185576
A00002198,Product 2198,Movies & TV,5,0.244377,0.181803
A00008358,Product 8358,Electronics,5,0.693700,0.178892
A00005006,Product 5006,Books,5,0.598950,0.180039
A00006158,Product 6158,Clothing,5,0.716327,0.181536
A00005567,Product 5567,Electronics,5,0.514073,0.185249
A00003467,Product 3467,Electronics,5,0.462249,0.180748
A00001771,Product 1771,Books,5,0.243189,0.182994
A00004820,Product 4820,Clothing,5,0.450231,0.186688
A00005884,Product 5884,Music,5,0.630503,0.187951
A00009168,Product 9168,Clothing,5,0.237369,0.182008
A00008604,Product 8604,Books,5,0.757560,0.186670
A00003657,Product 3657,Electronics,5,0.731800,0.181513
A00005989,Product 5989,Clothing,5,0.155314,0.184712
A00008924,Product 8924,Books,5,0.919230,0.180458
A00001435,Product 1435,Clothing,5,0.735027,0.182277
A00004091,Product 4091,Music,5,0.494003,0.180712
A00005041,Product 5041,Movies & TV,5,0.637434,0.186395
A00005106,Product 5106,Books,5,0.782310,0.181079
A00007327,Product 7327,Movies & TV,5,0.656455,0.183296
A00000667,Product 667,Electronics,5,0.881361,0.183852
A00007312,Product 7312,Music,5,0.943814,0.188309
A00006804,Product 6804,Music,5,0.019405,0.180892
A00006823,Product 6823,Clothing,5,0.520300,0.177196
A00003920,Product 3920,Clothing,5,0.770860,0.186932
A00007429,Product 7429,Books,5,0.416824,0.186639
A00005062,Product 5062,Movies & TV,5,0.220727,0.183927
A00002015,Product 2015,Music,5,0.276205,0.181414
A00001514,Product 1514,Movies & TV,5,0.451480,0.181437
A00004849,Product 4849,Clothing,5,0.959229,0.181000
A00000362,Product 362,Books,5,0.319820,0.177823
A00000802,Product 802,Music,5,0.222371,0.178841
A00002062,Product 2062,Electronics,5,0.846497,0.177782
A00004151,Product 4151,Movies & TV,5,0.953054,0.186090
A00007482,Product 7482,Books,5,0.115057,0.185397
A00002391,Product 2391,Books,5,0.835742,0.172501
A00008872,Product 8872,Books,5,0.314022,0.184531
A00001499,Product 1499,Electronics,5,0.626798,0.181148
A00000533,Product 533,Electronics,5,0.830923,0.179332
A00008531,Product 8531,Books,5,0.663385,0.180386
A00002891,Product 2891,Music,5,0.117433,0.183239
A00004793,Product 4793,Books,5,0.985734,0.183900
A00000374,Product 374,Clothing,5,0.785336,0.178480
A00009535,Product 9535,Books,5,0.634217,0.183333
A00000106,Product 106,Movies & TV,5,0.115968,0.183417
A00005798,Product 5798,Clothing,5,0.704658,0.177823
A00004765,Product 4765,Electronics,5,0.495267,0.177165
A00008611,Product 8611,Movies & TV,5,0.656845,0.176648
A00001346,Product 1346,Electronics,5,0.238575,0.185858
A00003332,Product 3332,Movies & TV,5,0.639371,0.183075
A00002099,Product 2099,Music,5,0.070516,0.179867
A00002965,Product 2965,Electronics,5,0.411298,0.185679
A00001892,Product 1892,Electronics,5,0.701252,0.179932
A00004639,Product 4639,Movies & TV,5,0.547121,0.185091
A00003505,Product 3505,Clothing,5,0.322549,0.180794
A00001732,Product 1732,Books,5,0.427101,0.179806
A00000853,Product 853,Movies & TV,5,0.452124,0.181033
A00004194,Product 4194,Books,5,0.708220,0.179848
A00001980,Product 1980,Music,5,0.824597,0.181437
A00000026,Product 26,Music,5,0.423616,0.181204
A00008010,Product 8010,Electronics,5,0.832050,0.184218
A00000416,Product 416,Books,5,0.046725,0.180471
A00004996,Product 4996,Clothing,5,0.725186,0.182247
A00002247,Product 2247,Books,5,0.460192,0.181800
A00007816,Product 7816,Clothing,5,0.698322,0.182075
A00004611,Product 4611,Movies & TV,5,0.435342,0.183118
A00000797,Product 797,Movies & TV,5,0.301131,0.181674
A00003705,Product 3705,Music,5,0.359158,0.184872
A00008021,Product 8021,Electronics,5,0.868623,0.183630
A00005952,Product 5952,Clothing,5,0.381325,0.183095
A00007358,Product 7358,Electronics,5,0.033371,0.183562
A00007542,Product 7542,Music,5,0.388959,0.180788
A00007455,Product 7455,Clothing,5,0.335852,0.185280
A00001126,Product 1126,Books,5,0.659186,0.186316
A00007675,Product 7675,Clothing,5,0.850962,0.183206
A00001080,Product 1080,Music,5,0.281606,0.182091
A00000435,Product 435,Books,5,0.822240,0.185307
A00001278,Product 1278,Movies & TV,5,0.142299,0.188001
A00002668,Product 2668,Books,5,0.514862,0.179544
A00003722,Product 3722,Music,5,0.452060,0.182427
A00000056,Product 56,Movies & TV,5,0.840346,0.178758
A00007322,Product 7322,Movies & TV,5,0.887774,0.180481
A00006543,Product 6543,Movies & TV,5,0.792297,0.174363
A00008336,Product 8336,Music,5,0.531237,0.179586
A00009990,Product 9990,Clothing,5,0.724502,0.184480
A00002377,Product 2377,Movies & TV,5,0.843686,0.183125
A00003020,Product 3020,Movies & TV,5,0.693281,0.180876
A00001767,Product 1767,Movies & TV,5,0.915529,0.180465
A00002323,Product 2323,Books,5,0.167618,0.184924
A00009504,Product 9504,Music,5,0.882536,0.184072
A00005939,Product 5939,Electronics,5,0.287329,0.176455
A00000010,Product 10,Clothing,5,0.150157,0.184273
A00004063,Product 4063,Electronics,5,0.826645,0.182901
A00000426,Product 426,Electronics,5,0.278189,0.179612
A00003444,Product 3444,Electronics,5,0.931079,0.182684
A00007315,Product 7315,Music,5,0.184145,0.182128
A00004157,Product 4157,Electronics,5,0.072608,0.184273
A00005114,Product 5114,Music,5,0.677135,0.181608
A00009962,Product 9962,Books,5,0.556861,0.184133
A00005406,Product 5406,Movies & TV,5,0.856836,0.184494
A00003239,Product 3239,Movies & TV,5,0.413939,0.180393
A00002587,Product 2587,Books,5,0.385689,0.183263
A00006006,Product 6006,Music,5,0.788045,0.190890
A00006671,Product 6671,Music,5,0.123041,0.187405
A00005005,Product 5005,Movies & TV,5,0.674604,0.175745
A00005057,Product 5057,Books,5,0.926442,0.182734
A00002361,Product 2361,Movies & TV,5,0.858522,0.186021
A00009447,Product 9447,Movies & TV,5,0.929699,0.181237
A00002984,Product 2984,Movies & TV,5,0.072390,0.188008
A00003843,Product 3843,Movies & TV,5,0.584330,0.180299
A00004607,Product 4607,Books,5,0.091486,0.183812
A00002892,Product 2892,Electronics,5,0.620484,0.174722
A00004770,Product 4770,Clothing,5,0.020291,0.182231
A00001923,Product 1923,Electronics,5,0.616704,0.185624
A00006121,Product 6121,Books,5,0.388803,0.180784
A00003759,Product 3759,Electronics,5,0.333501,0.182543
A00003372,Product 3372,Books,5,0.393754,0.181625
A00005599,Product 5599,Movies & TV,5,0.631566,0.183869
A00001818,Product 1818,Books,5,0.983786,0.179877
A00004463,Product 4463,Electronics,5,0.515490,0.184235
A00000304,Product 304,Books,5,0.160279,0.176558
A00006382,Product 6382,Movies & TV,5,0.945509,0.179867
A00003668,Product 3668,Movies & TV,5,0.915042,0.180840
A00008987,Product 8987,Clothing,5,0.020959,0.183310
A00002525,Product 2525,Clothing,5,0.622881,0.181017
A00005582,Product 5582,Movies & TV,5,0.150912,0.179631
A00003883,Product 3883,Clothing,5,0.018045,0.179777
A00005461,Product 5461,Books,5,0.104463,0.183485
A00002171,Product 2171,Books,5,0.617339,0.177523
A00006023,Product 6023,Music,5,0.094517,0.178755
A00007997,Product 7997,Music,5,0.165416,0.180000
A00001257,Product 1257,Clothing,5,0.889628,0.173503
A00000748,Product 748,Movies & TV,5,0.099842,0.185115
A00005975,Product 5975,Music,5,0.070681,0.184719
A00008801,Product 8801,Books,5,0.361628,0.181810
A00003576,Product 3576,Books,5,0.845977,0.178394
A00000895,Product 895,Music,5,0.050958,0.176250
A00001949,Product 1949,Books,5,0.173502,0.184056
A00004603,Product 4603,Movies & TV,5,0.012020,0.181095
A00009675,Product 9675,Electronics,5,0.826930,0.186852
A00008507,Product 8507,Music,5,0.817678,0.179880
A00001918,Product 1918,Music,5,0.177231,0.178273
A00004267,Product 4267,Books,5,0.013251,0.185294
A00005992,Product 5992,Movies & TV,5,0.938639,0.183350
A00001158,Product 1158,Electronics,5,0.083256,0.178134
A00004124,Product 4124,Clothing,5,0.332713,0.180621
A00005383,Product 5383,Music,5,0.874540,0.182188
A00005177,Product 5177,Electronics,5,0.664110,0.186992
A00000518,Product 518,Music,5,0.916519,0.184838
A00005560,Product 5560,Clothing,5,0.026232,0.184596
A00003065,Product 3065,Music,5,0.456153,0.187951
A00006753,Product 6753,Books,5,0.510826,0.183687
A00008816,Product 8816,Music,5,0.197544,0.181063
A00006427,Product 6427,Clothing,5,0.658003,0.181371
A00000070,Product 70,Clothing,5,0.272612,0.187391
A00003977,Product 3977,Music,5,0.062258,0.180624
A00008275,Product 8275,Books,5,0.782555,0.185731
A00005576,Product 5576,Music,5,0.954792,0.182590
A00007178,Product 7178,Books,5,0.040658,0.183535
A00001571,Product 1571,Clothing,5,0.018537,0.179968
A00003288,Product 3288,Music,5,0.973184,0.177432
A00002335,Product 2335,Music,5,0.884679,0.186125
A00003033,Product 3033,Clothing,5,0.895647,0.184715
A00003161,Product 3161,Books,5,0.257824,0.179332
A00007157,Product 7157,Clothing,5,0.049096,0.184725
A00009981,Product 9981,Movies & TV,5,0.709231,0.178937
A00001088,Product 1088,Music,5,0.341747,0.184500
A00006298,Product 6298,Electronics,5,0.569582,0.179586
A00005487,Product 5487,Electronics,5,0.502484,0.183930
A00007448,Product 7448,Movies & TV,5,0.362250,0.182670
A00002651,Product 2651,Movies & TV,5,0.895218,0.180863
A00007534,Product 7534,Clothing,5,0.285180,0.181457
A00000055,Product 55,Music,5,0.707038,0.184042
A00009778,Product 9778,Movies & TV,5,0.698528,0.183896
A00009728,Product 9728,Books,5,0.286649,0.178902
A00008060,Product 8060,Clothing,5,0.709144,0.183323
A00007435,Product 7435,Clothing,5,0.192503,0.186184
A00004565,Product 4565,Books,5,0.856682,0.181523
A00003019,Product 3019,Clothing,5,0.395722,0.186479
A00006168,Product 6168,Electronics,5,0.451143,0.185139
A00007522,Product 7522,Electronics,5,0.800787,0.184589
A00008954,Product 8954,Movies & TV,5,0.876004,0.186978
A00009497,Product 9497,Books,5,0.608184,0.173769
A00009742,Product 9742,Movies & TV,5,0.230796,0.182457
A00000089,Product 89,Music,5,0.729828,0.183822
A00004875,Product 4875,Electronics,5,0.358528,0.180032
A00006847,Product 6847,Books,5,0.559317,0.185645
A00003571,Product 3571,Books,5,0.924027,0.182497
A00005322,Product 5322,Music,5,0.862821,0.181105
A00000932,Product 932,Electronics,5,0.204161,0.184575
A00005626,Product 5626,Music,5,0.480687,0.184698
A00005179,Product 5179,Movies & TV,5,0.988055,0.184521
A00001331,Product 1331,Electronics,5,0.484279,0.182360
A00009025,Product 9025,Electronics,5,0.080173,0.184684
A00005079,Product 5079,Books,5,0.421040,0.176670
A00002781,Product 2781,Clothing,5,0.389215,0.175634
A00003513,Product 3513,Movies & TV,5,0.691437,0.180971
A00002849,Product 2849,Clothing,5,0.235303,0.177228
A00005745,Product 5745,Electronics,5,0.044972,0.180559
A00002784,Product 2784,Clothing,5,0.779554,0.178991
A00008084,Product 8084,Movies & TV,5,0.753804,0.181992
A00006131,Product 6131,Electronics,5,0.438063,0.179547
A00009984,Product 9984,Books,5,0.843578,0.183951
A00002231,Product 2231,Movies & TV,5,0.329917,0.183078
A00000480,Product 480,Music,5,0.225361,0.188128
A00008503,Product 8503,Movies & TV,5,0.785523,0.174023
A00003844,Product 3844,Clothing,5,0.171587,0.177741
A00007421,Product 7421,Music,5,0.442150,0.181734
A00008093,Product 8093,Clothing,5,0.658804,0.182871
A00005463,Product 5463,Electronics,5,0.877519,0.182327
A00000620,Product 620,Music,5,0.937994,0.182874
A00001708,Product 1708,Music,5,0.313292,0.187216
A00000387,Product 387,Electronics,5,0.427910,0.182071
A00006049,Product 6049,Movies & TV,5,0.727486,0.181641
A00004838,Product 4838,Books,5,0.239400,0.181013
A00007375,Product 7375,Books,5,0.358259,0.179841
A00007414,Product 7414,Movies & TV,5,0.580188,0.183569
A00008858,Product 8858,Books,5,0.422634,0.181177
A00008896,Product 8896,Movies & TV,5,0.211719,0.180566
A00009674,Product 9674,Books,5,0.121676,0.188921
A00009850,Product 9850,Books,5,0.854245,0.181253
A00006668,Product 6668,Music,5,0.885501,0.182844
A00004790,Product 4790,Clothing,5,0.107488,0.183075
A00006927,Product 6927,Movies & TV,5,0.568366,0.175575
A00007749,Product 7749,Clothing,5,0.965384,0.184910
A00008221,Product 8221,Electronics,5,0.436547,0.183934
A00007296,Product 7296,Books,5,0.896352,0.175449
A00006651,Product 6651,Books,5,0.318606,0.180977
A00005733,Product 5733,Books,5,0.204864,0.185907
A00006118,Product 6118,Books,5,0.048798,0.178937
A00000468,Product 468,Books,5,0.868296,0.185445
A00006195,Product 6195,Clothing,5,0.797227,0.183717
A00008234,Product 8234,Music,5,0.986747,0.183995
A00006148,Product 6148,Books,5,0.893202,0.184688
A00003585,Product 3585,Movies & TV,5,0.843325,0.182777
A00009260,Product 9260,Music,5,0.668494,0.185184
A00007227,Product 7227,Movies & TV,5,0.406968,0.176767
A00002318,Product 2318,Music,5,0.924234,0.183937
A00006109,Product 6109,Clothing,5,0.059006,0.184917
A00008916,Product 8916,Music,5,0.097699,0.185496
A00006129,Product 6129,Clothing,5,0.294422,0.185614
A00009968,Product 9968,Music,5,0.986032,0.176792
A00005554,Product 5554,Music,5,0.822151,0.180663
A00004320,Product 4320,Books,5,0.889558,0.188061
A00003747,Product 3747,Clothing,5,0.919262,0.181043
A00003607,Product 3607,Clothing,5,0.112712,0.181641
A00000746,Product 746,Electronics,5,0.497125,0.181082
A00009040,Product 9040,Music,5,0.497107,0.182998
A00002905,Product 2905,Clothing,5,0.623765,0.181358
A00002563,Product 2563,Movies & TV,5,0.699896,0.182623
A00000514,Product 514,Books,5,0.085776,0.178547
A00000845,Product 845,Music,5,0.811657,0.176620
A00006887,Product 6887,Music,5,0.243936,0.182914
A00005425,Product 5425,Clothing,5,0.758097,0.186538
A00003838,Product 3838,Movies & TV,5,0.422802,0.185012
A00001006,Product 1006,Books,5,0.639611,0.181266
A00001466,Product 1466,Clothing,5,0.783800,0.178474
A00009199,Product 9199,Electronics,5,0.135248,0.182460
A00007122,Product 7122,Music,5,0.659868,0.183243
A00005341,Product 5341,Music,5,0.233660,0.182680
A00001061,Product 1061,Music,5,0.029034,0.180562
A00006350,Product 6350,Movies & TV,5,0.761215,0.180814
A00000498,Product 498,Electronics,5,0.144071,0.185023
A00005657,Product 5657,Movies & TV,5,0.645835,0.183397
A00007698,Product 7698,Clothing,5,0.666992,0.179893
A00009684,Product 9684,Books,5,0.712328,0.180546
A00008468,Product 8468,Clothing,5,0.593137,0.179942
A00005892,Product 5892,Books,5,0.484786,0.178289
A00006506,Product 6506,Clothing,5,0.026224,0.185349
A00004510,Product 4510,Electronics,5,0.805978,0.182948
A00007313,Product 7313,Movies & TV,5,0.136102,0.183055
A00003207,Product 3207,Movies & TV,5,0.791391,0.183552
A00003427,Product 3427,Movies & TV,5,0.614286,0.176231
A00000717,Product 717,Books,5,0.279571,0.178013
A00002242,Product 2242,Clothing,5,0.969119,0.182234
A00006497,Product 6497,Books,5,0.679809,0.186021
A00007971,Product 7971,Music,5,0.957161,0.184616
A00001561,Product 1561,Music,5,0.943894,0.181807
A00005891,Product 5891,Electronics,5,0.307631,0.176163
A00005716,Product 5716,Electronics,5,0.279675,0.181141
A00000627,Product 627,Movies & TV,5,0.526752,0.179719
A00002352,Product 2352,Books,5,0.648396,0.181010
A00004936,Product 4936,Electronics,5,0.131444,0.177476
A00000967,Product 967,Music,5,0.637794,0.183788
A00006353,Product 6353,Movies & TV,5,0.916095,0.183684
A00005018,Product 5018,Clothing,5,0.380552,0.181046
A00004058,Product 4058,Music,5,0.411823,0.180003
A00004082,Product 4082,Electronics,5,0.273459,0.181027
A00004935,Product 4935,Clothing,5,0.266020,0.182553
A00009324,Product 9324,Clothing,5,0.302649,0.185023
A00005304,Product 5304,Clothing,5,0.207890,0.179316
A00003910,Product 3910,Movies & TV,5,0.291370,0.179644
A00006037,Product 6037,Electronics,5,0.178715,0.180198
A00000438,Product 438,Movies & TV,5,0.317702,0.181879
A00007907,Product 7907,Music,5,0.508055,0.190577
A00005951,Product 5951,Movies & TV,5,0.747451,0.186014
A00007291,Product 7291,Movies & TV,5,0.319115,0.187139
A00003529,Product 3529,Electronics,5,0.755187,0.180224
A00005836,Product 5836,Books,5,0.077454,0.179622
A00003315,Product 3315,Music,5,0.593880,0.189085
A00002911,Product 2911,Electronics,5,0.569814,0.185779
A00006674,Product 6674,Books,5,0.042001,0.178286
A00008631,Product 8631,Movies & TV,5,0.035867,0.183582
A00006414,Product 6414,Clothing,5,0.664194,0.181612
A00005257,Product 5257,Music,5,0.970418,0.183485
A00008943,Product 8943,Music,5,0.581280,0.180396
A00002488,Product 2488,Music,5,0.096426,0.182513
A00001103,Product 1103,Music,5,0.728270,0.181549
A00009978,Product 9978,Movies & TV,5,0.491637,0.185414
A00002588,Product 2588,Electronics,5,0.948746,0.181473
A00001284,Product 1284,Electronics,5,0.842531,0.181053
A00002060,Product 2060,Movies & TV,5,0.928344,0.186936
A00000622,Product 622,Music,5,0.417652,0.171624
A00002362,Product 2362,Clothing,5,0.505689,0.180768
A00003218,Product 3218,Electronics,5,0.107972,0.181404
A00007141,Product 7141,Movies & TV,5,0.452043,0.184766
A00006583,Product 6583,Movies & TV,5,0.453152,0.184164
A00001117,Product 1117,Books,5,0.931334,0.182714
A00004684,Product 4684,Books,5,0.717621,0.184640
A00002924,Product 2924,Electronics,5,0.297181,0.177839
A00009695,Product 9695,Clothing,5,0.153097,0.180110
A00001268,Product 1268,Movies & TV,5,0.931535,0.181658
A00006459,Product 6459,Electronics,5,0.862927,0.182387
A00009153,Product 9153,Electronics,5,0.966324,0.183957
A00005794,Product 5794,Movies & TV,5,0.782310,0.182417
A00007224,Product 7224,Music,5,0.206992,0.175224
A00000943,Product 943,Music,5,0.792237,0.180866
A00009560,Product 9560,Clothing,5,0.771134,0.184262
A00009816,Product 9816,Electronics,5,0.407465,0.186782
A00007520,Product 7520,Electronics,5,0.458920,0.183485
A00004225,Product 4225,Music,5,0.547245,0.186503
A00003309,Product 3309,Clothing,5,0.514406,0.180611
A00000069,Product 69,Movies & TV,5,0.619777,0.182730
A00008218,Product 8218,Music,5,0.411174,0.178761
A00007478,Product 7478,Books,5,0.615658,0.179052
A00002545,Product 2545,Books,5,0.805131,0.174961
A00005036,Product 5036,Books,5,0.357510,0.179415
A00007924,Product 7924,Movies & TV,5,0.399079,0.182477
A00009959,Product 9959,Movies & TV,5,0.376732,0.179502
A00005694,Product 5694,Music,5,0.857612,0.181754
A00005658,Product 5658,Clothing,5,0.266491,0.178787
A00002033,Product 2033,Music,5,0.131688,0.179390
A00000589,Product 589,Electronics,5,0.439595,0.188287
A00001583,Product 1583,Movies & TV,5,0.498234,0.183048
A00002558,Product 2558,Electronics,5,0.787270,0.182091
A00003024,Product 3024,Movies & TV,5,0.663809,0.185503
A00005214,Product 5214,Music,5,0.396418,0.177397
A00002265,Product 2265,Clothing,5,0.960267,0.179489
A00004214,Product 4214,Music,5,0.644568,0.180817
A00001515,Product 1515,Books,5,0.103794,0.174985
A00002868,Product 2868,Electronics,5,0.979816,0.184249
A00005175,Product 5175,Electronics,5,0.400158,0.185030
A00002339,Product 2339,Books,5,0.029065,0.187366
A00008344,Product 8344,Clothing,5,0.004429,0.184279
A00002207,Product 2207,Clothing,5,0.977478,0.182227
A00003154,Product 3154,Music,5,0.616501,0.182774
A00006710,Product 6710,Clothing,5,0.828137,0.186524
A00000913,Product 913,Electronics,5,0.617210,0.183667
A00001198,Product 1198,Clothing,5,0.954103,0.181059
A00002453,Product 2453,Books,5,0.083889,0.180338
A00000750,Product 750,Electronics,5,0.917203,0.180964
A00007115,Product 7115,Clothing,5,0.892406,0.178589
A00004129,Product 4129,Clothing,5,0.358023,0.182724
A00008930,Product 8930,Books,5,0.975193,0.181665
A00008794,Product 8794,Electronics,5,0.874407,0.180873
A00002010,Product 2010,Movies & TV,5,0.674785,0.185369
A00004680,Product 4680,Movies & TV,5,0.965690,0.180221
A00003876,Product 3876,Clothing,5,0.617299,0.182344
A00009105,Product 9105,Clothing,5,0.995104,0.176536
A00008523,Product 8523,Electronics,5,0.514415,0.186782
A00001982,Product 1982,Books,5,0.436444,0.184293
A00004907,Product 4907,Clothing,5,0.273367,0.178982
A00005620,Product 5620,Books,5,0.844447,0.188419
A00009987,Product 9987,Movies & TV,5,0.477100,0.184113
A00000126,Product 126,Movies & TV,5,0.245264,0.185572
A00006334,Product 6334,Electronics,5,0.866756,0.176748
A00007454,Product 7454,Electronics,5,0.094235,0.179803
A00008909,Product 8909,Music,5,0.580594,0.181843
A00009614,Product 9614,Movies & TV,5,0.336956,0.183380
A00001660,Product 1660,Electronics,5,0.229985,0.178137
A00003617,Product 3617,Books,5,0.644568,0.181605
A00005409,Product 5409,Electronics,5,0.099988,0.182055
A00008310,Product 8310,Electronics,5,0.683917,0.186751
A00008986,Product 8986,Books,5,0.927458,0.176955
A00000923,Product 923,Books,5,0.164824,0.180987
A00004190,Product 4190,Clothing,5,0.964613,0.183082
A00005514,Product 5514,Clothing,5,0.666959,0.184262
A00009558,Product 9558,Books,5,0.800670,0.177467
A00000694,Product 694,Movies & TV,5,0.575918,0.177086
A00009054,Product 9054,Electronics,5,0.140307,0.183387
A00006748,Product 6748,Clothing,5,0.380569,0.178083
A00006831,Product 6831,Movies & TV,5,0.826754,0.179635
A00001985,Product 1985,Music,5,0.893097,0.188404
A00008917,Product 8917,Clothing,5,0.424072,0.184773
A00001135,Product 1135,Books,5,0.899207,0.180686
A00002775,Product 2775,Electronics,5,0.127930,0.183421
A00007170,Product 7170,Books,5,0.005265,0.179964
A00001503,Product 1503,Movies & TV,5,0.379700,0.180533
A00002827,Product 2827,Music,5,0.867315,0.175347
A00007331,Product 7331,Electronics,5,0.451524,0.179017
A00007047,Product 7047,Music,5,0.638730,0.175791
A00001881,Product 1881,Electronics,5,0.875222,0.176936
A00002226,Product 2226,Music,5,0.636688,0.180195
A00006250,Product 6250,Books,5,0.732611,0.178566
A00003484,Product 3484,Movies & TV,5,0.037839,0.180961
A00001540,Product 1540,Movies & TV,5,0.870512,0.179780
A00008605,Product 8605,Electronics,5,0.122257,0.178312
A00009660,Product 9660,Electronics,5,0.863855,0.186566
A00001971,Product 1971,Music,5,0.966987,0.180432
A00007468,Product 7468,Books,5,0.791129,0.180663
A00000817,Product 817,Clothing,5,0.157110,0.182058
A00006468,Product 6468,Clothing,5,0.688832,0.182460
A00008524,Product 8524,Clothing,5,0.513305,0.182108
A00003291,Product 3291,Electronics,5,0.901275,0.180448
A00003266,Product 3266,Music,5,0.236337,0.178207
A00005038,Product 5038,Books,5,0.105141,0.184368
A00001841,Product 1841,Clothing,5,0.812315,0.185009
A00002608,Product 2608,Clothing,5,0.435160,0.185088
A00000656,Product 656,Movies & TV,5,0.986124,0.182098
A00001233,Product 1233,Books,5,0.727735,0.180120
A00002507,Product 2507,Electronics,5,0.556329,0.185876
A00003251,Product 3251,Electronics,5,0.236906,0.186943
A00005462,Product 5462,Clothing,5,0.339213,0.186761
A00007772,Product 7772,Music,5,0.613331,0.188202
A00008154,Product 8154,Music,5,0.684245,0.178468
A00007937,Product 7937,Music,5,0.287135,0.185126
A00007142,Product 7142,Music,5,0.161796,0.182647
A00000316,Product 316,Clothing,5,0.523095,0.178991
A00001168,Product 1168,Movies & TV,5,0.299542,0.182460
A00004424,Product 4424,Electronics,5,0.392189,0.184456
A00000852,Product 852,Movies & TV,5,0.731100,0.175523
A00007631,Product 7631,Clothing,5,0.280977,0.180876
A00007741,Product 7741,Music,5,0.092714,0.180699
A00006173,Product 6173,Music,5,0.266862,0.185948
A00007969,Product 7969,Movies & TV,5,0.689700,0.177049
A00002900,Product 2900,Clothing,5,0.081579,0.177388
A00008658,Product 8658,Books,5,0.407909,0.175532
A00008584,Product 8584,Electronics,5,0.521816,0.178369
A00003766,Product 3766,Clothing,5,0.779110,0.178646
A00009653,Product 9653,Music,5,0.198599,0.183229
A00000543,Product 543,Movies & TV,5,0.623897,0.181135
A00009174,Product 9174,Clothing,5,0.938479,0.176458
A00000883,Product 883,Movies & TV,5,0.536169,0.183795
A00001337,Product 1337,Electronics,5,0.008294,0.184127
A00009745,Product 9745,Clothing,5,0.872001,0.183798
A00008031,Product 8031,Books,5,0.927484,0.179271
A00008394,Product 8394,Clothing,5,0.193071,0.185266
A00000784,Product 784,Electronics,5,0.169347,0.184388
A00007984,Product 7984,Clothing,5,0.381543,0.182144
A00006012,Product 6012,Electronics,5,0.312992,0.185758
A00001161,Product 1161,Electronics,5,0.259933,0.181473
A00003535,Product 3535,Books,5,0.329975,0.184385
A00003452,Product 3452,Electronics,5,0.009865,0.188799
A00008809,Product 8809,Movies & TV,5,0.441081,0.183038
A00009126,Product 9126,Books,5,0.067773,0.179396
A00004712,Product 4712,Electronics,5,0.534776,0.181916
A00009409,Product 9409,Books,5,0.297578,0.183717
A00002854,Product 2854,Music,5,0.242982,0.184344
A00009868,Product 9868,Music,5,0.983641,0.180172
A00001563,Product 1563,Clothing,5,0.066998,0.177962
A00000171,Product 171,Electronics,5,0.458138,0.185307
A00005934,Product 5934,Clothing,5,0.374653,0.182894
A00003056,Product 3056,Books,5,0.132448,0.184521
A00007449,Product 7449,Clothing,5,0.360645,0.181269
A00000179,Product 179,Books,5,0.822369,0.178382
A00001915,Product 1915,Movies & TV,5,0.103951,0.180523
A00002399,Product 2399,Music,5,0.978087,0.182931
A00000253,Product 253,Clothing,5,0.179045,0.183646
A00009925,Product 9925,Movies & TV,5,0.419351,0.180938
A00002240,Product 2240,Movies & TV,5,0.296675,0.183179
A00009256,Product 9256,Electronics,5,0.200541,0.180120
A00007646,Product 7646,Books,5,0.276497,0.182847
A00001816,Product 1816,Music,5,0.470187,0.176851
A00007265,Product 7265,Electronics,5,0.974012,0.185459
A00002947,Product 2947,Books,5,0.770312,0.182770
A00007267,Product 7267,Music,5,0.445695,0.177020
A00008376,Product 8376,Books,5,0.575254,0.185624
A00000778,Product 778,Clothing,5,0.517362,0.178937
A00005819,Product 5819,Books,5,0.362193,0.181276
A00008354,Product 8354,Clothing,5,0.162123,0.185486
A00006698,Product 6698,Electronics,5,0.192598,0.180758
A00004852,Product 4852,Movies & TV,5,0.947604,0.175080
A00002460,Product 2460,Electronics,5,0.160233,0.184701
A00007852,Product 7852,Clothing,5,0.845366,0.183721
A00001016,Product 1016,Books,5,0.074789,0.179622
A00009304,Product 9304,Clothing,5,0.705591,0.179341
A00000059,Product 59,Electronics,5,0.592562,0.185555
A00005755,Product 5755,Books,5,0.181561,0.175600
A00004392,Product 4392,Music,5,0.170004,0.177039
A00004504,Product 4504,Movies & TV,5,0.825745,0.182844
A00007057,Product 7057,Clothing,5,0.205386,0.183165
A00006151,Product 6151,Clothing,5,0.760595,0.182697
A00008821,Product 8821,Books,5,0.495817,0.182154
A00009616,Product 9616,Books,5,0.737327,0.185352
A00006558,Product 6558,Electronics,5,0.880466,0.182810
A00000654,Product 654,Clothing,5,0.124912,0.184052
A00009479,Product 9479,Clothing,5,0.509904,0.184415
A00003050,Product 3050,Clothing,5,0.160630,0.186775
A00002663,Product 2663,Clothing,5,0.974037,0.185208
A00000643,Product 643,Books,5,0.042108,0.182948
A00003720,Product 3720,Electronics,5,0.297858,0.180572
A00002835,Product 2835,Music,5,0.403356,0.188978
A00005834,Product 5834,Movies & TV,5,0.963318,0.183849
A00003645,Product 3645,Movies & TV,5,0.192306,0.185270
A00006133,Product 6133,Electronics,5,0.252123,0.180595
A00000915,Product 915,Electronics,5,0.755268,0.185211
A00004591,Product 4591,Movies & TV,5,0.762795,0.183015
A00006761,Product 6761,Electronics,5,0.006726,0.184626
A00002309,Product 2309,Movies & TV,5,0.340460,0.180107
A00003802,Product 3802,Books,5,0.313644,0.179799
A00004618,Product 4618,Clothing,5,0.699385,0.176467
A00009051,Product 9051,Movies & TV,5,0.250227,0.179890
A00008804,Product 8804,Books,5,0.353524,0.188025
A00005746,Product 5746,Music,5,0.719518,0.185689
A00006374,Product 6374,Electronics,5,0.713738,0.184749
A00007221,Product 7221,Music,5,0.648273,0.176433
A00008554,Product 8554,Movies & TV,5,0.015746,0.179596
A00001405,Product 1405,Clothing,5,0.590730,0.184551
A00006443,Product 6443,Books,5,0.308362,0.179735
A00000555,Product 555,Music,5,0.222100,0.179994
A00006704,Product 6704,Movies & TV,5,0.163458,0.179854
A00001901,Product 1901,Electronics,5,0.795563,0.180341
A00004478,Product 4478,Clothing,5,0.921509,0.177328
A00002655,Product 2655,Movies & TV,5,0.895886,0.184678
A00003814,Product 3814,Movies & TV,5,0.543779,0.180709
A00009457,Product 9457,Electronics,5,0.844148,0.180843
A00005316,Product 5316,Music,5,0.760211,0.183330
A00008990,Product 8990,Music,5,0.735986,0.183880
A00003523,Product 3523,Clothing,5,0.680958,0.181283
A00008347,Product 8347,Movies & TV,5,0.781200,0.181408
A00001141,Product 1141,Electronics,5,0.139097,0.186153
A00001569,Product 1569,Music,5,0.840742,0.182800
A00004911,Product 4911,Electronics,5,0.888866,0.181576
A00006270,Product 6270,Clothing,5,0.738141,0.179618
A00008226,Product 8226,Movies & TV,5,0.833050,0.181500
A00001535,Product 1535,Movies & TV,5,0.483924,0.182687
A00000212,Product 212,Electronics,5,0.316931,0.181873
A00009576,Product 9576,Electronics,5,0.563238,0.183125
A00000959,Product 959,Movies & TV,5,0.633787,0.188700
A00004278,Product 4278,Clothing,5,0.573267,0.179377
A00001705,Product 1705,Music,5,0.310849,0.184293
A00009072,Product 9072,Music,5,0.694455,0.180879
A00006702,Product 6702,Electronics,5,0.979609,0.177608
A00002610,Product 2610,Electronics,5,0.711637,0.180318
A00006147,Product 6147,Music,5,0.947267,0.182417
A00009357,Product 9357,Movies & TV,5,0.798321,0.183829
A00004501,Product 4501,Electronics,5,0.892054,0.181734
A00006768,Product 6768,Clothing,5,0.479827,0.179702
A00005459,Product 5459,Books,5,0.831407,0.185593
A00006059,Product 6059,Clothing,5,0.311722,0.184320
A00008061,Product 8061,Music,5,0.219946,0.180530
A00007238,Product 7238,Music,5,0.290351,0.182510
A00005897,Product 5897,Clothing,5,0.508647,0.180601
A00002860,Product 2860,Books,5,0.205472,0.181023
A00003102,Product 3102,Music,5,0.693795,0.184497
A00005032,Product 5032,Clothing,5,0.639828,0.182774
A00008195,Product 8195,Music,5,0.272014,0.181780
A00006692,Product 6692,Books,5,0.772273,0.181454
A00008620,Product 8620,Clothing,5,0.861743,0.182131
A00009364,Product 9364,Books,5,0.050173,0.182547
A00008477,Product 8477,Books,5,0.661859,0.178308
A00002341,Product 2341,Movies & TV,5,0.190994,0.183367
A00002535,Product 2535,Electronics,5,0.602639,0.180863
A00002263,Product 2263,Electronics,5,0.374964,0.180650
A00000639,Product 639,Electronics,5,0.336548,0.181414
A00004624,Product 4624,Music,5,0.064601,0.183347
A00000101,Product 101,Electronics,5,0.577972,0.179509
A00001564,Product 1564,Movies & TV,5,0.360652,0.179267
A00004319,Product 4319,Music,5,0.331014,0.182420
A00005055,Product 5055,Electronics,5,0.562498,0.187518
A00003148,Product 3148,Electronics,5,0.279168,0.178538
A00004632,Product 4632,Electronics,5,0.563174,0.179670
A00002291,Product 2291,Clothing,5,0.730626,0.186747
A00001802,Product 1802,Electronics,5,0.970461,0.177360
A00002717,Product 2717,Music,5,0.721773,0.181962
A00004222,Product 4222,Electronics,5,0.476137,0.181063
A00009894,Product 9894,Electronics,5,0.954099,0.186281
A00003243,Product 3243,Books,5,0.205102,0.178573
A00006609,Product 6609,Music,5,0.063230,0.179997
A00009723,Product 9723,Electronics,5,0.135818,0.182503
A00005502,Product 5502,Electronics,5,0.717415,0.179864
A00006234,Product 6234,Movies & TV,5,0.440258,0.183401
A00005077,Product 5077,Books,5,0.629827,0.186702
A00004146,Product 4146,Books,5,0.957149,0.176758
A00008469,Product 8469,Music,5,0.268224,0.184766
A00001151,Product 1151,Books,5,0.877678,0.178637
A00002732,Product 2732,Books,5,0.554031,0.184140
A00005788,Product 5788,Music,5,0.905682,0.181510
A00003741,Product 3741,Clothing,5,0.108097,0.182310
A00005920,Product 5920,Music,5,0.375561,0.182158
A00007350,Product 7350,Clothing,5,0.616937,0.178860
A00006712,Product 6712,Movies & TV,5,0.160913,0.182234
A00004753,Product 4753,Clothing,5,0.645359,0.180817
A00008724,Product 8724,Movies & TV,5,0.625117,0.182857
A00006894,Product 6894,Music,5,0.171673,0.180429
A00005622,Product 5622,Books,5,0.441949,0.183135
A00006598,Product 6598,Books,5,0.805808,0.185459
A00007636,Product 7636,Clothing,5,0.689872,0.180351
A00001377,Product 1377,Electronics,5,0.646784,0.183159
A00008228,Product 8228,Movies & TV,5,0.399125,0.183031
A00003026,Product 3026,Clothing,5,0.564977,0.180178
A00004887,Product 4887,Clothing,5,0.543337,0.183404
A00000716,Product 716,Electronics,5,0.195911,0.182640
A00007443,Product 7443,Movies & TV,5,0.193289,0.180699
A00009474,Product 9474,Books,5,0.979489,0.180049
A00003269,Product 3269,Books,5,0.753527,0.182557
A00004336,Product 4336,Electronics,5,0.819396,0.180416
A00003431,Product 3431,Electronics,5,0.210303,0.175686
A00003620,Product 3620,Movies & TV,5,0.242535,0.183873
A00005882,Product 5882,Clothing,5,0.204753,0.181122
A00004892,Product 4892,Electronics,5,0.600876,0.179014
A00000112,Product 112,Electronics,5,0.129813,0.183092
A00004524,Product 4524,Electronics,5,0.470967,0.180918
A00006801,Product 6801,Electronics,5,0.839710,0.179068
A00004614,Product 4614,Movies & TV,5,0.212908,0.184609
A00006915,Product 6915,Clothing,5,0.400938,0.178070
A00009680,Product 9680,Electronics,5,0.592449,0.184961
A00009134,Product 9134,Clothing,5,0.876876,0.178204
A00006473,Product 6473,Music,5,0.138245,0.185765
A00007601,Product 7601,Books,5,0.138781,0.183525
A00000272,Product 272,Books,5,0.450915,0.183320
A00002897,Product 2897,Books,5,0.163334,0.186925
A00002307,Product 2307,Music,5,0.987548,0.186834
A00009386,Product 9386,Movies & TV,5,0.945226,0.182307
A00002728,Product 2728,Movies & TV,5,0.407860,0.178048
A00002584,Product 2584,Movies & TV,5,0.823420,0.186744
A00002667,Product 2667,Books,5,0.633916,0.185040
A00007567,Product 7567,Music,5,0.176108,0.180791
A00001547,Product 1547,Clothing,5,0.480339,0.176073
A00008609,Product 8609,Electronics,5,0.056140,0.179403
A00007359,Product 7359,Music,5,0.486067,0.182687
A00003970,Product 3970,Books,5,0.200238,0.179874
A00000549,Product 549,Clothing,5,0.745950,0.180817
A00007886,Product 7886,Music,5,0.583783,0.182111
A00007913,Product 7913,Electronics,5,0.616374,0.185006
A00007975,Product 7975,Clothing,5,0.983104,0.181072
A00008194,Product 8194,Clothing,5,0.581410,0.183673
A00006067,Product 6067,Electronics,5,0.934218,0.179177
A00000574,Product 574,Clothing,5,0.172099,0.182327
A00000006,Product 6,Clothing,5,0.509437,0.185586
A00001787,Product 1787,Music,5,0.244814,0.184763
A00005586,Product 5586,Books,5,0.159308,0.185156
A00002952,Product 2952,Electronics,5,0.886616,0.182623
A00003027,Product 3027,Movies & TV,5,0.369302,0.185462
A00005084,Product 5084,Movies & TV,5,0.194470,0.182727
A00000862,Product 862,Music,5,0.448754,0.180058
A00000096,Product 96,Movies & TV,5,0.347897,0.181237
A00009236,Product 9236,Electronics,5,0.233720,0.178656
A00009338,Product 9338,Electronics,5,0.098793,0.186559
A00006405,Product 6405,Books,5,0.391747,0.177184
A00006813,Product 6813,Books,5,0.909178,0.178931
A00002496,Product 2496,Clothing,5,0.002462,0.185700
A00002930,Product 2930,Clothing,5,0.692543,0.178423
A00004803,Product 4803,Electronics,5,0.903279,0.184341
A00003323,Product 3323,Books,5,0.200392,0.179696
A00005555,Product 5555,Electronics,5,0.640724,0.178127
A00006841,Product 6841,Clothing,5,0.279979,0.181813
A00007955,Product 7955,Clothing,5,0.111611,0.180954
A00003145,Product 3145,Electronics,5,0.902071,0.182800
A00001443,Product 1443,Movies & TV,5,0.509304,0.184446
A00007845,Product 7845,Movies & TV,5,0.509697,0.183954
A00009077,Product 9077,Music,5,0.032422,0.185078
A00006310,Product 6310,Clothing,5,0.625422,0.176079
A00009406,Product 9406,Books,5,0.471487,0.184076
A00002593,Product 2593,Books,5,0.583724,0.187167
A00001887,Product 1887,Books,5,0.449264,0.182911
A00000996,Product 996,Music,5,0.614352,0.180523
A00004656,Product 4656,Music,5,0.168021,0.184056
A00006279,Product 6279,Movies & TV,5,0.064192,0.177180
A00001384,Product 1384,Movies & TV,5,0.973380,0.180677
A00008015,Product 8015,Movies & TV,5,0.232902,0.179777
A00007362,Product 7362,Electronics,5,0.980849,0.180961
A00007374,Product 7374,Movies & TV,5,0.393442,0.180742
A00007620,Product 7620,Movies & TV,5,0.374577,0.177877
A00006255,Product 6255,Music,5,0.192773,0.182787
A00009976,Product 9976,Books,5,0.278204,0.182794
A00004056,Product 4056,Books,5,0.881985,0.182527
A00005420,Product 5420,Music,5,0.877886,0.180377
A00007629,Product 7629,Books,5,0.877517,0.181010
A00000472,Product 472,Movies & TV,5,0.036503,0.183768
A00002762,Product 2762,Music,5,0.728784,0.183364
A00005944,Product 5944,Clothing,5,0.228863,0.177940
A00008590,Product 8590,Music,5,0.413768,0.180902
A00008774,Product 8774,Electronics,5,0.077008,0.182317
A00001245,Product 1245,Music,5,0.335107,0.179065
A00009377,Product 9377,Movies & TV,5,0.426543,0.186552
A00002283,Product 2283,Clothing,5,0.696210,0.182297
A00005945,Product 5945,Books,5,0.797216,0.181707
A00001634,Product 1634,Clothing,5,0.671135,0.182487
A00009058,Product 9058,Music,5,0.490357,0.182847
A00009222,Product 9222,Clothing,5,0.773777,0.183967
A00000320,Product 320,Music,5,0.176248,0.182714
A00008877,Product 8877,Books,5,0.164998,0.185751
A00006531,Product 6531,Movies & TV,5,0.682565,0.175698
A00008889,Product 8889,Electronics,5,0.980403,0.181764
A00002451,Product 2451,Electronics,5,0.022418,0.183623
A00007724,Product 7724,Books,5,0.226371,0.188213
A00004226,Product 4226,Books,5,0.904374,0.182178
A00004326,Product 4326,Clothing,5,0.636670,0.179877
A00006043,Product 6043,Electronics,5,0.796572,0.177845
A00003839,Product 3839,Books,5,0.412326,0.184541
A00005685,Product 5685,Books,5,0.048946,0.180465
A00002321,Product 2321,Clothing,5,0.939478,0.181490
A00006231,Product 6231,Movies & TV,5,0.956642,0.180107
A00009224,Product 9224,Clothing,5,0.591423,0.176817
A00002342,Product 2342,Electronics,5,0.680659,0.183038
A00006149,Product 6149,Movies & TV,5,0.367679,0.186667
A00008630,Product 8630,Electronics,5,0.907464,0.184371
A00008849,Product 8849,Books,5,0.194846,0.177596
A00007707,Product 7707,Electronics,5,0.403504,0.186014
A00007328,Product 7328,Movies & TV,5,0.031816,0.178761
A00009669,Product 9669,Electronics,5,0.227680,0.184466
A00004909,Product 4909,Electronics,5,0.734044,0.178175
A00002855,Product 2855,Clothing,5,0.734932,0.187813
A00002880,Product 2880,Books,5,0.234319,0.180263
A00001827,Product 1827,Movies & TV,5,0.672748,0.179961
A00004654,Product 4654,Music,5,0.315514,0.180690
A00006709,Product 6709,Music,5,0.607641,0.179877
A00005078,Product 5078,Movies & TV,5,0.765612,0.183798
A00002903,Product 2903,Books,5,0.047747,0.181473
A00001104,Product 1104,Books,5,0.940098,0.181741
A00009717,Product 9717,Movies & TV,5,0.285972,0.185349
A00000819,Product 819,Music,5,0.340780,0.185758
A00000044,Product 44,Books,5,0.805190,0.181263
A00000828,Product 828,Music,5,0.959672,0.182724
A00004489,Product 4489,Movies & TV,5,0.449912,0.177602
A00007158,Product 7158,Clothing,5,0.068255,0.172748
A00009785,Product 9785,Electronics,5,0.802535,0.176144
A00001720,Product 1720,Books,5,0.027405,0.179570
A00004025,Product 4025,Music,5,0.494761,0.178391
A00000196,Product 196,Books,5,0.691456,0.178242
A00002885,Product 2885,Electronics,5,0.396400,0.181348
A00002693,Product 2693,Music,5,0.441794,0.182420
A00004601,Product 4601,Clothing,5,0.780132,0.179027
A00006285,Product 6285,Books,5,0.761685,0.182337
A00005640,Product 5640,Music,5,0.973918,0.181866
A00008147,Product 8147,Books,5,0.558404,0.189400
A00004641,Product 4641,Movies & TV,5,0.561875,0.186319
A00008670,Product 8670,Electronics,5,0.824837,0.183636
A00002712,Product 2712,Clothing,5,0.654799,0.181496
A00007973,Product 7973,Music,5,0.406968,0.184354
A00009828,Product 9828,Music,5,0.484320,0.175791
A00007257,Product 7257,Clothing,5,0.382948,0.182410
A00009029,Product 9029,Electronics,5,0.216082,0.186018
A00002807,Product 2807,Clothing,5,0.907506,0.181027
A00000251,Product 251,Books,5,0.142871,0.181724
A00008220,Product 8220,Music,5,0.975547,0.183290
A00002797,Product 2797,Movies & TV,5,0.130265,0.184286
A00008726,Product 8726,Music,5,0.492203,0.186416
A00001028,Product 1028,Electronics,5,0.373963,0.181889
A00000383,Product 383,Music,5,0.041745,0.178477
A00004459,Product 4459,Movies & TV,5,0.866517,0.181665
A00005735,Product 5735,Clothing,5,0.401448,0.186649
A00000394,Product 394,Electronics,5,0.652272,0.181979
A00004444,Product 4444,Books,5,0.295371,0.180071
A00004672,Product 4672,Books,5,0.079749,0.186653
A00008323,Product 8323,Books,5,0.651698,0.183917
A00002649,Product 2649,Music,5,0.481042,0.181342
A00006069,Product 6069,Movies & TV,5,0.709548,0.177284
A00009039,Product 9039,Music,5,0.447549,0.181979
A00005568,Product 5568,Electronics,5,0.832902,0.182148
A00004166,Product 4166,Clothing,5,0.281769,0.186239
A00000054,Product 54,Electronics,5,0.719668,0.179235
A00003220,Product 3220,Music,5,0.000422,0.177171
A00002859,Product 2859,Music,5,0.672396,0.177124
A00004255,Product 4255,Clothing,5,0.464721,0.188878
A00006878,Product 6878,Clothing,5,0.140703,0.183795
A00004576,Product 4576,Electronics,5,0.399378,0.181194
A00005342,Product 5342,Music,5,0.571893,0.183404
A00005416,Product 5416,Movies & TV,5,0.388896,0.184354
A00003807,Product 3807,Electronics,5,0.498880,0.183532
A00003022,Product 3022,Books,5,0.412096,0.182954
A00008142,Product 8142,Books,5,0.046264,0.181734
A00004704,Product 4704,Clothing,5,0.209065,0.183438
A00001077,Product 1077,Electronics,5,0.048828,0.187444
A00009928,Product 9928,Music,5,0.216798,0.183239
A00006896,Product 6896,Movies & TV,5,0.799278,0.183886
A00004647,Product 4647,Music,5,0.114983,0.181813
A00002137,Product 2137,Electronics,5,0.955814,0.178045
A00003966,Product 3966,Music,5,0.062547,0.182131
A00006437,Product 6437,Clothing,5,0.665642,0.180886
A00000016,Product 16,Clothing,5,0.945705,0.182161
A00009573,Product 9573,Clothing,5,0.273894,0.181645
A00003673,Product 3673,Electronics,5,0.343366,0.180680
A00004047,Product 4047,Movies & TV,5,0.855192,0.178445
A00009543,Product 9543,Movies & TV,5,0.942552,0.185355
A00000510,Product 510,Electronics,5,0.412949,0.183394
A00002445,Product 2445,Electronics,5,0.029114,0.184164
A00006372,Product 6372,Music,5,0.398853,0.183802
A00008223,Product 8223,Movies & TV,5,0.900951,0.185180
A00004661,Product 4661,Movies & TV,5,0.908653,0.183438
A00008121,Product 8121,Electronics,5,0.349711,0.187188
A00001678,Product 1678,Books,5,0.036877,0.178461
A00002056,Product 2056,Books,5,0.080039,0.180491
A00006315,Product 6315,Clothing,5,0.981442,0.176352
A00001119,Product 1119,Music,5,0.709336,0.177653
A00008876,Product 8876,Books,5,0.502713,0.180023
A00002022,Product 2022,Electronics,5,0.765720,0.179815
A00008425,Product 8425,Clothing,5,0.767520,0.179242
A00002048,Product 2048,Clothing,5,0.935249,0.181599
A00004916,Product 4916,Books,5,0.269790,0.177303
A00000658,Product 658,Clothing,5,0.056106,0.188050
A00009355,Product 9355,Music,5,0.531009,0.184613
A00002340,Product 2340,Electronics,5,0.006526,0.182757
A00001523,Product 1523,Movies & TV,5,0.984768,0.184790
A00004153,Product 4153,Movies & TV,5,0.922931,0.180784
A00006114,Product 6114,Movies & TV,5,0.192246,0.185720
A00009083,Product 9083,Clothing,5,0.850404,0.175937
A00002131,Product 2131,Movies & TV,5,0.089490,0.180882
A00005396,Product 5396,Music,5,0.076108,0.184797
A00006551,Product 6551,Books,5,0.278660,0.182750
A00007537,Product 7537,Movies & TV,5,0.465339,0.180510
A00009469,Product 9469,Movies & TV,5,0.738218,0.178892
A00003983,Product 3983,Music,5,0.434036,0.180592
A00009461,Product 9461,Movies & TV,5,0.882981,0.181125
A00004584,Product 4584,Books,5,0.167967,0.178723
A00001511,Product 1511,Electronics,5,0.293226,0.185386
A00001586,Product 1586,Books,5,0.315474,0.178675
A00006612,Product 6612,Electronics,5,0.349429,0.176601
A00002887,Product 2887,Movies & TV,5,0.354587,0.181296
A00003537,Product 3537,Electronics,5,0.835775,0.179329
A00002597,Product 2597,Clothing,5,0.211558,0.179803
A00006090,Product 6090,Music,5,0.790652,0.178137
A00004810,Product 4810,Electronics,5,0.736768,0.185249
A00007212,Product 7212,Electronics,5,0.151925,0.181674
A00005465,Product 5465,Music,5,0.473561,0.182610
A00000129,Product 129,Electronics,5,0.913507,0.181391
A00004517,Product 4517,Music,5,0.941159,0.183229
A00008173,Product 8173,Music,5,0.782489,0.180876
A00004168,Product 4168,Movies & TV,5,0.927504,0.179618
A00004969,Product 4969,Music,5,0.661310,0.185952
A00004488,Product 4488,Clothing,5,0.420723,0.176178
A00007231,Product 7231,Music,5,0.514453,0.184766
A00000386,Product 386,Movies & TV,5,0.681395,0.185997
A00000783,Product 783,Music,5,0.886560,0.184985
A00007491,Product 7491,Music,5,0.502623,0.183192
A00001545,Product 1545,Movies & TV,5,0.404621,0.180461
A00001512,Product 1512,Clothing,5,0.100946,0.183812
A00005117,Product 5117,Electronics,5,0.960675,0.187493
A00009985,Product 9985,Electronics,5,0.184051,0.181635
A00009965,Product 9965,Books,5,0.739180,0.185872
A00007897,Product 7897,Books,5,0.689609,0.182012
A00002787,Product 2787,Music,5,0.341115,0.177234
A00008092,Product 8092,Clothing,5,0.447963,0.183498
A00009611,Product 9611,Music,5,0.040847,0.179977
A00004562,Product 4562,Books,5,0.584507,0.186862
A00001824,Product 1824,Electronics,5,0.039219,0.182207
A00001909,Product 1909,Electronics,5,0.023602,0.178630
A00009762,Product 9762,Books,5,0.930525,0.182754
A00001469,Product 1469,Movies & TV,5,0.158804,0.186688
A00001675,Product 1675,Electronics,5,0.564692,0.174262
A00004900,Product 4900,Electronics,5,0.970049,0.179117
A00006209,Product 6209,Electronics,5,0.309079,0.185407
A00006990,Product 6990,Books,5,0.162250,0.182062
A00000575,Product 575,Clothing,5,0.040860,0.176608
A00005086,Product 5086,Clothing,5,0.354741,0.184130
A00007519,Product 7519,Electronics,5,0.250945,0.179274
A00008508,Product 8508,Movies & TV,5,0.300377,0.183741
A00005180,Product 5180,Electronics,5,0.098612,0.181154
A00007633,Product 7633,Electronics,5,0.891401,0.182304
A00001246,Product 1246,Music,5,0.566157,0.183236
A00009204,Product 9204,Music,5,0.871679,0.183313
A00006417,Product 6417,Books,5,0.397139,0.183636
A00009666,Product 9666,Movies & TV,5,0.224267,0.178963
A00001964,Product 1964,Electronics,5,0.123291,0.183606
A00007219,Product 7219,Music,5,0.744735,0.181770
A00008242,Product 8242,Books,5,0.715422,0.175307
A00006545,Product 6545,Clothing,5,0.198883,0.177027
A00007466,Product 7466,Music,5,0.177623,0.183971
A00007862,Product 7862,Music,5,0.517744,0.181112
A00006139,Product 6139,Books,5,0.608235,0.181243
A00001497,Product 1497,Books,5,0.120113,0.181846
A00009688,Product 9688,Books,5,0.770467,0.181658
A00007689,Product 7689,Movies & TV,5,0.883929,0.180315
A00002964,Product 2964,Clothing,5,0.875001,0.180513
A00002923,Product 2923,Music,5,0.801571,0.183488
A00002697,Product 2697,Music,5,0.927820,0.180351
A00008968,Product 8968,Electronics,5,0.827537,0.183206
A00000899,Product 899,Electronics,5,0.938490,0.177136
A00006769,Product 6769,Music,5,0.889400,0.181513
A00000412,Product 412,Clothing,5,0.382394,0.181688
A00009021,Product 9021,Electronics,5,0.473700,0.179735
A00007205,Product 7205,Books,5,0.492662,0.184140
A00008449,Product 8449,Movies & TV,5,0.644053,0.181599
A00006934,Product 6934,Electronics,5,0.707579,0.182547
A00002355,Product 2355,Movies & TV,5,0.286507,0.176911
A00002916,Product 2916,Clothing,5,0.981977,0.180523
A00004400,Product 4400,Electronics,5,0.826391,0.178835
A00007506,Product 7506,Books,5,0.122084,0.179929
A00008568,Product 8568,Movies & TV,5,0.439613,0.183626
A00003958,Product 3958,Clothing,5,0.332352,0.186222
A00005520,Product 5520,Electronics,5,0.667434,0.182610
A00003631,Product 3631,Clothing,5,0.380872,0.183785
A00000789,Product 789,Electronics,5,0.997193,0.181608
A00005289,Product 5289,Electronics,5,0.453753,0.182991
A00002120,Product 2120,Books,5,0.188001,0.186740
A00002459,Product 2459,Music,5,0.119409,0.177438
A00003953,Product 3953,Clothing,5,0.722474,0.184205
A00004513,Product 4513,Clothing,5,0.221594,0.180605
A00008412,Product 8412,Books,5,0.800221,0.183927
A00009789,Product 9789,Electronics,5,0.164924,0.183748
A00005305,Product 5305,Movies & TV,5,0.613636,0.173757
A00002333,Product 2333,Electronics,5,0.809107,0.185108
A00003324,Product 3324,Clothing,5,0.920884,0.184613
A00008043,Product 8043,Music,5,0.805766,0.182121
A00002635,Product 2635,Movies & TV,5,0.648063,0.180781
A00005982,Product 5982,Clothing,5,0.026204,0.184330
A00003682,Product 3682,Music,5,0.597358,0.178995
A00000132,Product 132,Music,5,0.333489,0.178972
A00000662,Product 662,Music,5,0.965169,0.179120
A00004138,Product 4138,Clothing,5,0.232114,0.179761
A00008966,Product 8966,Movies & TV,5,0.654316,0.181906
A00004032,Product 4032,Music,5,0.897715,0.178366
A00003094,Product 3094,Books,5,0.460336,0.181519
A00003664,Product 3664,Music,5,0.382229,0.181969
A00002768,Product 2768,Music,5,0.671508,0.187254
A00009972,Product 9972,Electronics,5,0.576368,0.184664
A00004068,Product 4068,Music,5,0.463998,0.184276
A00003006,Product 3006,Clothing,5,0.325733,0.180386
A00002798,Product 2798,Music,5,0.419461,0.176374
A00002770,Product 2770,Electronics,5,0.407955,0.183370
A00002061,Product 2061,Music,5,0.072087,0.182914
A00000057,Product 57,Music,5,0.336204,0.181701
A00001777,Product 1777,Clothing,5,0.035248,0.178554
A00007441,Product 7441,Movies & TV,5,0.451654,0.181932
A00009130,Product 9130,Music,5,0.157834,0.183502
A00000497,Product 497,Books,5,0.136249,0.183149
A00009388,Product 9388,Music,5,0.462493,0.190999
A00001652,Product 1652,Books,5,0.170595,0.183276
A00002156,Product 2156,Books,5,0.883318,0.183165
A00002564,Product 2564,Clothing,5,0.254075,0.182207
A00003072,Product 3072,Electronics,5,0.574674,0.181148
A00005964,Product 5964,Electronics,5,0.701247,0.180951
A00003851,Product 3851,Clothing,5,0.699446,0.182727
A00008878,Product 8878,Electronics,5,0.866454,0.184100
A00000234,Product 234,Music,5,0.476528,0.182547
A00003511,Product 3511,Clothing,5,0.966634,0.183512
A00008387,Product 8387,Clothing,5,0.431694,0.182267
A00002053,Product 2053,Electronics,5,0.033138,0.182158
A00009832,Product 9832,Electronics,5,0.095674,0.178471
A00005188,Product 5188,Books,5,0.167651,0.178340
A00000413,Product 413,Music,5,0.935431,0.181717
A00001662,Product 1662,Electronics,5,0.155744,0.176383
A00004666,Product 4666,Clothing,5,0.601882,0.178876
A00004895,Product 4895,Movies & TV,5,0.787063,0.186323
A00007064,Product 7064,Books,5,0.446906,0.186371
A00008261,Product 8261,Electronics,5,0.663998,0.180788
A00002430,Product 2430,Books,5,0.312157,0.177909
A00007867,Product 7867,Music,5,0.773494,0.182271
A00003079,Product 3079,Electronics,5,0.898534,0.184818
A00003034,Product 3034,Electronics,5,0.415814,0.186243
A00002285,Product 2285,Music,5,0.389137,0.187359
A00002000,Product 2000,Electronics,5,0.756603,0.177653
A00005367,Product 5367,Electronics,5,0.920288,0.180562
A00007473,Product 7473,Electronics,5,0.889624,0.182201
A00002313,Product 2313,Music,5,0.434828,0.186660
A00004528,Product 4528,Clothing,5,0.912479,0.181260
A00004367,Product 4367,Electronics,5,0.941417,0.181688
A00003017,Product 3017,Books,5,0.243269,0.180814
A00002867,Product 2867,Movies & TV,5,0.287302,0.181470
A00005959,Product 5959,Music,5,0.658664,0.184079
A00005968,Product 5968,Books,5,0.223457,0.175958
A00004435,Product 4435,Clothing,5,0.099998,0.175181
A00000493,Product 493,Music,5,0.254476,0.177375
A00000963,Product 963,Music,5,0.086986,0.183246
A00000108,Product 108,Music,5,0.782926,0.184303
A00000246,Product 246,Books,5,0.580286,0.176116
A00002139,Product 2139,Books,5,0.982832,0.178544
A00008736,Product 8736,Clothing,5,0.254121,0.182204
A00007775,Product 7775,Music,5,0.145289,0.181306
A00008309,Product 8309,Books,5,0.208216,0.187718
A00001899,Product 1899,Books,5,0.012740,0.187149
A00008330,Product 8330,Books,5,0.702072,0.181780
A00007865,Product 7865,Books,5,0.063208,0.182174
A00004349,Product 4349,Electronics,5,0.177885,0.181046
A00003593,Product 3593,Music,5,0.611333,0.181684
A00004577,Product 4577,Books,5,0.662003,0.184218
A00006361,Product 6361,Books,5,0.917137,0.184545
A00007992,Product 7992,Clothing,5,0.173425,0.182098
A00005286,Product 5286,Music,5,0.271887,0.183670
A00002196,Product 2196,Books,5,0.292175,0.181926
A00004941,Product 4941,Electronics,5,0.348973,0.183954
A00006701,Product 6701,Movies & TV,5,0.844028,0.183900
A00007037,Product 7037,Books,5,0.382887,0.181233
A00000724,Product 724,Music,5,0.578087,0.183390
A00006313,Product 6313,Music,5,0.306584,0.175569
A00006987,Product 6987,Clothing,5,0.509340,0.181539
A00009780,Product 9780,Movies & TV,5,0.015887,0.183058
A00008416,Product 8416,Clothing,5,0.436251,0.180879
A00004482,Product 4482,Electronics,5,0.279000,0.182414
A00003263,Product 3263,Clothing,5,0.318239,0.187831
A00007021,Product 7021,Music,5,0.602760,0.184072
A00008155,Product 8155,Music,5,0.193702,0.190091
A00006726,Product 6726,Movies & TV,5,0.737887,0.175958
A00005646,Product 5646,Books,5,0.396853,0.182623
A00000224,Product 224,Electronics,5,0.936660,0.174560
A00007509,Product 7509,Books,5,0.437059,0.181023
A00005132,Product 5132,Music,5,0.750898,0.184855
A00006526,Product 6526,Books,5,0.462450,0.184736
A00009002,Product 9002,Books,5,0.698575,0.181309
A00000579,Product 579,Clothing,5,0.189151,0.185500
A00009522,Product 9522,Electronics,5,0.225035,0.185931
A00006271,Product 6271,Electronics,5,0.353642,0.185569
A00004959,Product 4959,Electronics,5,0.752921,0.184062
A00009753,Product 9753,Music,5,0.837920,0.181529
A00004512,Product 4512,Books,5,0.038906,0.186166
A00009836,Product 9836,Clothing,5,0.015232,0.180279
A00004553,Product 4553,Movies & TV,5,0.642128,0.181332
A00008743,Product 8743,Movies & TV,5,0.385546,0.182128
A00005757,Product 5757,Clothing,5,0.944805,0.171937
A00001317,Product 1317,Books,5,0.035646,0.188967
A00001642,Product 1642,Movies & TV,5,0.203204,0.187170
A00002311,Product 2311,Music,5,0.411985,0.178589
A00000506,Product 506,Electronics,5,0.427462,0.180775
A00006623,Product 6623,Books,5,0.042762,0.179670
A00008040,Product 8040,Clothing,5,0.605583,0.186045
A00009988,Product 9988,Music,5,0.820982,0.179819
A00004515,Product 4515,Clothing,5,0.611608,0.181099
A00009562,Product 9562,Movies & TV,5,0.370050,0.179647
A00000705,Product 705,Books,5,0.641392,0.180312
A00003250,Product 3250,Movies & TV,5,0.346239,0.180432
A00004737,Product 4737,Books,5,0.137535,0.183657
A00000593,Product 593,Books,5,0.734497,0.182005
A00003403,Product 3403,Electronics,5,0.253644,0.186643
A00008169,Product 8169,Movies & TV,5,0.321501,0.183001
A00000381,Product 381,Clothing,5,0.790570,0.179457
A00006029,Product 6029,Books,5,0.069794,0.187296
A00002595,Product 2595,Clothing,5,0.690134,0.178118
A00005401,Product 5401,Electronics,5,0.830806,0.182847
A00007351,Product 7351,Movies & TV,5,0.044494,0.184443
A00005893,Product 5893,Electronics,5,0.107232,0.179467
A00009343,Product 9343,Music,5,0.021438,0.181539
A00002522,Product 2522,Movies & TV,5,0.740743,0.182991
A00007994,Product 7994,Music,5,0.084112,0.183660
A00004472,Product 4472,Electronics,5,0.936795,0.189821
A00006503,Product 6503,Movies & TV,5,0.533224,0.184239
A00000726,Product 726,Music,5,0.715751,0.181174
A00001565,Product 1565,Electronics,5,0.870482,0.184924
A00009384,Product 9384,Music,5,0.702153,0.183125
A00008380,Product 8380,Music,5,0.492873,0.182503
A00007102,Product 7102,Music,5,0.826884,0.181184
A00008674,Product 8674,Clothing,5,0.718383,0.182427
A00004506,Product 4506,Electronics,5,0.994166,0.180019
A00008372,Product 8372,Movies & TV,5,0.366120,0.173968
A00003714,Product 3714,Music,5,0.046185,0.178051
A00000902,Product 902,Books,5,0.091954,0.184164
A00000097,Product 97,Books,5,0.717001,0.181049
A00003743,Product 3743,Movies & TV,5,0.426311,0.181992
A00002303,Product 2303,Movies & TV,5,0.375220,0.182012
A00008013,Product 8013,Clothing,5,0.395635,0.185263
A00003451,Product 3451,Music,5,0.849130,0.184947
A00001963,Product 1963,Movies & TV,5,0.784681,0.176474
A00005480,Product 5480,Books,5,0.021496,0.186615
A00001049,Product 1049,Clothing,5,0.431106,0.181388
A00003898,Product 3898,Electronics,5,0.706614,0.180110
A00005578,Product 5578,Electronics,5,0.437414,0.187630
A00008486,Product 8486,Electronics,5,0.394938,0.181325
A00000973,Product 973,Electronics,5,0.794881,0.181972
A00002374,Product 2374,Clothing,5,0.652432,0.182563
A00004932,Product 4932,Clothing,5,0.936184,0.181770
A00002403,Product 2403,Books,5,0.488798,0.184279
A00006911,Product 6911,Music,5,0.717002,0.178806
A00001252,Product 1252,Clothing,5,0.292533,0.181338
A00001763,Product 1763,Music,5,0.594136,0.174375
A00009119,Product 9119,Clothing,5,0.487603,0.182247
A00004295,Product 4295,Music,5,0.117173,0.182035
A00008913,Product 8913,Electronics,5,0.564431,0.177536
A00003164,Product 3164,Clothing,5,0.016564,0.181717
A00004251,Product 4251,Electronics,5,0.847048,0.184924
A00002991,Product 2991,Music,5,0.363760,0.179477
A00004785,Product 4785,Music,5,0.188887,0.180699
A00001334,Product 1334,Music,5,0.988484,0.180120
A00001917,Product 1917,Movies & TV,5,0.494687,0.180390
A00008557,Product 8557,Music,5,0.467823,0.184405
A00002622,Product 2622,Clothing,5,0.395560,0.187279
A00004889,Product 4889,Music,5,0.404227,0.179990
A00002347,Product 2347,Clothing,5,0.715315,0.175838
A00001689,Product 1689,Music,5,0.555530,0.177558
A00008537,Product 8537,Books,5,0.774821,0.180279
A00007282,Product 7282,Books,5,0.658693,0.184045
A00003527,Product 3527,Electronics,5,0.208064,0.183822
A00006487,Product 6487,Movies & TV,5,0.865402,0.184514
A00006676,Product 6676,Movies & TV,5,0.799004,0.185067
A00003516,Product 3516,Clothing,5,0.840856,0.182354
A00001774,Product 1774,Movies & TV,5,0.763372,0.184879
A00002726,Product 2726,Clothing,5,0.251881,0.183974
A00005671,Product 5671,Movies & TV,5,0.845154,0.179251
A00000994,Product 994,Books,5,0.728507,0.182841
A00009484,Product 9484,Books,5,0.462488,0.180601
A00003401,Product 3401,Clothing,5,0.072327,0.173119
A00004441,Product 4441,Movies & TV,5,0.171719,0.181546
A00007177,Product 7177,Movies & TV,5,0.704368,0.180266
A00003671,Product 3671,Music,5,0.276639,0.178375
A00004570,Product 4570,Clothing,5,0.719876,0.182065
A00008526,Product 8526,Movies & TV,5,0.430536,0.181338
A00007625,Product 7625,Music,5,0.336096,0.183491
A00007566,Product 7566,Movies & TV,5,0.324328,0.183954
A00001631,Product 1631,Music,5,0.187835,0.179370
A00008741,Product 8741,Music,5,0.950870,0.182012
A00003247,Product 3247,Clothing,5,0.258884,0.179803
A00003382,Product 3382,Books,5,0.538864,0.181368
A00000326,Product 326,Clothing,5,0.063298,0.179628
A00003311,Product 3311,Clothing,5,0.882464,0.183984
A00000882,Product 882,Electronics,5,0.737461,0.177874
A00004090,Product 4090,Music,5,0.421478,0.185091
A00007884,Product 7884,Movies & TV,5,0.285369,0.180487
A00009475,Product 9475,Electronics,5,0.742699,0.180478
A00000483,Product 483,Movies & TV,5,0.457113,0.185112
A00000594,Product 594,Electronics,5,0.882926,0.182450
A00003812,Product 3812,Music,5,0.559261,0.181724
A00009664,Product 9664,Electronics,5,0.490550,0.180003
A00000306,Product 306,Electronics,5,0.779509,0.187888
A00002304,Product 2304,Electronics,5,0.297258,0.179374
A00003200,Product 3200,Music,5,0.907899,0.180892
A00008191,Product 8191,Electronics,5,0.423594,0.184113
A00001355,Product 1355,Music,5,0.625367,0.179738
A00007104,Product 7104,Music,5,0.700027,0.185036
A00001904,Product 1904,Books,5,0.343878,0.181240
A00004583,Product 4583,Music,5,0.408865,0.183276
A00002723,Product 2723,Clothing,5,0.272122,0.186180
A00007819,Product 7819,Movies & TV,5,0.288824,0.182951
A00001327,Product 1327,Electronics,5,0.179229,0.185903
A00002534,Product 2534,Music,5,0.024283,0.180130
A00007056,Product 7056,Electronics,5,0.656647,0.181260
A00006452,Product 6452,Books,5,0.834281,0.185638
A00005403,Product 5403,Books,5,0.385565,0.181115
A00000536,Product 536,Books,5,0.842325,0.182991
A00001942,Product 1942,Clothing,5,0.127646,0.182012
A00009216,Product 9216,Books,5,0.778458,0.184276
A00005378,Product 5378,Clothing,5,0.938116,0.182911
A00006216,Product 6216,Electronics,5,0.330991,0.179942
A00007049,Product 7049,Movies & TV,5,0.525061,0.183357
A00000080,Product 80,Clothing,5,0.041303,0.185071
A00008770,Product 8770,Music,5,0.263879,0.186723
A00009938,Product 9938,Clothing,5,0.881755,0.183680
A00005792,Product 5792,Clothing,5,0.719509,0.180722
A00009582,Product 9582,Music,5,0.382705,0.177681
A00006948,Product 6948,Movies & TV,5,0.690742,0.181975
A00004686,Product 4686,Music,5,0.764833,0.184018
A00001649,Product 1649,Electronics,5,0.151289,0.185827
A00003445,Product 3445,Electronics,5,0.065004,0.180162
A00001914,Product 1914,Music,5,0.719427,0.177121
A00008881,Product 8881,Movies & TV,5,0.919588,0.179686
A00001052,Product 1052,Books,5,0.094955,0.181886
A00000838,Product 838,Books,5,0.387807,0.189092
A00004076,Product 4076,Music,5,0.598770,0.176779
A00009064,Product 9064,Books,5,0.000575,0.184947
A00000166,Product 166,Books,5,0.885280,0.182653
A00002201,Product 2201,Books,5,0.155560,0.180442
A00007370,Product 7370,Electronics,5,0.840015,0.184320
A00000022,Product 22,Movies & TV,5,0.460944,0.183690
A00004191,Product 4191,Movies & TV,5,0.631613,0.176359
A00003942,Product 3942,Books,5,0.336538,0.184354
A00008357,Product 8357,Books,5,0.901597,0.180360
A00009091,Product 9091,Movies & TV,5,0.392223,0.179845
A00005526,Product 5526,Books,5,0.397212,0.180487
A00002102,Product 2102,Clothing,5,0.019713,0.181787
A00003985,Product 3985,Electronics,5,0.414755,0.178550
A00006556,Product 6556,Movies & TV,5,0.573147,0.187423
A00000182,Product 182,Music,5,0.500998,0.181876
A00002802,Product 2802,Movies & TV,5,0.602759,0.183108
A00003603,Product 3603,Books,5,0.541469,0.180575
A00000680,Product 680,Movies & TV,5,0.839135,0.185239
A00003938,Product 3938,Clothing,5,0.563598,0.183165
A00004693,Product 4693,Music,5,0.137852,0.188188
A00004169,Product 4169,Movies & TV,5,0.095326,0.182327
A00008095,Product 8095,Electronics,5,0.250181,0.178347
A00008546,Product 8546,Movies & TV,5,0.873125,0.177309
A00008634,Product 8634,Music,5,0.691550,0.180775
A00006083,Product 6083,Music,5,0.257799,0.186751
A00000672,Product 672,Music,5,0.015144,0.177634
A00000466,Product 466,Clothing,5,0.938539,0.185682
A00002088,Product 2088,Electronics,5,0.879189,0.185845
A00007918,Product 7918,Books,5,0.468794,0.182764
A00008644,Product 8644,Clothing,5,0.019846,0.179155
A00006032,Product 6032,Books,5,0.609346,0.181427
A00009081,Product 9081,Books,5,0.214044,0.183417
A00006988,Product 6988,Music,5,0.564604,0.179107
A00007409,Product 7409,Books,5,0.495410,0.178841
A00004176,Product 4176,Clothing,5,0.848030,0.178506
A00007751,Product 7751,Books,5,0.977492,0.182444
A00002624,Product 2624,Books,5,0.256203,0.182042
A00001637,Product 1637,Music,5,0.926594,0.185572
A00004370,Product 4370,Music,5,0.618909,0.186316
A00004859,Product 4859,Music,5,0.659809,0.180396
A00000477,Product 477,Electronics,5,0.460005,0.180058
A00005427,Product 5427,Books,5,0.261594,0.180276
A00004217,Product 4217,Clothing,5,0.928055,0.176312
A00004539,Product 4539,Music,5,0.898976,0.190522
A00009462,Product 9462,Music,5,0.739177,0.181138
A00001617,Product 1617,Books,5,0.916160,0.181191
A00001143,Product 1143,Books,5,0.108674,0.181470
A00001641,Product 1641,Music,5,0.008638,0.181315
A00007233,Product 7233,Books,5,0.353690,0.184259
A00007612,Product 7612,Movies & TV,5,0.962799,0.182887
A00000867,Product 867,Movies & TV,5,0.289836,0.180752
A00008824,Product 8824,Electronics,5,0.549340,0.182467
A00009825,Product 9825,Clothing,5,0.088518,0.182620
A00005418,Product 5418,Electronics,5,0.414532,0.186229
A00005866,Product 5866,Clothing,5,0.469411,0.181879
A00008215,Product 8215,Books,5,0.825257,0.182414
A00008123,Product 8123,Electronics,5,0.204774,0.184446
A00004930,Product 4930,Music,5,0.523115,0.179557
A00007317,Product 7317,Music,5,0.760335,0.185074
A00005659,Product 5659,Music,5,0.568451,0.181164
A00003385,Product 3385,Books,5,0.546106,0.181056
A00000200,Product 200,Movies & TV,5,0.430256,0.186094
A00002517,Product 2517,Clothing,5,0.996311,0.181552
A00009822,Product 9822,Electronics,5,0.947550,0.180843
A00006142,Product 6142,Books,5,0.881612,0.178911
A00008635,Product 8635,Music,5,0.652727,0.180143
A00005066,Product 5066,Movies & TV,5,0.590791,0.184633
A00009027,Product 9027,Electronics,5,0.617336,0.185225
A00000237,Product 237,Books,5,0.810126,0.180386
A00001830,Product 1830,Movies & TV,5,0.769888,0.183809
A00002170,Product 2170,Music,5,0.403786,0.183310
A00004952,Product 4952,Electronics,5,0.015949,0.180575
A00004837,Product 4837,Books,5,0.899465,0.176811
A00009759,Product 9759,Electronics,5,0.548427,0.177049
A00008612,Product 8612,Movies & TV,5,0.469448,0.182075
A00003153,Product 3153,Movies & TV,5,0.072754,0.182794
A00007594,Product 7594,Books,5,0.106166,0.186451
A00002788,Product 2788,Books,5,0.076754,0.176163
A00001381,Product 1381,Books,5,0.392016,0.182257
A00007968,Product 7968,Music,5,0.376289,0.181086
A00002573,Product 2573,Clothing,5,0.168459,0.187153
A00005059,Product 5059,Electronics,5,0.992448,0.186911
A00003825,Product 3825,Movies & TV,5,0.442478,0.185959
A00007614,Product 7614,Clothing,5,0.829279,0.186014
A00009337,Product 9337,Books,5,0.432292,0.184133
A00004135,Product 4135,Books,5,0.469283,0.181853
A00001280,Product 1280,Books,5,0.595166,0.184039
A00001615,Product 1615,Movies & TV,5,0.553605,0.170405
A00001666,Product 1666,Music,5,0.529296,0.181207
A00007988,Product 7988,Movies & TV,5,0.490829,0.184412
A00009421,Product 9421,Movies & TV,5,0.192986,0.187806
A00009594,Product 9594,Clothing,5,0.165956,0.187563
A00004555,Product 4555,Clothing,5,0.818274,0.187149
A00003437,Product 3437,Electronics,5,0.398997,0.187475
A00009604,Product 9604,Music,5,0.322076,0.181731
A00001140,Product 1140,Movies & TV,5,0.724867,0.187634
A00002070,Product 2070,Books,5,0.999118,0.184664
A00008500,Product 8500,Music,5,0.392092,0.182095
A00000844,Product 844,Music,5,0.674948,0.180201
A00007557,Product 7557,Movies & TV,5,0.997155,0.186866
A00001392,Product 1392,Music,5,0.916957,0.184337
A00002634,Product 2634,Music,5,0.048013,0.180572
A00009229,Product 9229,Books,5,0.414260,0.179825
A00009629,Product 9629,Electronics,5,0.519332,0.183283
A00003962,Product 3962,Electronics,5,0.123256,0.178950
A00005981,Product 5981,Clothing,5,0.857796,0.185886
A00003514,Product 3514,Clothing,5,0.318754,0.180107
A00000252,Product 252,Electronics,5,0.182100,0.187683
A00001733,Product 1733,Music,5,0.624502,0.183051
A00006429,Product 6429,Clothing,5,0.425793,0.184208
A00007329,Product 7329,Books,5,0.714943,0.179647
A00006569,Product 6569,Electronics,5,0.676805,0.180214
A00001554,Product 1554,Electronics,5,0.914401,0.185769
A00007661,Product 7661,Music,5,0.090897,0.183991
A00002289,Product 2289,Movies & TV,5,0.968956,0.179435
A00000984,Product 984,Movies & TV,5,0.636487,0.181023
A00007649,Product 7649,Movies & TV,5,0.848176,0.179403
A00000013,Product 13,Books,5,0.839604,0.181135
A00004673,Product 4673,Music,5,0.613151,0.187402
A00000552,Product 552,Clothing,5,0.898914,0.182800
A00000203,Product 203,Movies & TV,5,0.715014,0.178382
A00009575,Product 9575,Movies & TV,5,0.784962,0.184746
A00001530,Product 1530,Movies & TV,5,0.135262,0.184453
A00009303,Product 9303,Books,5,0.006645,0.174951
A00004918,Product 4918,Electronics,5,0.957286,0.181797
A00003256,Product 3256,Electronics,5,0.721625,0.182533
A00007986,Product 7986,Electronics,5,0.958401,0.184889
A00001635,Product 1635,Music,5,0.459430,0.180712
A00006555,Product 6555,Music,5,0.732140,0.183903
A00002003,Product 2003,Electronics,5,0.533570,0.182444
A00008300,Product 8300,Music,5,0.879985,0.188999
A00001082,Product 1082,Books,5,0.744032,0.184096
A00007982,Product 7982,Books,5,0.869541,0.179489
A00006852,Product 6852,Clothing,5,0.917929,0.184531
A00007269,Product 7269,Music,5,0.841303,0.176225
A00005448,Product 5448,Electronics,5,0.313460,0.180951
A00004920,Product 4920,Movies & TV,5,0.188094,0.184266
A00005677,Product 5677,Music,5,0.998845,0.176745
A00004026,Product 4026,Books,5,0.505392,0.180735
A00006424,Product 6424,Clothing,5,0.632302,0.183832
A00009434,Product 9434,Electronics,5,0.696822,0.183236
A00006500,Product 6500,Electronics,5,0.286509,0.180935
A00004994,Product 4994,Books,5,0.297333,0.181572
A00006575,Product 6575,Clothing,5,0.591218,0.184178
A00000917,Product 917,Books,5,0.632308,0.178242
A00008295,Product 8295,Electronics,5,0.011958,0.179451
A00005251,Product 5251,Movies & TV,5,0.398743,0.182304
A00000134,Product 134,Clothing,5,0.705361,0.178327
A00004264,Product 4264,Books,5,0.205327,0.185222
A00000704,Product 704,Books,5,0.301535,0.181569
A00008225,Product 8225,Movies & TV,5,0.375972,0.179770
A00009507,Product 9507,Books,5,0.737983,0.181378
A00006008,Product 6008,Movies & TV,5,0.150922,0.183890
A00009420,Product 9420,Books,5,0.769540,0.182367
A00001644,Product 1644,Electronics,5,0.159884,0.184178
A00003276,Product 3276,Music,5,0.682371,0.179011
A00000335,Product 335,Clothing,5,0.172691,0.182168
A00001449,Product 1449,Books,5,0.190513,0.182211
A00009566,Product 9566,Movies & TV,5,0.636401,0.180670
A00008296,Product 8296,Electronics,5,0.938984,0.182181
A00002026,Product 2026,Music,5,0.983826,0.178886
A00000225,Product 225,Electronics,5,0.250968,0.182171
A00003933,Product 3933,Clothing,5,0.538446,0.185634
A00007030,Product 7030,Movies & TV,5,0.325272,0.187027
A00008401,Product 8401,Clothing,5,0.262543,0.182002
A00006492,Product 6492,Music,5,0.323110,0.182291
A00001551,Product 1551,Music,5,0.741223,0.183451
A00003808,Product 3808,Music,5,0.031644,0.178331
A00001476,Product 1476,Books,5,0.119745,0.183125
A00006989,Product 6989,Electronics,5,0.087649,0.182837
A00006607,Product 6607,Movies & TV,5,0.628555,0.173808
A00007792,Product 7792,Movies & TV,5,0.492603,0.178353
A00008131,Product 8131,Music,5,0.168093,0.185167
A00009607,Product 9607,Electronics,5,0.352635,0.184039
A00005501,Product 5501,Movies & TV,5,0.990369,0.186448
A00008250,Product 8250,Music,5,0.484545,0.185824
A00005207,Product 5207,Clothing,5,0.388091,0.181010
A00009454,Product 9454,Music,5,0.719814,0.178924
A00005596,Product 5596,Electronics,5,0.199986,0.180247
A00001683,Product 1683,Electronics,5,0.454491,0.178822
A00000458,Product 458,Clothing,5,0.544722,0.185858
A00002642,Product 2642,Clothing,5,0.718683,0.182944
A00007070,Product 7070,Electronics,5,0.359224,0.180442
A00007641,Product 7641,Books,5,0.981677,0.183246
A00002013,Product 2013,Books,5,0.319697,0.181615
A00006882,Product 6882,Electronics,5,0.003894,0.185321
A00006196,Product 6196,Books,5,0.342897,0.178159
A00002888,Product 2888,Music,5,0.895067,0.184432
A00008957,Product 8957,Movies & TV,5,0.167550,0.179796
A00009854,Product 9854,Electronics,5,0.789963,0.182837
A00009910,Product 9910,Books,5,0.859656,0.182012
A00007114,Product 7114,Music,5,0.828258,0.181635
A00000616,Product 616,Movies & TV,5,0.252948,0.181691
A00005274,Product 5274,Movies & TV,5,0.278302,0.179538
A00006145,Product 6145,Clothing,5,0.679617,0.181569
A00006440,Product 6440,Electronics,5,0.159460,0.179364
A00008318,Product 8318,Clothing,5,0.697385,0.179117
A00001891,Product 1891,Books,5,0.734468,0.180588
A00005213,Product 5213,Electronics,5,0.339063,0.183290
A00005414,Product 5414,Music,5,0.224488,0.187013
A00003121,Product 3121,Clothing,5,0.283116,0.177943
A00003404,Product 3404,Music,5,0.084129,0.179251
A00008207,Product 8207,Books,5,0.318425,0.179155
A00004740,Product 4740,Books,5,0.818654,0.183822
A00004238,Product 4238,Music,5,0.274127,0.177077
A00007385,Product 7385,Books,5,0.947887,0.184100
A00001020,Product 1020,Movies & TV,5,0.256364,0.182217
A00008472,Product 8472,Electronics,5,0.251598,0.185720
A00004038,Product 4038,Clothing,5,0.438298,0.182887
A00000715,Product 715,Clothing,5,0.245767,0.182098
A00008922,Product 8922,Clothing,5,0.807649,0.180654
A00009549,Product 9549,Music,5,0.269380,0.182324
A00004698,Product 4698,Movies & TV,5,0.658232,0.185855
A00001920,Product 1920,Electronics,5,0.473175,0.184426
A00006471,Product 6471,Electronics,5,0.637233,0.176542
A00000208,Product 208,Books,5,0.199541,0.179673
A00004781,Product 4781,Clothing,5,0.148186,0.180726
A00001851,Product 1851,Music,5,0.784991,0.182881
A00008938,Product 8938,Books,5,0.555952,0.184497
A00003819,Product 3819,Movies & TV,5,0.371524,0.183444
A00002567,Product 2567,Movies & TV,5,0.276251,0.184565
A00003782,Product 3782,Clothing,5,0.127231,0.181969
A00001916,Product 1916,Music,5,0.648778,0.182493
A00006329,Product 6329,Electronics,5,0.476179,0.188302
A00003242,Product 3242,Clothing,5,0.011827,0.184729
A00009887,Product 9887,Clothing,5,0.851125,0.184841
A00000809,Product 809,Music,5,0.620876,0.187761
A00006106,Product 6106,Electronics,5,0.792210,0.179435
A00005008,Product 5008,Clothing,5,0.900973,0.184429
A00003253,Product 3253,Books,5,0.258418,0.182660
A00003321,Product 3321,Music,5,0.341353,0.190106
A00000476,Product 476,Books,5,0.706491,0.178982
A00004897,Product 4897,Clothing,5,0.396608,0.185393
A00004685,Product 4685,Music,5,0.477897,0.181266
A00004536,Product 4536,Music,5,0.721088,0.185459
A00009344,Product 9344,Electronics,5,0.196670,0.190319
A00000161,Product 161,Electronics,5,0.536118,0.178289
A00003644,Product 3644,Movies & TV,5,0.063892,0.179531
A00009169,Product 9169,Clothing,5,0.796409,0.186208
A00000530,Product 530,Music,5,0.966117,0.181850
A00000094,Product 94,Electronics,5,0.272286,0.180260
A00005806,Product 5806,Clothing,5,0.437423,0.175347
A00006154,Product 6154,Music,5,0.048936,0.182917
A00006296,Product 6296,Electronics,5,0.117608,0.183259
A00003540,Product 3540,Books,5,0.817251,0.180647
A00007656,Product 7656,Electronics,5,0.882123,0.183320
A00002509,Product 2509,Movies & TV,5,0.828341,0.183212
A00009807,Product 9807,Electronics,5,0.627608,0.179719
A00007366,Product 7366,Clothing,5,0.024319,0.181764
A00005967,Product 5967,Electronics,5,0.378410,0.182597
A00001577,Product 1577,Music,5,0.330497,0.180703
A00008528,Product 8528,Electronics,5,0.074052,0.178982
A00002816,Product 2816,Books,5,0.311688,0.184804
A00005668,Product 5668,Clothing,5,0.929931,0.180273
A00005980,Product 5980,Movies & TV,5,0.972781,0.180987
A00008675,Product 8675,Electronics,5,0.681466,0.181770
A00003310,Product 3310,Books,5,0.573129,0.186479
A00000433,Product 433,Books,5,0.768562,0.184835
A00008768,Product 8768,Music,5,0.635795,0.183673
A00004992,Product 4992,Movies & TV,5,0.729809,0.186622
A00000204,Product 204,Music,5,0.276714,0.182287
A00001343,Product 1343,Clothing,5,0.594777,0.178838
A00002365,Product 2365,Music,5,0.501287,0.183246
A00008533,Product 8533,Books,5,0.082659,0.181721
A00004560,Product 4560,Music,5,0.566004,0.174363
A00002468,Product 2468,Books,5,0.900615,0.185249
A00002746,Product 2746,Electronics,5,0.741105,0.180775
A00004132,Product 4132,Music,5,0.928018,0.181286
A00003594,Product 3594,Electronics,5,0.718822,0.181982
A00008587,Product 8587,Books,5,0.036222,0.179929
A00000903,Product 903,Movies & TV,5,0.347752,0.179825
A00006232,Product 6232,Clothing,5,0.964444,0.183562
A00003731,Product 3731,Clothing,5,0.127710,0.185431
A00001030,Product 1030,Movies & TV,5,0.817800,0.180295
A00002993,Product 2993,Electronics,5,0.281196,0.176961
A00007369,Product 7369,Movies & TV,5,0.868687,0.181365
A00006652,Product 6652,Books,5,0.662400,0.181830
A00007006,Product 7006,Music,5,0.314117,0.192259
A00008570,Product 8570,Electronics,5,0.248935,0.183135
A00005003,Product 5003,Electronics,5,0.315482,0.181893
A00000286,Product 286,Music,5,0.685270,0.183266
A00007739,Product 7739,Movies & TV,5,0.136700,0.178815
A00008947,Product 8947,Electronics,5,0.667183,0.185119
A00005157,Product 5157,Music,5,0.699547,0.180677
A00006864,Product 6864,Electronics,5,0.591824,0.183226
A00005138,Product 5138,Clothing,5,0.879742,0.182517
A00003566,Product 3566,Music,5,0.072635,0.180403
A00008359,Product 8359,Clothing,5,0.812031,0.182844
A00002059,Product 2059,Clothing,5,0.082014,0.182560
A00002122,Product 2122,Music,5,0.112361,0.184364
A00002666,Product 2666,Electronics,5,0.154757,0.178873
A00005539,Product 5539,Books,5,0.135793,0.182287
A00004474,Product 4474,Books,5,0.237657,0.184777
A00005292,Product 5292,Clothing,5,0.521833,0.180624
A00000404,Product 404,Movies & TV,5,0.519418,0.179877
A00005024,Product 5024,Music,5,0.622751,0.177814
A00002946,Product 2946,Books,5,0.766658,0.185893
A00005417,Product 5417,Music,5,0.791286,0.178777
A00007896,Product 7896,Music,5,0.345962,0.179693
A00009170,Product 9170,Movies & TV,5,0.688637,0.186031
A00002072,Product 2072,Movies & TV,5,0.345052,0.173260
A00006924,Product 6924,Clothing,5,0.737614,0.180178
A00006941,Product 6941,Music,5,0.008240,0.181665
A00008110,Product 8110,Books,5,0.615742,0.180922
A00001356,Product 1356,Clothing,5,0.842797,0.180699
A00000095,Product 95,Clothing,5,0.456164,0.181049
A00001610,Product 1610,Electronics,5,0.738238,0.181959
A00005524,Product 5524,Books,5,0.400258,0.181807
A00000981,Product 981,Clothing,5,0.900175,0.177105
A00006445,Product 6445,Movies & TV,5,0.836907,0.180696
A00002433,Product 2433,Clothing,5,0.553329,0.179725
A00003524,Product 3524,Books,5,0.285594,0.179139
A00004241,Product 4241,Music,5,0.953514,0.182760
A00001506,Product 1506,Music,5,0.244811,0.182404
A00005446,Product 5446,Clothing,5,0.644909,0.177751
A00006179,Product 6179,Electronics,5,0.052721,0.186395
A00005259,Product 5259,Movies & TV,5,0.316890,0.179803
A00007653,Product 7653,Music,5,0.864287,0.182404
A00004145,Product 4145,Clothing,5,0.169310,0.183599
A00006197,Product 6197,Clothing,5,0.485883,0.181999
A00005099,Product 5099,Music,5,0.426090,0.180409
A00006344,Product 6344,Books,5,0.297088,0.182201
A00005469,Product 5469,Books,5,0.779254,0.182158
A00003865,Product 3865,Electronics,5,0.349091,0.175881
A00009738,Product 9738,Clothing,5,0.439530,0.181856
A00005134,Product 5134,Books,5,0.115726,0.177360
A00009341,Product 9341,Music,5,0.183251,0.182108
A00009313,Product 9313,Books,5,0.811064,0.181929
A00002632,Product 2632,Clothing,5,0.754401,0.178771
A00000207,Product 207,Music,5,0.637763,0.184958
A00007753,Product 7753,Books,5,0.619144,0.180912
A00000156,Product 156,Books,5,0.606682,0.182814
A00005925,Product 5925,Music,5,0.523163,0.175698
A00008135,Product 8135,Books,5,0.961937,0.179557
A00002548,Product 2548,Movies & TV,5,0.440447,0.184419
A00001415,Product 1415,Clothing,5,0.593831,0.180377
A00006486,Product 6486,Movies & TV,5,0.617146,0.182684
A00006141,Product 6141,Movies & TV,5,0.152296,0.176773
A00009047,Product 9047,Books,5,0.901326,0.179803
A00007244,Product 7244,Clothing,5,0.189599,0.178707
A00001493,Product 1493,Electronics,5,0.463858,0.183320
A00005824,Product 5824,Books,5,0.414583,0.180198
A00004910,Product 4910,Books,5,0.696507,0.187317
A00003037,Product 3037,Clothing,5,0.835657,0.182984
A00007050,Product 7050,Electronics,5,0.050803,0.183646
A00005598,Product 5598,Movies & TV,5,0.439750,0.177375
A00001035,Product 1035,Electronics,5,0.350317,0.183266
A00004071,Product 4071,Movies & TV,5,0.095904,0.184412
A00009301,Product 9301,Music,5,0.108457,0.182198
A00008818,Product 8818,Books,5,0.871512,0.180315
A00002287,Product 2287,Music,5,0.993641,0.175206
A00007648,Product 7648,Movies & TV,5,0.610885,0.180152
A00001978,Product 1978,Books,5,0.608338,0.180500
A00004798,Product 4798,Music,5,0.039051,0.179867
A00009835,Product 9835,Music,5,0.828654,0.185948
A00000760,Product 760,Clothing,5,0.619893,0.182477
A00007954,Product 7954,Books,5,0.513206,0.179483
A00007977,Product 7977,Music,5,0.882749,0.185824
A00005826,Product 5826,Books,5,0.682011,0.186104
A00001025,Product 1025,Electronics,5,0.409277,0.183377
A00000565,Product 565,Books,5,0.318509,0.183189
A00008288,Product 8288,Movies & TV,5,0.329916,0.187461
A00009004,Product 9004,Music,5,0.190185,0.181490
A00003994,Product 3994,Electronics,5,0.049851,0.186257
A00003546,Product 3546,Movies & TV,5,0.142083,0.181939
A00006976,Product 6976,Electronics,5,0.828542,0.184924
A00009811,Product 9811,Music,5,0.054802,0.176555
A00007505,Product 7505,Books,5,0.332291,0.186361
A00005606,Product 5606,Electronics,5,0.370598,0.181744
A00000849,Product 849,Music,5,0.599293,0.182961
A00003009,Product 3009,Clothing,5,0.900793,0.180286
A00008130,Product 8130,Books,5,0.996754,0.183913
A00009960,Product 9960,Music,5,0.162914,0.188220
A00004982,Product 4982,Electronics,5,0.893119,0.180696
A00008642,Product 8642,Books,5,0.390982,0.184347
A00007634,Product 7634,Electronics,5,0.021784,0.181027
A00003304,Product 3304,Clothing,5,0.282458,0.180641
A00008576,Product 8576,Clothing,5,0.062734,0.178347
A00008667,Product 8667,Books,5,0.585077,0.184249
A00004023,Product 4023,Books,5,0.576333,0.175261
A00006519,Product 6519,Books,5,0.117024,0.184089
A00006630,Product 6630,Books,5,0.406206,0.181056
A00008965,Product 8965,Music,5,0.732594,0.179480
A00009760,Product 9760,Electronics,5,0.944859,0.185758
A00001880,Product 1880,Music,5,0.300982,0.184965
A00007463,Product 7463,Books,5,0.223731,0.190781
A00009194,Product 9194,Electronics,5,0.480109,0.180302
A00006790,Product 6790,Music,5,0.779999,0.187118
A00009501,Product 9501,Electronics,5,0.968546,0.182901
A00001432,Product 1432,Music,5,0.177324,0.182281
A00007073,Product 7073,Movies & TV,5,0.456005,0.180494
A00007062,Product 7062,Music,5,0.774922,0.181269
A00001552,Product 1552,Music,5,0.259864,0.182660
A00001502,Product 1502,Electronics,5,0.944365,0.183920
A00003297,Product 3297,Electronics,5,0.691630,0.183748
A00004972,Product 4972,Clothing,5,0.416093,0.182827
A00003488,Product 3488,Movies & TV,5,0.346005,0.181187
A00000484,Product 484,Clothing,5,0.812442,0.179239
A00005073,Product 5073,Movies & TV,5,0.262938,0.183186
A00001599,Product 1599,Clothing,5,0.365273,0.178748
A00004713,Product 4713,Music,5,0.872149,0.180709
A00002158,Product 2158,Music,5,0.852017,0.182954
A00008071,Product 8071,Electronics,5,0.744748,0.177432
A00009480,Product 9480,Movies & TV,5,0.107935,0.184218
A00008087,Product 8087,Music,5,0.798211,0.182307
A00001152,Product 1152,Books,5,0.949820,0.182917
A00009882,Product 9882,Electronics,5,0.022355,0.179361
A00004645,Product 4645,Electronics,5,0.461919,0.180094
A00008610,Product 8610,Music,5,0.606195,0.180071
A00001340,Product 1340,Electronics,5,0.566416,0.177643
A00007622,Product 7622,Electronics,5,0.866656,0.181523
A00000971,Product 971,Movies & TV,5,0.146708,0.181168
A00002737,Product 2737,Music,5,0.495194,0.179686
A00006033,Product 6033,Clothing,5,0.844634,0.182075
A00006384,Product 6384,Electronics,5,0.076852,0.180540
A00009173,Product 9173,Electronics,5,0.900401,0.180873
A00001825,Product 1825,Electronics,5,0.119118,0.183035
A00003848,Product 3848,Clothing,5,0.260074,0.183236
A00004783,Product 4783,Movies & TV,5,0.950712,0.182854
A00006895,Product 6895,Movies & TV,5,0.777347,0.186392
A00008356,Product 8356,Music,5,0.452399,0.180185
A00002203,Product 2203,Movies & TV,5,0.371444,0.178793
A00009765,Product 9765,Electronics,5,0.257474,0.180130
A00001625,Product 1625,Movies & TV,5,0.068056,0.186430
A00004707,Product 4707,Books,5,0.193640,0.181365
A00001768,Product 1768,Books,5,0.266853,0.180853
A00000539,Product 539,Clothing,5,0.332895,0.184944
A00008083,Product 8083,Books,5,0.117251,0.177694
A00004727,Product 4727,Electronics,5,0.045244,0.177820
A00000904,Product 904,Movies & TV,5,0.973090,0.176711
A00003885,Product 3885,Books,5,0.200829,0.184770
A00000805,Product 805,Movies & TV,5,0.235782,0.184405
A00002101,Product 2101,Movies & TV,5,0.214915,0.176318
A00006867,Product 6867,Music,5,0.735622,0.182784
A00006055,Product 6055,Clothing,5,0.603203,0.185858
A00008331,Product 8331,Music,5,0.456665,0.179773
A00003008,Product 3008,Electronics,5,0.377041,0.182214
A00002872,Product 2872,Movies & TV,5,0.964957,0.183978
A00003565,Product 3565,Clothing,5,0.269692,0.181655
A00008213,Product 8213,Books,5,0.895339,0.180797
A00002895,Product 2895,Books,5,0.217321,0.183192
A00007836,Product 7836,Books,5,0.675512,0.180556
A00005196,Product 5196,Books,5,0.770613,0.180075
A00002163,Product 2163,Movies & TV,5,0.096283,0.183209
A00002450,Product 2450,Books,5,0.990134,0.173014
A00006207,Product 6207,Books,5,0.787224,0.179419
A00003578,Product 3578,Books,5,0.107680,0.181266
A00005193,Product 5193,Music,5,0.038447,0.179046
A00000610,Product 610,Books,5,0.370337,0.182111
A00003203,Product 3203,Music,5,0.807112,0.178758
A00005507,Product 5507,Music,5,0.445541,0.180575
A00008037,Product 8037,Movies & TV,5,0.800757,0.188614
A00008863,Product 8863,Music,5,0.776214,0.181903
A00008577,Product 8577,Music,5,0.770682,0.170318
A00003380,Product 3380,Clothing,5,0.052819,0.181823
A00001743,Product 1743,Books,5,0.052173,0.181056
A00003842,Product 3842,Music,5,0.374770,0.179667
A00005841,Product 5841,Clothing,5,0.249317,0.180958
A00003788,Product 3788,Music,5,0.144789,0.183603
A00006200,Product 6200,Music,5,0.042476,0.184879
A00009038,Product 9038,Electronics,5,0.216305,0.181959
A00004537,Product 4537,Books,5,0.400045,0.185222
A00004420,Product 4420,Movies & TV,5,0.532366,0.185331
A00008257,Product 8257,Books,5,0.007708,0.181174
A00000113,Product 113,Music,5,0.938314,0.183768
A00004805,Product 4805,Music,5,0.381475,0.186208
A00008633,Product 8633,Music,5,0.374590,0.181622
A00006352,Product 6352,Movies & TV,5,0.763019,0.176502
A00005344,Product 5344,Electronics,5,0.679820,0.178382
A00004738,Product 4738,Clothing,5,0.721727,0.179409
A00000214,Product 214,Music,5,0.933534,0.179525
A00008656,Product 8656,Music,5,0.967407,0.183303
A00000298,Product 298,Clothing,5,0.124243,0.181434
A00001926,Product 1926,Music,5,0.106754,0.175350
A00001100,Product 1100,Books,5,0.480004,0.185126
A00000824,Product 824,Music,5,0.763044,0.185204
A00003750,Product 3750,Clothing,5,0.670846,0.184982
A00008760,Product 8760,Books,5,0.313064,0.176814
A00009050,Product 9050,Music,5,0.648190,0.184507
A00000270,Product 270,Movies & TV,5,0.221436,0.181612
A00000954,Product 954,Music,5,0.246366,0.179570
A00005039,Product 5039,Movies & TV,5,0.178459,0.185917
A00002219,Product 2219,Music,5,0.435036,0.176421
A00004299,Product 4299,Books,5,0.092338,0.183041
A00007338,Product 7338,Music,5,0.181280,0.177212
A00006457,Product 6457,Electronics,5,0.566550,0.179964
A00006588,Product 6588,Electronics,5,0.194194,0.184828
A00009292,Product 9292,Books,5,0.670100,0.183048
A00000804,Product 804,Movies & TV,5,0.626842,0.184490
A00000124,Product 124,Books,5,0.967819,0.180631
A00008575,Product 8575,Music,5,0.793803,0.178289
A00000185,Product 185,Electronics,5,0.179691,0.178975
A00002921,Product 2921,Movies & TV,5,0.967581,0.179470
A00007517,Product 7517,Music,5,0.415020,0.184773
A00008322,Product 8322,Clothing,5,0.314852,0.186448
A00001944,Product 1944,Electronics,5,0.756619,0.180455
A00007730,Product 7730,Movies & TV,5,0.842543,0.183149
A00001706,Product 1706,Clothing,5,0.446523,0.182490
A00006185,Product 6185,Electronics,5,0.790270,0.180892
A00009781,Product 9781,Movies & TV,5,0.751522,0.176905
A00005285,Product 5285,Clothing,5,0.433924,0.181036
A00008272,Product 8272,Music,5,0.828930,0.179547
A00008473,Product 8473,Music,5,0.355429,0.181059
A00002542,Product 2542,Electronics,5,0.644223,0.188429
A00000891,Product 891,Clothing,5,0.506286,0.180650
A00002786,Product 2786,Movies & TV,5,0.116110,0.178713
A00005565,Product 5565,Movies & TV,5,0.273648,0.184507
A00002397,Product 2397,Music,5,0.372655,0.182184
A00003264,Product 3264,Books,5,0.849259,0.181240
A00003690,Product 3690,Electronics,5,0.453099,0.185765
A00009757,Product 9757,Clothing,5,0.890510,0.177416
A00002143,Product 2143,Music,5,0.377364,0.180435
A00008666,Product 8666,Electronics,5,0.208422,0.177030
A00001890,Product 1890,Music,5,0.429974,0.181843
A00003949,Product 3949,Music,5,0.649202,0.180961
A00000670,Product 670,Electronics,5,0.867947,0.180126
A00002426,Product 2426,Books,5,0.473148,0.188846
A00006647,Product 6647,Clothing,5,0.390908,0.182623
A00006514,Product 6514,Music,5,0.419116,0.185328
A00006802,Product 6802,Clothing,5,0.302833,0.182414
A00002955,Product 2955,Clothing,5,0.085485,0.175983
A00001197,Product 1197,Music,5,0.163676,0.185307
A00008703,Product 8703,Electronics,5,0.618626,0.181049
A00007235,Product 7235,Movies & TV,5,0.052921,0.185410
A00004946,Product 4946,Music,5,0.163753,0.179673
A00008901,Product 8901,Clothing,5,0.557493,0.183704
A00001805,Product 1805,Movies & TV,5,0.354382,0.182025
A00008686,Product 8686,Clothing,5,0.781456,0.188326
A00002441,Product 2441,Electronics,5,0.675266,0.183273
A00007657,Product 7657,Movies & TV,5,0.918885,0.184018
A00008034,Product 8034,Movies & TV,5,0.541263,0.178086
A00005477,Product 5477,Books,5,0.577233,0.180559
A00005680,Product 5680,Books,5,0.588160,0.179133
A00000274,Product 274,Movies & TV,5,0.942620,0.185634
A00009131,Product 9131,Electronics,5,0.970663,0.182131
A00005914,Product 5914,Electronics,5,0.735267,0.183048
A00006410,Product 6410,Clothing,5,0.483782,0.178851
A00009829,Product 9829,Books,5,0.692414,0.184120
A00008640,Product 8640,Movies & TV,5,0.250756,0.185490
A00001463,Product 1463,Electronics,5,0.535561,0.181543
A00001229,Product 1229,Music,5,0.487635,0.178127
A00000469,Product 469,Clothing,5,0.479530,0.180318
A00006534,Product 6534,Clothing,5,0.626070,0.176608
A00000062,Product 62,Music,5,0.064708,0.184978
A00003103,Product 3103,Music,5,0.932339,0.182424
A00003302,Product 3302,Movies & TV,5,0.488556,0.183967
A00007840,Product 7840,Books,5,0.231793,0.181115
A00008688,Product 8688,Books,5,0.024443,0.184504
A00007603,Product 7603,Electronics,5,0.960782,0.175621
A00008045,Product 8045,Electronics,5,0.121870,0.182304
A00009652,Product 9652,Books,5,0.594062,0.179194
A00009425,Product 9425,Music,5,0.390182,0.182473
A00002792,Product 2792,Movies & TV,5,0.347042,0.182085
A00001710,Product 1710,Clothing,5,0.135001,0.182144
A00001531,Product 1531,Books,5,0.354028,0.184123
A00006508,Product 6508,Music,5,0.420528,0.180886
A00003371,Product 3371,Electronics,5,0.903006,0.181490
A00001155,Product 1155,Electronics,5,0.671746,0.183707
A00006222,Product 6222,Books,5,0.477255,0.183569
A00007671,Product 7671,Books,5,0.695697,0.181408
A00007838,Product 7838,Books,5,0.006083,0.187191
A00005437,Product 5437,Movies & TV,5,0.087242,0.181194
A00000198,Product 198,Music,5,0.539862,0.177653
A00007453,Product 7453,Music,5,0.473446,0.173850
A00002569,Product 2569,Books,5,0.158621,0.181450
A00008028,Product 8028,Books,5,0.753810,0.183809
A00009799,Product 9799,Music,5,0.858917,0.184480
A00004691,Product 4691,Music,5,0.417680,0.188107
A00000507,Product 507,Music,5,0.555262,0.177820
A00009950,Product 9950,Electronics,5,0.214027,0.178522
A00004453,Product 4453,Electronics,5,0.104892,0.184900
A00000916,Product 916,Movies & TV,5,0.996077,0.187504
A00003365,Product 3365,Movies & TV,5,0.070960,0.172969
A00003367,Product 3367,Books,5,0.487140,0.180951
A00004748,Product 4748,Books,5,0.702996,0.186880
A00008829,Product 8829,Music,5,0.611642,0.178496
A00007703,Product 7703,Books,5,0.272449,0.183222
A00007681,Product 7681,Electronics,5,0.326308,0.180540
A00001956,Product 1956,Clothing,5,0.215292,0.185820
A00003071,Product 3071,Music,5,0.703526,0.182062
A00001801,Product 1801,Books,5,0.592009,0.184456
A00005231,Product 5231,Clothing,5,0.240444,0.186187
A00000771,Product 771,Music,5,0.592568,0.181394
A00000836,Product 836,Movies & TV,5,0.347406,0.179916
A00005853,Product 5853,Electronics,5,0.798428,0.174912
A00007598,Product 7598,Movies & TV,5,0.542667,0.182404
A00004451,Product 4451,Electronics,5,0.815940,0.183495
A00000831,Product 831,Movies & TV,5,0.683553,0.181069
A00001190,Product 1190,Books,5,0.321151,0.182643
A00005137,Product 5137,Books,5,0.251026,0.181866
A00009561,Product 9561,Books,5,0.648397,0.179319
A00008679,Product 8679,Music,5,0.170075,0.182704
A00007652,Product 7652,Music,5,0.472762,0.178223
A00002117,Product 2117,Electronics,5,0.685633,0.176808
A00006604,Product 6604,Music,5,0.753668,0.178522
A00007712,Product 7712,Books,5,0.891661,0.180673
A00009579,Product 9579,Music,5,0.344036,0.184712
A00006448,Product 6448,Electronics,5,0.024391,0.178337
A00007541,Product 7541,Electronics,5,0.945977,0.183869
A00003262,Product 3262,Electronics,5,0.150470,0.183025
A00002482,Product 2482,Clothing,5,0.680102,0.188192
A00007715,Product 7715,Movies & TV,5,0.500326,0.185256
A00006126,Product 6126,Clothing,5,0.550601,0.183481
A00005900,Product 5900,Electronics,5,0.931097,0.184018
A00007820,Product 7820,Electronics,5,0.126918,0.183684
A00008381,Product 8381,Books,5,0.402231,0.185036
A00000109,Product 109,Movies & TV,5,0.379789,0.180788
A00005623,Product 5623,Electronics,5,0.665218,0.181263
A00000067,Product 67,Movies & TV,5,0.241334,0.182911
A00005522,Product 5522,Movies & TV,5,0.919191,0.180123
A00005070,Product 5070,Music,5,0.396828,0.180588
A00001785,Product 1785,Electronics,5,0.198424,0.180902
A00002145,Product 2145,Movies & TV,5,0.486968,0.181899
A00007234,Product 7234,Clothing,5,0.108344,0.176961
A00009109,Product 9109,Clothing,5,0.385036,0.183320
A00001408,Product 1408,Books,5,0.590561,0.178150
A00005165,Product 5165,Movies & TV,5,0.810798,0.180951
A00007870,Product 7870,Movies & TV,5,0.035799,0.184137
A00004638,Product 4638,Music,5,0.389225,0.181483
A00005247,Product 5247,Clothing,5,0.521692,0.181053
A00002961,Product 2961,Music,5,0.370721,0.187962
A00009369,Product 9369,Movies & TV,5,0.482313,0.184599
A00008368,Product 8368,Clothing,5,0.176280,0.182188
A00006940,Product 6940,Electronics,5,0.054041,0.185938
A00000976,Product 976,Music,5,0.678750,0.181444
A00002259,Product 2259,Books,5,0.027409,0.178118
A00008742,Product 8742,Clothing,5,0.454965,0.179454
A00008759,Product 8759,Electronics,5,0.982260,0.180896
A00000279,Product 279,Clothing,5,0.975672,0.179799
A00001429,Product 1429,Music,5,0.774649,0.176686
A00009316,Product 9316,Books,5,0.466141,0.182380
A00002178,Product 2178,Clothing,5,0.057697,0.180234
A00002396,Product 2396,Clothing,5,0.273114,0.180386
A00002556,Product 2556,Electronics,5,0.658827,0.179593
A00009445,Product 9445,Books,5,0.808477,0.181220
A00007501,Product 7501,Books,5,0.489541,0.180442
A00008945,Product 8945,Books,5,0.288744,0.181460
A00008796,Product 8796,Electronics,5,0.392215,0.184766
A00000344,Product 344,Movies & TV,5,0.052389,0.184736
A00002147,Product 2147,Clothing,5,0.033678,0.181566
A00001027,Product 1027,Electronics,5,0.380077,0.181638
A00005942,Product 5942,Clothing,5,0.370232,0.180739
A00008778,Product 8778,Books,5,0.503579,0.184671
A00001115,Product 1115,Books,5,0.560533,0.181487
A00001388,Product 1388,Music,5,0.793187,0.181148
A00000369,Product 369,Electronics,5,0.635968,0.184252
A00006393,Product 6393,Clothing,5,0.286141,0.187909
A00006062,Product 6062,Electronics,5,0.297892,0.177943
A00007879,Product 7879,Books,5,0.270255,0.181909
A00001886,Product 1886,Clothing,5,0.268216,0.180478
A00003830,Product 3830,Books,5,0.071488,0.179467
A00000317,Product 317,Music,5,0.839890,0.181506
A00009358,Product 9358,Clothing,5,0.914387,0.183714
A00002808,Product 2808,Books,5,0.169415,0.183586
A00000314,Product 314,Clothing,5,0.400739,0.178704
A00007321,Product 7321,Clothing,5,0.719232,0.183819
A00009524,Product 9524,Movies & TV,5,0.227028,0.182764
A00001856,Product 1856,Electronics,4,0.817809,0.185541
A00009546,Product 9546,Movies & TV,4,0.058587,0.186298
A00008276,Product 8276,Books,4,0.639130,0.175117
A00005319,Product 5319,Music,4,0.639124,0.173533
A00000122,Product 122,Music,4,0.609685,0.171840
A00005782,Product 5782,Books,4,0.995848,0.177039
A00006505,Product 6505,Music,4,0.632889,0.174906
A00008438,Product 8438,Electronics,4,0.619160,0.181526
A00001202,Product 1202,Books,4,0.562839,0.175544
A00007342,Product 7342,Clothing,4,0.117115,0.179593
A00009515,Product 9515,Clothing,4,0.181071,0.180807
A00004544,Product 4544,Electronics,4,0.027801,0.183944
A00001510,Product 1510,Electronics,4,0.929316,0.174047
A00002575,Product 2575,Electronics,4,0.662970,0.175828
A00004265,Product 4265,Music,4,0.773511,0.174820
A00003999,Product 3999,Movies & TV,4,0.663822,0.180188
A00006308,Product 6308,Movies & TV,4,0.122179,0.176343
A00000340,Product 340,Movies & TV,4,0.930017,0.177732
A00008861,Product 8861,Clothing,4,0.370579,0.169317
A00007963,Product 7963,Books,4,0.722708,0.174308
A00003497,Product 3497,Clothing,4,0.639308,0.175949
A00007701,Product 7701,Books,4,0.822680,0.178707
A00001341,Product 1341,Clothing,4,0.713243,0.180513
A00008516,Product 8516,Music,4,0.275341,0.178140
A00002016,Product 2016,Books,4,0.110256,0.178560
A00001397,Product 1397,Electronics,4,0.643800,0.181089
A00002500,Product 2500,Music,4,0.042728,0.176387
A00009470,Product 9470,Movies & TV,4,0.938045,0.174808
A00003611,Product 3611,Music,4,0.186628,0.181204
A00002300,Product 2300,Music,4,0.513191,0.179958
A00004414,Product 4414,Electronics,4,0.860037,0.179065
A00002846,Product 2846,Clothing,4,0.235000,0.176349
A00002841,Product 2841,Music,4,0.295105,0.176290
A00000354,Product 354,Books,4,0.307395,0.180136
A00003086,Product 3086,Music,4,0.453460,0.175526
A00002443,Product 2443,Clothing,4,0.542938,0.177416
A00007026,Product 7026,Electronics,4,0.880500,0.174673
A00008893,Product 8893,Music,4,0.926546,0.180876
A00006654,Product 6654,Electronics,4,0.285054,0.182394
A00001896,Product 1896,Electronics,4,0.750582,0.182660
A00004498,Product 4498,Electronics,4,0.480812,0.177943
A00007439,Product 7439,Music,4,0.931715,0.181128
A00005184,Product 5184,Movies & TV,4,0.314320,0.176520
A00007295,Product 7295,Movies & TV,4,0.658066,0.174180
A00009873,Product 9873,Books,4,0.968882,0.178140
A00000949,Product 949,Books,4,0.604235,0.177602
A00000048,Product 48,Movies & TV,4,0.409523,0.173113
A00001893,Product 1893,Movies & TV,4,0.770873,0.177064
A00004644,Product 4644,Clothing,4,0.000374,0.182473
A00009771,Product 9771,Music,4,0.401704,0.179506
A00004291,Product 4291,Books,4,0.440443,0.174311
A00002547,Product 2547,Electronics,4,0.841783,0.182108
A00008973,Product 8973,Books,4,0.941792,0.168799
A00006239,Product 6239,Electronics,4,0.110259,0.180282
A00007182,Product 7182,Music,4,0.636259,0.181612
A00002644,Product 2644,Music,4,0.022135,0.179874
A00007881,Product 7881,Books,4,0.734708,0.176754
A00005389,Product 5389,Electronics,4,0.515622,0.179506
A00002092,Product 2092,Movies & TV,4,0.303732,0.179900
A00006951,Product 6951,Electronics,4,0.115252,0.178506
A00004800,Product 4800,Movies & TV,4,0.478349,0.172957
A00001181,Product 1181,Music,4,0.632909,0.180165
A00003194,Product 3194,Movies & TV,4,0.386966,0.171040
A00009006,Product 9006,Electronics,4,0.854606,0.179538
A00008729,Product 8729,Music,4,0.061239,0.170016
A00006642,Product 6642,Books,4,0.070639,0.176583
A00004747,Product 4747,Books,4,0.957933,0.175191
A00001700,Product 1700,Music,4,0.200154,0.176508
A00007515,Product 7515,Music,4,0.280913,0.176542
A00002103,Product 2103,Music,4,0.078554,0.181717
A00009206,Product 9206,Movies & TV,4,0.696477,0.176605
A00000030,Product 30,Movies & TV,4,0.997918,0.173338
A00004121,Product 4121,Electronics,4,0.463736,0.181823
A00005506,Product 5506,Books,4,0.469985,0.174141
A00006697,Product 6697,Books,4,0.204827,0.177030
A00009311,Product 9311,Electronics,4,0.791175,0.176673
A00007834,Product 7834,Electronics,4,0.288738,0.177798
A00000762,Product 762,Movies & TV,4,0.624964,0.182118
A00002783,Product 2783,Electronics,4,0.215264,0.180010
A00004111,Product 4111,Music,4,0.958066,0.178175
A00002378,Product 2378,Clothing,4,0.087629,0.181361
A00009458,Product 9458,Books,4,0.133338,0.181612
A00001173,Product 1173,Clothing,4,0.143775,0.179689
A00009419,Product 9419,Music,4,0.367736,0.181082
A00004602,Product 4602,Music,4,0.590827,0.175875
A00002456,Product 2456,Music,4,0.555360,0.180071
A00008059,Product 8059,Music,4,0.549953,0.176424
A00009085,Product 9085,Books,4,0.808950,0.176620
A00008643,Product 8643,Music,4,0.126086,0.172400
A00006715,Product 6715,Music,4,0.412078,0.184252
A00007990,Product 7990,Electronics,4,0.110789,0.180536
A00005043,Product 5043,Books,4,0.116053,0.175283
A00001166,Product 1166,Movies & TV,4,0.334525,0.179577
A00008572,Product 8572,Clothing,4,0.612452,0.176626
A00008327,Product 8327,Clothing,4,0.059492,0.182971
A00003330,Product 3330,Movies & TV,4,0.485356,0.183397
A00007043,Product 7043,Books,4,0.603314,0.180935
A00004407,Product 4407,Electronics,4,0.958068,0.170672
A00006888,Product 6888,Movies & TV,4,0.115621,0.177234
A00000313,Product 313,Books,4,0.258630,0.176315
A00001688,Product 1688,Electronics,4,0.391602,0.175366
A00002273,Product 2273,Electronics,4,0.850282,0.180341
A00006194,Product 6194,Music,4,0.101093,0.177196
A00008199,Product 8199,Clothing,4,0.935574,0.175671
A00003189,Product 3189,Books,4,0.122934,0.179799
A00000645,Product 645,Books,4,0.655187,0.180039
A00005601,Product 5601,Clothing,4,0.843375,0.176098
A00009682,Product 9682,Movies & TV,4,0.550165,0.175822
A00004177,Product 4177,Books,4,0.380909,0.172376
A00007284,Product 7284,Electronics,4,0.506590,0.182320
A00005563,Product 5563,Books,4,0.215457,0.178378
A00004338,Product 4338,Music,4,0.500893,0.177080
A00001500,Product 1500,Clothing,4,0.550050,0.181632
A00006174,Product 6174,Electronics,4,0.296737,0.176157
A00000489,Product 489,Books,4,0.785485,0.177476
A00008771,Product 8771,Electronics,4,0.168301,0.181279
A00003901,Product 3901,Clothing,4,0.274420,0.178608
A00006453,Product 6453,Movies & TV,4,0.276197,0.180497
A00009612,Product 9612,Clothing,4,0.635288,0.173805
A00001289,Product 1289,Books,4,0.691292,0.179152
A00000592,Product 592,Movies & TV,4,0.841557,0.177237
A00000139,Product 139,Clothing,4,0.040649,0.179929
A00000637,Product 637,Music,4,0.778273,0.181033
A00001147,Product 1147,Music,4,0.547577,0.178822
A00001712,Product 1712,Movies & TV,4,0.415099,0.172272
A00003777,Product 3777,Clothing,4,0.872106,0.177905
A00000034,Product 34,Books,4,0.605951,0.182827
A00006501,Product 6501,Books,4,0.022587,0.174211
A00001988,Product 1988,Electronics,4,0.304757,0.177460
A00009556,Product 9556,Music,4,0.241615,0.181674
A00008563,Product 8563,Books,4,0.250950,0.175989
A00008393,Product 8393,Clothing,4,0.547887,0.174893
A00001595,Product 1595,Electronics,4,0.902163,0.173074
A00008613,Product 8613,Electronics,4,0.900965,0.177826
A00008854,Product 8854,Electronics,4,0.779317,0.175538
A00005497,Product 5497,Electronics,4,0.441536,0.172088
A00006031,Product 6031,Electronics,4,0.022706,0.175292
A00009453,Product 9453,Clothing,4,0.902655,0.174814
A00002028,Product 2028,Music,4,0.958432,0.179457
A00005775,Product 5775,Books,4,0.147198,0.177596
A00008869,Product 8869,Electronics,4,0.150361,0.174701
A00005930,Product 5930,Music,4,0.755667,0.177602
A00004980,Product 4980,Books,4,0.734204,0.180308
A00004454,Product 4454,Music,4,0.038845,0.178137
A00000098,Product 98,Clothing,4,0.992836,0.180540
A00001091,Product 1091,Music,4,0.936498,0.179084
A00001319,Product 1319,Books,4,0.093258,0.177328
A00009193,Product 9193,Clothing,4,0.348928,0.173576
A00002990,Product 2990,Movies & TV,4,0.166502,0.179638
A00006451,Product 6451,Movies & TV,4,0.594402,0.175092
A00006657,Product 6657,Books,4,0.772349,0.174138
A00002831,Product 2831,Music,4,0.765980,0.176908
A00000268,Product 268,Books,4,0.161295,0.177766
A00002128,Product 2128,Music,4,0.337459,0.176930
A00001643,Product 1643,Music,4,0.367035,0.180370
A00001047,Product 1047,Movies & TV,4,0.724341,0.176814
A00007593,Product 7593,Clothing,4,0.755190,0.178870
A00007993,Product 7993,Clothing,4,0.888708,0.175566
A00002633,Product 2633,Clothing,4,0.980554,0.178267
A00002363,Product 2363,Electronics,4,0.932889,0.176237
A00007016,Product 7016,Books,4,0.536760,0.180266
A00006418,Product 6418,Clothing,4,0.984899,0.177991
A00000324,Product 324,Clothing,4,0.014867,0.177429
A00005380,Product 5380,Clothing,4,0.421340,0.177608
A00009293,Product 9293,Music,4,0.319034,0.173347
A00009885,Product 9885,Electronics,4,0.594616,0.178321
A00007669,Product 7669,Books,4,0.973804,0.176008
A00000970,Product 970,Clothing,4,0.472270,0.182740
A00004437,Product 4437,Clothing,4,0.622931,0.180504
A00009001,Product 9001,Clothing,4,0.492176,0.177909
A00002750,Product 2750,Music,4,0.813895,0.181628
A00007989,Product 7989,Books,4,0.061897,0.177347
A00007223,Product 7223,Books,4,0.050490,0.174973
A00007796,Product 7796,Music,4,0.177339,0.174734
A00009534,Product 9534,Books,4,0.166730,0.171151
A00008140,Product 8140,Movies & TV,4,0.274771,0.175862
A00000486,Product 486,Electronics,4,0.362710,0.181102
A00009278,Product 9278,Music,4,0.458639,0.173923
A00009251,Product 9251,Clothing,4,0.044309,0.180341
A00003840,Product 3840,Music,4,0.395581,0.180062
A00001543,Product 1543,Clothing,4,0.635952,0.178146
A00007817,Product 7817,Movies & TV,4,0.234253,0.181043
A00005329,Product 5329,Books,4,0.599840,0.180843
A00005143,Product 5143,Movies & TV,4,0.235281,0.177615
A00007650,Product 7650,Electronics,4,0.614963,0.173603
A00004861,Product 4861,Books,4,0.680361,0.167029
A00001413,Product 1413,Electronics,4,0.899466,0.174002
A00007718,Product 7718,Books,4,0.950106,0.174826
A00009520,Product 9520,Clothing,4,0.169713,0.175782
A00005821,Product 5821,Music,4,0.130582,0.175714
A00004757,Product 4757,Music,4,0.175572,0.181289
A00002218,Product 2218,Movies & TV,4,0.365311,0.178146
A00004730,Product 4730,Clothing,4,0.262690,0.179770
A00003905,Product 3905,Clothing,4,0.611372,0.179838
A00004219,Product 4219,Clothing,4,0.902757,0.179935
A00008397,Product 8397,Electronics,4,0.789420,0.180660
A00003358,Product 3358,Electronics,4,0.195366,0.179887
A00004331,Product 4331,Electronics,4,0.766406,0.176723
A00004766,Product 4766,Music,4,0.620747,0.180370
A00003261,Product 3261,Books,4,0.851408,0.171574
A00009258,Product 9258,Music,4,0.259729,0.181181
A00004189,Product 4189,Music,4,0.555251,0.186371
A00001365,Product 1365,Movies & TV,4,0.905468,0.176767
A00005523,Product 5523,Clothing,4,0.667604,0.177782
A00009559,Product 9559,Music,4,0.578657,0.175788
A00007352,Product 7352,Movies & TV,4,0.281834,0.176383
A00009636,Product 9636,Clothing,4,0.684166,0.173026
A00002366,Product 2366,Books,4,0.932167,0.180663
A00008755,Product 8755,Books,4,0.480517,0.176281
A00000075,Product 75,Music,4,0.081727,0.178694
A00003140,Product 3140,Movies & TV,4,0.121300,0.173398
A00009352,Product 9352,Clothing,4,0.482686,0.180517
A00006283,Product 6283,Electronics,4,0.749518,0.176586
A00006967,Product 6967,Clothing,4,0.113061,0.178321
A00003568,Product 3568,Books,4,0.624055,0.177555
A00006644,Product 6644,Music,4,0.072771,0.175763
A00008035,Product 8035,Music,4,0.113973,0.172411
A00008574,Product 8574,Music,4,0.361704,0.176116
A00005666,Product 5666,Electronics,4,0.422816,0.183364
A00008065,Product 8065,Books,4,0.854070,0.178429
A00000015,Product 15,Electronics,4,0.191169,0.176748
A00007529,Product 7529,Music,4,0.313996,0.179945
A00009772,Product 9772,Movies & TV,4,0.057371,0.180974
A00001266,Product 1266,Books,4,0.896681,0.178219
A00004732,Product 4732,Books,4,0.860321,0.173540
A00002317,Product 2317,Books,4,0.570842,0.173083
A00006828,Product 6828,Music,4,0.801908,0.178445
A00009773,Product 9773,Books,4,0.395857,0.182540
A00004582,Product 4582,Clothing,4,0.282347,0.180752
A00009411,Product 9411,Electronics,4,0.336731,0.175902
A00005064,Product 5064,Movies & TV,4,0.766620,0.179133
A00004078,Product 4078,Electronics,4,0.344475,0.179731
A00008618,Product 8618,Movies & TV,4,0.072076,0.175535
A00005232,Product 5232,Movies & TV,4,0.208036,0.173754
A00005690,Product 5690,Electronics,4,0.852821,0.181510
A00002176,Product 2176,Music,4,0.310527,0.179406
A00004074,Product 4074,Movies & TV,4,0.320146,0.174844
A00008063,Product 8063,Clothing,4,0.776597,0.171822
A00003257,Product 3257,Books,4,0.213424,0.176589
A00006028,Product 6028,Electronics,4,0.959981,0.180006
A00004535,Product 4535,Clothing,4,0.592593,0.173594
A00008717,Product 8717,Books,4,0.910858,0.177083
A00000958,Product 958,Music,4,0.912733,0.175209
A00000548,Product 548,Clothing,4,0.164552,0.181191
A00000939,Product 939,Electronics,4,0.429952,0.183630
A00006446,Product 6446,Music,4,0.737353,0.176368
A00009113,Product 9113,Music,4,0.352801,0.179370
A00000220,Product 220,Clothing,4,0.696554,0.177766
A00001778,Product 1778,Music,4,0.930620,0.180820
A00000415,Product 415,Movies & TV,4,0.385055,0.179828
A00000258,Product 258,Movies & TV,4,0.502843,0.179370
A00001757,Product 1757,Music,4,0.115784,0.174065
A00000679,Product 679,Electronics,4,0.860889,0.182754
A00002467,Product 2467,Movies & TV,4,0.899826,0.178426
A00000761,Product 761,Electronics,4,0.800079,0.171869
A00003794,Product 3794,Books,4,0.604134,0.175841
A00005108,Product 5108,Electronics,4,0.707467,0.175464
A00003623,Product 3623,Music,4,0.340384,0.175748
A00006454,Product 6454,Music,4,0.778598,0.176259
A00006619,Product 6619,Books,4,0.983894,0.175618
A00002379,Product 2379,Electronics,4,0.104440,0.170873
A00008595,Product 8595,Books,4,0.499212,0.179393
A00002505,Product 2505,Electronics,4,0.402467,0.180448
A00003849,Product 3849,Electronics,4,0.497976,0.179955
A00007562,Product 7562,Books,4,0.767061,0.185820
A00008122,Product 8122,Music,4,0.247801,0.180768
A00007860,Product 7860,Music,4,0.168064,0.168717
A00009035,Product 9035,Electronics,4,0.057275,0.174805
A00002814,Product 2814,Electronics,4,0.740723,0.176169
A00005971,Product 5971,Electronics,4,0.767351,0.175016
A00000840,Product 840,Movies & TV,4,0.030076,0.174609
A00006128,Product 6128,Music,4,0.975114,0.176964
A00007215,Product 7215,Music,4,0.201260,0.180481
A00004213,Product 4213,Electronics,4,0.828521,0.172510
A00000496,Product 496,Music,4,0.815720,0.176464
A00007099,Product 7099,Music,4,0.646710,0.177571
A00008462,Product 8462,Music,4,0.276265,0.178611
A00007485,Product 7485,Books,4,0.062047,0.177215
A00009843,Product 9843,Books,4,0.661548,0.183505
A00004786,Product 4786,Music,4,0.686757,0.178665
A00001092,Product 1092,Clothing,4,0.106232,0.171848
A00009961,Product 9961,Movies & TV,4,0.067439,0.179786
A00000972,Product 972,Movies & TV,4,0.298651,0.177234
A00006423,Product 6423,Music,4,0.052861,0.180553
A00004997,Product 4997,Electronics,4,0.577659,0.180504
A00001793,Product 1793,Books,4,0.444984,0.172823
A00005561,Product 5561,Books,4,0.413480,0.179059
A00009403,Product 9403,Music,4,0.072819,0.177489
A00004711,Product 4711,Books,4,0.937600,0.173482
A00004806,Product 4806,Movies & TV,4,0.090787,0.168868
A00003429,Product 3429,Clothing,4,0.600229,0.174153
A00005273,Product 5273,Movies & TV,4,0.891971,0.177602
A00007151,Product 7151,Books,4,0.847049,0.180448
A00004826,Product 4826,Electronics,4,0.871333,0.173374
A00005216,Product 5216,Electronics,4,0.512244,0.181375
A00000596,Product 596,Clothing,4,0.972043,0.186125
A00000962,Product 962,Electronics,4,0.130441,0.179712
A00007588,Product 7588,Clothing,4,0.043112,0.180876
A00007406,Product 7406,Clothing,4,0.580393,0.174774
A00009468,Product 9468,Music,4,0.405277,0.177118
A00005246,Product 5246,Books,4,0.306174,0.177118
A00003721,Product 3721,Movies & TV,4,0.191392,0.173032
A00006665,Product 6665,Books,4,0.841184,0.176977
A00003562,Product 3562,Music,4,0.771360,0.177020
A00001367,Product 1367,Electronics,4,0.744849,0.178585
A00002332,Product 2332,Movies & TV,4,0.051942,0.179547
A00003581,Product 3581,Clothing,4,0.263348,0.180683
A00000568,Product 568,Movies & TV,4,0.626711,0.178959
A00002439,Product 2439,Electronics,4,0.541726,0.182101
A00003558,Product 3558,Music,4,0.698012,0.179444
A00007068,Product 7068,Movies & TV,4,0.222501,0.174655
A00008891,Product 8891,Electronics,4,0.927847,0.179457
A00005875,Product 5875,Clothing,4,0.367244,0.180497
A00004625,Product 4625,Movies & TV,4,0.580747,0.179790
A00005999,Product 5999,Movies & TV,4,0.446816,0.170370
A00005768,Product 5768,Electronics,4,0.991011,0.173344
A00004948,Product 4948,Electronics,4,0.380400,0.178108
A00001541,Product 1541,Music,4,0.073259,0.175924
A00007195,Product 7195,Clothing,4,0.177182,0.181046
A00008510,Product 8510,Music,4,0.513276,0.177687
A00000878,Product 878,Movies & TV,4,0.245836,0.176811
A00007869,Product 7869,Electronics,4,0.377591,0.175446
A00001363,Product 1363,Movies & TV,4,0.057922,0.180513
A00008209,Product 8209,Clothing,4,0.960579,0.177972
A00001232,Product 1232,Books,4,0.531625,0.175095
A00003873,Product 3873,Electronics,4,0.966083,0.178089
A00005366,Product 5366,Music,4,0.601392,0.176761
A00000388,Product 388,Electronics,4,0.909538,0.180159
A00007150,Product 7150,Clothing,4,0.189193,0.182161
A00000529,Product 529,Books,4,0.647365,0.174375
A00005600,Product 5600,Books,4,0.170254,0.179696
A00009886,Product 9886,Electronics,4,0.601822,0.175550
A00005300,Product 5300,Books,4,0.695356,0.182404
A00005140,Product 5140,Music,4,0.639057,0.179011
A00005155,Product 5155,Movies & TV,4,0.725620,0.179235
A00003246,Product 3246,Music,4,0.280696,0.179062
A00007280,Product 7280,Electronics,4,0.439656,0.172038
A00006267,Product 6267,Books,4,0.648875,0.170765
A00002904,Product 2904,Electronics,4,0.337627,0.172275
A00003159,Product 3159,Music,4,0.317299,0.176823
A00002140,Product 2140,Electronics,4,0.723198,0.173155
A00000035,Product 35,Movies & TV,4,0.673663,0.173221
A00001989,Product 1989,Clothing,4,0.953593,0.179341
A00006548,Product 6548,Clothing,4,0.345957,0.175627
A00009088,Product 9088,Movies & TV,4,0.942107,0.180117
A00003375,Product 3375,Books,4,0.118091,0.180641
A00000502,Product 502,Music,4,0.539321,0.174976
A00000634,Product 634,Electronics,4,0.667798,0.175887
A00001133,Product 1133,Books,4,0.377635,0.176855
A00003681,Product 3681,Clothing,4,0.358802,0.177140
A00009336,Product 9336,Electronics,4,0.692634,0.174390
A00003342,Product 3342,Electronics,4,0.712066,0.172519
A00006275,Product 6275,Books,4,0.862831,0.172903
A00006108,Product 6108,Clothing,4,0.294996,0.180445
A00008138,Product 8138,Books,4,0.076024,0.177738
A00002310,Product 2310,Clothing,4,0.906751,0.173585
A00004388,Product 4388,Electronics,4,0.337730,0.177287
A00002160,Product 2160,Movies & TV,4,0.015846,0.183934
A00007551,Product 7551,Books,4,0.611743,0.182291
A00006824,Product 6824,Books,4,0.458175,0.174826
A00000183,Product 183,Electronics,4,0.277935,0.173125
A00006363,Product 6363,Movies & TV,4,0.454177,0.177118
A00009659,Product 9659,Clothing,4,0.869784,0.176645
A00003761,Product 3761,Movies & TV,4,0.238710,0.175872
A00006721,Product 6721,Music,4,0.730540,0.177899
A00008117,Product 8117,Clothing,4,0.843564,0.177039
A00007229,Product 7229,Movies & TV,4,0.197084,0.178570
A00003699,Product 3699,Books,4,0.366469,0.180673
A00007319,Product 7319,Movies & TV,4,0.993222,0.181856
A00002376,Product 2376,Clothing,4,0.998014,0.168985
A00002108,Product 2108,Electronics,4,0.591981,0.183011
A00002187,Product 2187,Clothing,4,0.063310,0.180533
A00009399,Product 9399,Movies & TV,4,0.448036,0.181787
A00007553,Product 7553,Movies & TV,4,0.031014,0.176795
A00008825,Product 8825,Electronics,4,0.807024,0.172733
A00009884,Product 9884,Electronics,4,0.321964,0.178219
A00000322,Product 322,Books,4,0.839404,0.177615
A00007821,Product 7821,Music,4,0.267337,0.172032
A00002073,Product 2073,Music,4,0.995332,0.177149
A00004242,Product 4242,Clothing,4,0.760841,0.182921
A00006982,Product 6982,Clothing,4,0.935183,0.179812
A00005249,Product 5249,Music,4,0.043911,0.180308
A00004112,Product 4112,Music,4,0.056707,0.180487
A00007849,Product 7849,Music,4,0.193910,0.178468
A00001226,Product 1226,Clothing,4,0.014455,0.175649
A00007518,Product 7518,Music,4,0.863252,0.179945
A00003078,Product 3078,Music,4,0.848749,0.181027
A00007232,Product 7232,Electronics,4,0.363500,0.176717
A00003763,Product 3763,Books,4,0.401398,0.178099
A00001919,Product 1919,Books,4,0.849773,0.175872
A00008286,Product 8286,Movies & TV,4,0.857497,0.177580
A00001745,Product 1745,Clothing,4,0.631302,0.173056
A00008239,Product 8239,Electronics,4,0.063169,0.179483
A00007903,Product 7903,Music,4,0.156810,0.174381
A00000930,Product 930,Clothing,4,0.451535,0.174360
A00005199,Product 5199,Movies & TV,4,0.144488,0.179152
A00006507,Product 6507,Music,4,0.453014,0.171512
A00000595,Product 595,Books,4,0.093919,0.174089
A00002039,Product 2039,Clothing,4,0.992470,0.175581
A00004940,Product 4940,Electronics,4,0.595347,0.182141
A00009691,Product 9691,Books,4,0.919058,0.171119
A00007706,Product 7706,Movies & TV,4,0.040776,0.179030
A00009381,Product 9381,Books,4,0.626631,0.177495
A00005115,Product 5115,Movies & TV,4,0.155112,0.175326
A00000563,Product 563,Music,4,0.489372,0.182204
A00006734,Product 6734,Books,4,0.800223,0.178541
A00005488,Product 5488,Music,4,0.683162,0.180286
A00001612,Product 1612,Electronics,4,0.849911,0.186545
A00000737,Product 737,Clothing,4,0.662137,0.177798
A00001279,Product 1279,Clothing,4,0.814395,0.178528
A00000488,Product 488,Books,4,0.679541,0.179638
A00003241,Product 3241,Movies & TV,4,0.460126,0.179386
A00007525,Product 7525,Music,4,0.600835,0.174631
A00004891,Product 4891,Books,4,0.678929,0.178614
A00006931,Product 6931,Movies & TV,4,0.994549,0.177485
A00000033,Product 33,Books,4,0.157063,0.180403
A00004220,Product 4220,Movies & TV,4,0.049585,0.180178
A00007949,Product 7949,Music,4,0.872528,0.179477
A00009310,Product 9310,Movies & TV,4,0.183448,0.180315
A00003584,Product 3584,Electronics,4,0.690279,0.177473
A00005588,Product 5588,Books,4,0.241983,0.173368
A00003331,Product 3331,Clothing,4,0.747474,0.174713
A00004710,Product 4710,Music,4,0.054639,0.181552
A00000733,Product 733,Clothing,4,0.536151,0.183832
A00003616,Product 3616,Clothing,4,0.652009,0.177168
A00000818,Product 818,Music,4,0.169015,0.177706
A00003346,Product 3346,Clothing,4,0.787435,0.179874
A00009552,Product 9552,Movies & TV,4,0.745805,0.179780
A00002393,Product 2393,Clothing,4,0.891138,0.175320
A00004731,Product 4731,Electronics,4,0.468751,0.174731
A00003465,Product 3465,Movies & TV,4,0.490382,0.178544
A00005318,Product 5318,Music,4,0.046278,0.177735
A00009568,Product 9568,Music,4,0.435738,0.173754
A00003950,Product 3950,Clothing,4,0.980225,0.175732
A00002360,Product 2360,Music,4,0.973457,0.181122
A00001922,Product 1922,Clothing,4,0.975128,0.184307
A00008865,Product 8865,Clothing,4,0.363014,0.180182
A00009141,Product 9141,Music,4,0.727585,0.178181
A00003508,Product 3508,Electronics,4,0.298480,0.177489
A00002953,Product 2953,Movies & TV,4,0.445734,0.181191
A00000257,Product 257,Clothing,4,0.488842,0.178729
A00004100,Product 4100,Movies & TV,4,0.244821,0.178969
A00002057,Product 2057,Clothing,4,0.323378,0.178902
A00003512,Product 3512,Clothing,4,0.273392,0.174792
A00008282,Product 8282,Electronics,4,0.638046,0.177969
A00009892,Product 9892,Clothing,4,0.219474,0.175178
A00000626,Product 626,Music,4,0.926029,0.180250
A00009947,Product 9947,Music,4,0.554093,0.174457
A00006943,Product 6943,Movies & TV,4,0.801346,0.183751
A00002406,Product 2406,Electronics,4,0.819953,0.174737
A00000152,Product 152,Books,4,0.275504,0.181668
A00001999,Product 1999,Electronics,4,0.922128,0.174405
A00003680,Product 3680,Movies & TV,4,0.432797,0.178140
A00005393,Product 5393,Music,4,0.123504,0.180409
A00006326,Product 6326,Movies & TV,4,0.524404,0.179922
A00006400,Product 6400,Electronics,4,0.216198,0.182684
A00004079,Product 4079,Music,4,0.102255,0.177118
A00007075,Product 7075,Movies & TV,4,0.119512,0.181529
A00007818,Product 7818,Music,4,0.124950,0.179187
A00008157,Product 8157,Electronics,4,0.825400,0.176980
A00008312,Product 8312,Books,4,0.042273,0.180817
A00002014,Product 2014,Music,4,0.914942,0.176424
A00001177,Product 1177,Movies & TV,4,0.987724,0.179435
A00007124,Product 7124,Clothing,4,0.590541,0.176695
A00004937,Product 4937,Clothing,4,0.550885,0.180315
A00009810,Product 9810,Clothing,4,0.825268,0.177624
A00007911,Product 7911,Movies & TV,4,0.527686,0.178675
A00008628,Product 8628,Clothing,4,0.589152,0.180113
A00007354,Product 7354,Books,4,0.123072,0.180019
A00009838,Product 9838,Books,4,0.261142,0.179338
A00008834,Product 8834,Electronics,4,0.888047,0.179255
A00005889,Product 5889,Movies & TV,4,0.492345,0.182407
A00008911,Product 8911,Books,4,0.003988,0.177158
A00001496,Product 1496,Electronics,4,0.012046,0.178643
A00003686,Product 3686,Movies & TV,4,0.769084,0.182934
A00005698,Product 5698,Electronics,4,0.268197,0.179696
A00003890,Product 3890,Movies & TV,4,0.338569,0.182847
A00002652,Product 2652,Books,4,0.872174,0.175430
A00006784,Product 6784,Clothing,4,0.174070,0.179647
A00007497,Product 7497,Electronics,4,0.730504,0.175218
A00003667,Product 3667,Electronics,4,0.494711,0.182790
A00000719,Product 719,Electronics,4,0.805659,0.174768
A00006845,Product 6845,Electronics,4,0.954547,0.172322
A00004871,Product 4871,Books,4,0.277218,0.179942
A00004714,Product 4714,Clothing,4,0.829166,0.180006
A00008527,Product 8527,Books,4,0.588219,0.177049
A00000945,Product 945,Music,4,0.534203,0.178796
A00007565,Product 7565,Music,4,0.037621,0.181168
A00007811,Product 7811,Clothing,4,0.295563,0.178102
A00009390,Product 9390,Electronics,4,0.346613,0.178493
A00007197,Product 7197,Electronics,4,0.490582,0.175853
A00002331,Product 2331,Electronics,4,0.950408,0.171518
A00007090,Product 7090,Music,4,0.704760,0.176256
A00005693,Product 5693,Music,4,0.411699,0.180517
A00003918,Product 3918,Books,4,0.013619,0.181210
A00006757,Product 6757,Books,4,0.594855,0.183620
A00008951,Product 8951,Clothing,4,0.886372,0.181810
A00005814,Product 5814,Clothing,4,0.307565,0.177451
A00005837,Product 5837,Clothing,4,0.575229,0.178436
A00001984,Product 1984,Movies & TV,4,0.033259,0.177526
A00007934,Product 7934,Clothing,4,0.419672,0.175594
A00005970,Product 5970,Music,4,0.240236,0.178474
A00002901,Product 2901,Music,4,0.496483,0.174731
A00001391,Product 1391,Music,4,0.108962,0.177363
A00006401,Product 6401,Electronics,4,0.140296,0.180827
A00008779,Product 8779,Music,4,0.814974,0.186827
A00006554,Product 6554,Clothing,4,0.885699,0.180088
A00007344,Product 7344,Books,4,0.889790,0.173935
A00000547,Product 547,Music,4,0.626946,0.170381
A00004447,Product 4447,Music,4,0.877166,0.174099
A00009201,Product 9201,Electronics,4,0.799369,0.174664
A00007552,Product 7552,Movies & TV,4,0.721286,0.176200
A00006825,Product 6825,Music,4,0.277466,0.181820
A00000434,Product 434,Electronics,4,0.884142,0.183256
A00002449,Product 2449,Electronics,4,0.020110,0.176598
A00007019,Product 7019,Movies & TV,4,0.041689,0.182440
A00001068,Product 1068,Clothing,4,0.445319,0.175964
A00005435,Product 5435,Music,4,0.776889,0.165256
A00004857,Product 4857,Clothing,4,0.984359,0.183589
A00009746,Product 9746,Clothing,4,0.065342,0.174850
A00007725,Product 7725,Movies & TV,4,0.384021,0.181589
A00001067,Product 1067,Clothing,4,0.878293,0.180269
A00000093,Product 93,Books,4,0.621501,0.176567
A00006517,Product 6517,Electronics,4,0.764198,0.180182
A00002270,Product 2270,Music,4,0.992951,0.169477
A00003320,Product 3320,Movies & TV,4,0.365643,0.174634
A00002235,Product 2235,Clothing,4,0.702060,0.174065
A00008653,Product 8653,Clothing,4,0.247034,0.178694
A00003795,Product 3795,Movies & TV,4,0.763975,0.168854
A00009897,Product 9897,Electronics,4,0.803026,0.178633
A00008676,Product 8676,Movies & TV,4,0.035522,0.171280
A00009450,Product 9450,Clothing,4,0.346900,0.177492
A00007899,Product 7899,Movies & TV,4,0.284147,0.175887
A00009270,Product 9270,Books,4,0.805375,0.177637
A00000956,Product 956,Books,4,0.379516,0.178264
A00005100,Product 5100,Music,4,0.145694,0.174817
A00009442,Product 9442,Movies & TV,4,0.123515,0.175080
A00002703,Product 2703,Music,4,0.123601,0.174759
A00007009,Product 7009,Books,4,0.915528,0.177438
A00008193,Product 8193,Books,4,0.707425,0.173802
A00000155,Product 155,Movies & TV,4,0.040977,0.174399
A00007025,Product 7025,Electronics,4,0.089244,0.181431
A00007510,Product 7510,Books,4,0.336627,0.182297
A00009796,Product 9796,Electronics,4,0.701001,0.173820
A00005353,Product 5353,Books,4,0.213404,0.173320
A00005541,Product 5541,Music,4,0.282516,0.172316
A00001486,Product 1486,Electronics,4,0.198383,0.177187
A00000287,Product 287,Music,4,0.823892,0.181946
A00004148,Product 4148,Music,4,0.887848,0.175791
A00007574,Product 7574,Music,4,0.777348,0.175105
A00005674,Product 5674,Electronics,4,0.310771,0.172611
A00002153,Product 2153,Books,4,0.322936,0.180673
A00003964,Product 3964,Music,4,0.383009,0.183370
A00006622,Product 6622,Movies & TV,4,0.957974,0.182927
A00003174,Product 3174,Movies & TV,4,0.766594,0.185191
A00000744,Product 744,Movies & TV,4,0.972213,0.181401
A00008709,Product 8709,Electronics,4,0.913476,0.172513
A00007752,Product 7752,Electronics,4,0.202532,0.172129
A00004027,Product 4027,Music,4,0.039036,0.179264
A00000191,Product 191,Books,4,0.777316,0.183549
A00001175,Product 1175,Clothing,4,0.209603,0.175369
A00007325,Product 7325,Music,4,0.006021,0.176107
A00008978,Product 8978,Music,4,0.473177,0.177511
A00001314,Product 1314,Movies & TV,4,0.139293,0.183512
A00004467,Product 4467,Clothing,4,0.965684,0.171542
A00003229,Product 3229,Books,4,0.281399,0.174844
A00003874,Product 3874,Clothing,4,0.471728,0.177804
A00004273,Product 4273,Clothing,4,0.539616,0.182447
A00000709,Product 709,Music,4,0.506069,0.178261
A00007100,Product 7100,Music,4,0.522459,0.173603
A00008321,Product 8321,Books,4,0.192802,0.181582
A00005326,Product 5326,Electronics,4,0.625952,0.182261
A00001308,Product 1308,Electronics,4,0.285300,0.180474
A00002590,Product 2590,Electronics,4,0.337539,0.171798
A00009704,Product 9704,Books,4,0.197656,0.175572
A00002384,Product 2384,Movies & TV,4,0.695681,0.183350
A00008430,Product 8430,Electronics,4,0.312851,0.179235
A00005509,Product 5509,Electronics,4,0.697898,0.174108
A00005197,Product 5197,Electronics,4,0.042484,0.180448
A00001744,Product 1744,Books,4,0.405962,0.181299
A00009844,Product 9844,Books,4,0.920256,0.175878
A00001935,Product 1935,Books,4,0.692700,0.174174
A00000071,Product 71,Clothing,4,0.285408,0.171952
A00007307,Product 7307,Books,4,0.566744,0.178378
A00008252,Product 8252,Movies & TV,4,0.970939,0.178995
A00008496,Product 8496,Music,4,0.492229,0.178397
A00003599,Product 3599,Music,4,0.752095,0.178509
A00009076,Product 9076,Books,4,0.337756,0.179001
A00009410,Product 9410,Movies & TV,4,0.522932,0.177978
A00009963,Product 9963,Music,4,0.959505,0.178474
A00006408,Product 6408,Electronics,4,0.190024,0.176157
A00009517,Product 9517,Electronics,4,0.005549,0.176439
A00005562,Product 5562,Books,4,0.166587,0.184069
A00007416,Product 7416,Electronics,4,0.483234,0.177467
A00008374,Product 8374,Music,4,0.746481,0.179480
A00004395,Product 4395,Electronics,4,0.314095,0.175221
A00009248,Product 9248,Clothing,4,0.578966,0.178700
A00001131,Product 1131,Movies & TV,4,0.584842,0.178550
A00000648,Product 648,Electronics,4,0.450035,0.176172
A00008364,Product 8364,Music,4,0.203480,0.178048
A00008190,Product 8190,Books,4,0.906410,0.176259
A00003407,Product 3407,Electronics,4,0.331832,0.174326
A00007910,Product 7910,Electronics,4,0.048191,0.176977
A00008690,Product 8690,Books,4,0.945514,0.172891
A00006908,Product 6908,Movies & TV,4,0.902308,0.179945
A00005007,Product 5007,Movies & TV,4,0.421084,0.183934
A00004904,Product 4904,Books,4,0.852288,0.173944
A00006961,Product 6961,Clothing,4,0.942538,0.185441
A00001144,Product 1144,Movies & TV,4,0.086644,0.171642
A00003195,Product 3195,Movies & TV,4,0.712675,0.176908
A00001979,Product 1979,Music,4,0.735158,0.178519
A00004836,Product 4836,Music,4,0.310007,0.178796
A00008494,Product 8494,Clothing,4,0.259351,0.177495
A00006775,Product 6775,Books,4,0.581907,0.178464
A00008326,Product 8326,Electronics,4,0.316222,0.178547
A00001492,Product 1492,Music,4,0.005990,0.178966
A00002627,Product 2627,Music,4,0.928779,0.171840
A00004359,Product 4359,Electronics,4,0.313273,0.173326
A00008298,Product 8298,Clothing,4,0.556498,0.168113
A00003960,Product 3960,Electronics,4,0.628573,0.179832
A00007222,Product 7222,Electronics,4,0.947866,0.177127
A00005442,Product 5442,Movies & TV,4,0.734910,0.179059
A00001804,Product 1804,Music,4,0.990173,0.179438
A00004045,Product 4045,Movies & TV,4,0.615435,0.182045
A00007418,Product 7418,Electronics,4,0.521239,0.177463
A00008471,Product 8471,Music,4,0.378251,0.179187
A00005724,Product 5724,Movies & TV,4,0.607203,0.179790
A00005301,Product 5301,Music,4,0.218089,0.166578
A00009726,Product 9726,Clothing,4,0.412167,0.180399
A00004662,Product 4662,Electronics,4,0.277056,0.173434
A00007664,Product 7664,Music,4,0.409730,0.175184
A00007400,Product 7400,Books,4,0.470104,0.182121
A00004516,Product 4516,Music,4,0.991003,0.173068
A00006527,Product 6527,Clothing,4,0.661794,0.176620
A00007432,Product 7432,Movies & TV,4,0.902624,0.177111
A00002191,Product 2191,Books,4,0.436566,0.180611
A00006648,Product 6648,Clothing,4,0.012659,0.179793
A00005164,Product 5164,Movies & TV,4,0.071094,0.168251
A00005931,Product 5931,Electronics,4,0.621679,0.174448
A00006060,Product 6060,Music,4,0.736799,0.179725
A00003521,Product 3521,Movies & TV,4,0.564320,0.178032
A00006218,Product 6218,Books,4,0.031721,0.175043
A00003547,Product 3547,Books,4,0.273367,0.175909
A00001538,Product 1538,Music,4,0.318372,0.180941
A00006883,Product 6883,Clothing,4,0.419447,0.175924
A00007933,Product 7933,Books,4,0.490965,0.172521
A00005160,Product 5160,Music,4,0.364852,0.176439
A00002246,Product 2246,Clothing,4,0.944796,0.173473
A00009643,Product 9643,Books,4,0.378695,0.176601
A00006925,Product 6925,Clothing,4,0.067757,0.174698
A00004475,Product 4475,Music,4,0.630715,0.183273
A00002758,Product 2758,Movies & TV,4,0.369391,0.178950
A00002589,Product 2589,Music,4,0.425180,0.177096
A00000467,Product 467,Books,4,0.714379,0.174384
A00005876,Product 5876,Books,4,0.903877,0.180032
A00002538,Product 2538,Electronics,4,0.307181,0.177719
A00002939,Product 2939,Movies & TV,4,0.153178,0.182968
A00008764,Product 8764,Clothing,4,0.527913,0.178480
A00005159,Product 5159,Electronics,4,0.579821,0.171058
A00001146,Product 1146,Books,4,0.064031,0.183330
A00001972,Product 1972,Books,4,0.504199,0.177278
A00008762,Product 8762,Electronics,4,0.145939,0.181233
A00009205,Product 9205,Clothing,4,0.491977,0.179683
A00004773,Product 4773,Music,4,0.160200,0.174799
A00003400,Product 3400,Music,4,0.921010,0.179477
A00003368,Product 3368,Music,4,0.922475,0.178879
A00005904,Product 5904,Movies & TV,4,0.266312,0.177187
A00006763,Product 6763,Movies & TV,4,0.368316,0.179994
A00006929,Product 6929,Books,4,0.211186,0.176349
A00002979,Product 2979,Clothing,4,0.213254,0.182567
A00006626,Product 6626,Electronics,4,0.499900,0.177549
A00009089,Product 9089,Movies & TV,4,0.907890,0.176268
A00001001,Product 1001,Movies & TV,4,0.798215,0.181655
A00009975,Product 9975,Books,4,0.020477,0.173065
A00000800,Product 800,Clothing,4,0.781264,0.180863
A00006477,Product 6477,Movies & TV,4,0.090408,0.176150
A00006603,Product 6603,Clothing,4,0.662413,0.185631
A00009820,Product 9820,Books,4,0.661478,0.184113
A00005185,Product 5185,Music,4,0.013383,0.178745
A00004995,Product 4995,Electronics,4,0.602717,0.179444
A00003908,Product 3908,Music,4,0.905435,0.177375
A00002524,Product 2524,Music,4,0.428898,0.178232
A00009438,Product 9438,Clothing,4,0.420004,0.176955
A00004172,Product 4172,Books,4,0.112056,0.174658
A00008847,Product 8847,Movies & TV,4,0.552347,0.173929
A00002942,Product 2942,Electronics,4,0.592244,0.179222
A00004533,Product 4533,Music,4,0.154954,0.179573
A00002981,Product 2981,Movies & TV,4,0.490548,0.178032
A00005886,Product 5886,Electronics,4,0.730704,0.175958
A00007571,Product 7571,Movies & TV,4,0.846025,0.179296
A00004224,Product 4224,Music,4,0.972449,0.177504
A00006796,Product 6796,Movies & TV,4,0.918335,0.179670
A00005486,Product 5486,Clothing,4,0.584501,0.176680
A00007495,Product 7495,Music,4,0.588130,0.182537
A00005436,Product 5436,Electronics,4,0.985177,0.178092
A00009500,Product 9500,Books,4,0.049715,0.178700
A00002392,Product 2392,Music,4,0.621031,0.173645
A00006113,Product 6113,Music,4,0.313196,0.179773
A00002042,Product 2042,Music,4,0.628251,0.174390
A00007262,Product 7262,Clothing,4,0.071785,0.181579
A00001045,Product 1045,Electronics,4,0.527149,0.173781
A00003744,Product 3744,Electronics,4,0.195282,0.174817
A00003155,Product 3155,Movies & TV,4,0.981031,0.179486
A00004446,Product 4446,Books,4,0.782352,0.180843
A00007721,Product 7721,Movies & TV,4,0.214420,0.173485
A00006658,Product 6658,Movies & TV,4,0.694393,0.177388
A00002126,Product 2126,Movies & TV,4,0.074833,0.168666
A00002898,Product 2898,Clothing,4,0.868254,0.169621
A00000325,Product 325,Music,4,0.678073,0.177155
A00008797,Product 8797,Electronics,4,0.162839,0.177605
A00003157,Product 3157,Electronics,4,0.147024,0.176761
A00000111,Product 111,Movies & TV,4,0.482723,0.175212
A00004270,Product 4270,Music,4,0.199068,0.172644
A00004087,Product 4087,Clothing,4,0.893551,0.177649
A00000586,Product 586,Electronics,4,0.040755,0.178841
A00003073,Product 3073,Movies & TV,4,0.021159,0.175443
A00003301,Product 3301,Electronics,4,0.561436,0.181141
A00002977,Product 2977,Movies & TV,4,0.582325,0.182704
A00006105,Product 6105,Music,4,0.308277,0.177536
A00007255,Product 7255,Books,4,0.834202,0.178704
A00006633,Product 6633,Music,4,0.567057,0.176870
A00007270,Product 7270,Music,4,0.771922,0.177511
A00001192,Product 1192,Electronics,4,0.694980,0.181352
A00000058,Product 58,Movies & TV,4,0.349075,0.182580
A00006281,Product 6281,Clothing,4,0.613724,0.179319
A00004247,Product 4247,Electronics,4,0.524789,0.175862
A00003292,Product 3292,Clothing,4,0.835325,0.185026
A00003294,Product 3294,Electronics,4,0.895913,0.178678
A00003927,Product 3927,Music,4,0.744987,0.175489
A00009642,Product 9642,Movies & TV,4,0.897896,0.176427
A00002193,Product 2193,Books,4,0.508901,0.180879
A00002521,Product 2521,Electronics,4,0.724561,0.178029
A00002615,Product 2615,Electronics,4,0.399435,0.175983
A00001613,Product 1613,Music,4,0.342708,0.179296
A00000465,Product 465,Movies & TV,4,0.901403,0.176736
A00002790,Product 2790,Movies & TV,4,0.053068,0.178283
A00004989,Product 4989,Electronics,4,0.504995,0.180357
A00006266,Product 6266,Books,4,0.932815,0.179984
A00003506,Product 3506,Music,4,0.970628,0.186014
A00009942,Product 9942,Movies & TV,4,0.494157,0.177155
A00006304,Product 6304,Electronics,4,0.812966,0.176200
A00007659,Product 7659,Clothing,4,0.073985,0.181780
A00004039,Product 4039,Electronics,4,0.461452,0.178089
A00002432,Product 2432,Books,4,0.841994,0.182767
A00004206,Product 4206,Movies & TV,4,0.897720,0.174860
A00000774,Product 774,Clothing,4,0.802152,0.181135
A00006530,Product 6530,Electronics,4,0.381912,0.179049
A00006759,Product 6759,Music,4,0.070386,0.183229
A00007546,Product 7546,Books,4,0.237071,0.178013
A00007367,Product 7367,Music,4,0.733836,0.178280
A00006287,Product 6287,Books,4,0.593896,0.178134
A00005356,Product 5356,Electronics,4,0.625571,0.179049
A00001210,Product 1210,Movies & TV,4,0.604682,0.177049
A00004557,Product 4557,Clothing,4,0.226020,0.170092
A00002345,Product 2345,Music,4,0.512415,0.173745
A00000143,Product 143,Music,4,0.812021,0.179719
A00006320,Product 6320,Clothing,4,0.980826,0.182101
A00005998,Product 5998,Movies & TV,4,0.226701,0.177947
A00006156,Product 6156,Electronics,4,0.534452,0.173455
A00004915,Product 4915,Electronics,4,0.199175,0.176973
A00003003,Product 3003,Movies & TV,4,0.586540,0.179133
A00005350,Product 5350,Electronics,4,0.219790,0.180049
A00008051,Product 8051,Electronics,4,0.181633,0.170425
A00006752,Product 6752,Books,4,0.493239,0.179174
A00000571,Product 571,Music,4,0.859892,0.181711
A00005279,Product 5279,Books,4,0.075854,0.181046
A00001254,Product 1254,Movies & TV,4,0.614866,0.178394
A00003737,Product 3737,Movies & TV,4,0.764642,0.178264
A00000503,Product 503,Books,4,0.093379,0.176545
A00006700,Product 6700,Movies & TV,4,0.982295,0.174955
A00001921,Product 1921,Electronics,4,0.105374,0.176244
A00006771,Product 6771,Electronics,4,0.729241,0.172269
A00009152,Product 9152,Books,4,0.614528,0.180425
A00001647,Product 1647,Books,4,0.656380,0.177312
A00004545,Product 4545,Books,4,0.943570,0.176315
A00000947,Product 947,Music,4,0.061614,0.178950
A00007216,Product 7216,Music,4,0.773015,0.180091
A00005966,Product 5966,Electronics,4,0.790305,0.176418
A00006493,Product 6493,Electronics,4,0.918171,0.181131
A00001727,Product 1727,Clothing,4,0.132024,0.178675
A00002217,Product 2217,Music,4,0.332481,0.177833
A00008210,Product 8210,Electronics,4,0.679055,0.180510
A00006442,Product 6442,Books,4,0.677868,0.176595
A00007961,Product 7961,Books,4,0.536802,0.180628
A00005116,Product 5116,Music,4,0.516753,0.180843
A00000330,Product 330,Movies & TV,4,0.768917,0.182015
A00009798,Product 9798,Books,4,0.367428,0.176402
A00003751,Product 3751,Movies & TV,4,0.399524,0.176729
A00009737,Product 9737,Clothing,4,0.161084,0.180579
A00001996,Product 1996,Electronics,4,0.508513,0.181059
A00004143,Product 4143,Books,4,0.032400,0.183964
A00000352,Product 352,Electronics,4,0.656615,0.176461
A00004466,Product 4466,Books,4,0.881135,0.174177
A00006268,Product 6268,Movies & TV,4,0.396296,0.177937
A00009569,Product 9569,Movies & TV,4,0.996334,0.176999
A00000239,Product 239,Clothing,4,0.415140,0.177212
A00004147,Product 4147,Movies & TV,4,0.164836,0.179696
A00002625,Product 2625,Movies & TV,4,0.249187,0.179309
A00002551,Product 2551,Electronics,4,0.704632,0.176014
A00003238,Product 3238,Books,4,0.484226,0.180605
A00000942,Product 942,Movies & TV,4,0.872229,0.178375
A00003181,Product 3181,Clothing,4,0.951010,0.174982
A00006258,Product 6258,Books,4,0.429496,0.179670
A00000822,Product 822,Books,4,0.814577,0.180644
A00006241,Product 6241,Books,4,0.292489,0.171645
A00009539,Product 9539,Electronics,4,0.722030,0.175921
A00009440,Product 9440,Music,4,0.328551,0.176776
A00007844,Product 7844,Music,4,0.093748,0.181049
A00003393,Product 3393,Music,4,0.651230,0.177180
A00009430,Product 9430,Music,4,0.077205,0.180873
A00008542,Product 8542,Books,4,0.351000,0.177615
A00009633,Product 9633,Electronics,4,0.780508,0.186135
A00002279,Product 2279,Electronics,4,0.345307,0.179184
A00008518,Product 8518,Movies & TV,4,0.916949,0.177356
A00004896,Product 4896,Music,4,0.873999,0.177542
A00007360,Product 7360,Electronics,4,0.177244,0.177489
A00009919,Product 9919,Books,4,0.106742,0.176736
A00004743,Product 4743,Books,4,0.532029,0.178803
A00006192,Product 6192,Movies & TV,4,0.724604,0.175800
A00005681,Product 5681,Books,4,0.747742,0.179858
A00002410,Product 2410,Clothing,4,0.845499,0.176244
A00000463,Product 463,Electronics,4,0.967106,0.175890
A00001769,Product 1769,Movies & TV,4,0.295348,0.175443
A00002063,Product 2063,Music,4,0.937088,0.176446
A00000276,Product 276,Music,4,0.856463,0.179832
A00000400,Product 400,Electronics,4,0.381477,0.182360
A00002969,Product 2969,Electronics,4,0.183321,0.180130
A00007560,Product 7560,Music,4,0.584089,0.179284
A00008687,Product 8687,Clothing,4,0.314785,0.177877
A00003778,Product 3778,Books,4,0.436562,0.178461
A00007470,Product 7470,Clothing,4,0.792752,0.174341
A00004999,Product 4999,Movies & TV,4,0.045566,0.179187
A00008616,Product 8616,Clothing,4,0.183522,0.178554
A00000786,Product 786,Books,4,0.233884,0.174217
A00002166,Product 2166,Books,4,0.914880,0.176633
A00009572,Product 9572,Clothing,4,0.225536,0.182784
A00008421,Product 8421,Electronics,4,0.568434,0.182287
A00006737,Product 6737,Books,4,0.313417,0.172644
A00004049,Product 4049,Music,4,0.726392,0.179329
A00000431,Product 431,Books,4,0.170445,0.175689
A00002582,Product 2582,Music,4,0.896821,0.175433
A00006050,Product 6050,Electronics,4,0.644876,0.173089
A00006960,Product 6960,Books,4,0.631615,0.174863
A00005962,Product 5962,Movies & TV,4,0.747399,0.176673
A00004529,Product 4529,Electronics,4,0.256085,0.174123
A00007430,Product 7430,Clothing,4,0.716561,0.178889
A00005987,Product 5987,Books,4,0.132647,0.178143
A00005290,Product 5290,Movies & TV,4,0.762575,0.177423
A00009331,Product 9331,Books,4,0.090702,0.181503
A00005515,Product 5515,Movies & TV,4,0.906632,0.179880
A00008844,Product 8844,Clothing,4,0.333751,0.173176
A00000499,Product 499,Electronics,4,0.511674,0.177580
A00008819,Product 8819,Books,4,0.129361,0.175455
A00008115,Product 8115,Electronics,4,0.290472,0.180628
A00008586,Product 8586,Books,4,0.799978,0.182794
A00009257,Product 9257,Books,4,0.501298,0.178751
A00009443,Product 9443,Movies & TV,4,0.537060,0.181701
A00000703,Product 703,Electronics,4,0.488412,0.183102
A00009349,Product 9349,Music,4,0.522956,0.177413
A00009794,Product 9794,Music,4,0.838508,0.180221
A00007196,Product 7196,Movies & TV,4,0.298090,0.179335
A00009782,Product 9782,Electronics,4,0.517416,0.176601
A00004575,Product 4575,Movies & TV,4,0.851492,0.176443
A00005880,Product 5880,Electronics,4,0.935396,0.174402
A00001203,Product 1203,Clothing,4,0.406257,0.176555
A00008535,Product 8535,Books,4,0.856995,0.177378
A00009973,Product 9973,Electronics,4,0.145814,0.177224
A00000144,Product 144,Electronics,4,0.259462,0.173908
A00004683,Product 4683,Movies & TV,4,0.957058,0.170367
A00007570,Product 7570,Movies & TV,4,0.743218,0.178959
A00005474,Product 5474,Electronics,4,0.977467,0.178194
A00009017,Product 9017,Movies & TV,4,0.310136,0.169248
A00006693,Product 6693,Music,4,0.297746,0.178598
A00003694,Product 3694,Clothing,4,0.818469,0.175831
A00007281,Product 7281,Movies & TV,4,0.452892,0.180169
A00003717,Product 3717,Books,4,0.828529,0.182760
A00004652,Product 4652,Music,4,0.996616,0.177479
A00002776,Product 2776,Clothing,4,0.318814,0.173726
A00003900,Product 3900,Books,4,0.982633,0.186569
A00005833,Product 5833,Books,4,0.944705,0.177779
A00002483,Product 2483,Clothing,4,0.420210,0.178318
A00001695,Product 1695,Electronics,4,0.006799,0.182830
A00006552,Product 6552,Electronics,4,0.121351,0.179870
A00001164,Product 1164,Books,4,0.487363,0.177763
A00006292,Product 6292,Movies & TV,4,0.179839,0.175148
A00007957,Product 7957,Movies & TV,4,0.157426,0.182257
A00000833,Product 833,Books,4,0.834375,0.171813
A00000300,Product 300,Books,4,0.883155,0.181269
A00001406,Product 1406,Music,4,0.470052,0.179838
A00002382,Product 2382,Electronics,4,0.455131,0.179104
A00003021,Product 3021,Movies & TV,4,0.359631,0.177608
A00008395,Product 8395,Movies & TV,4,0.319242,0.171227
A00009792,Product 9792,Electronics,4,0.906859,0.181949
A00008564,Product 8564,Movies & TV,4,0.493623,0.175788
A00003661,Product 3661,Clothing,4,0.150443,0.176773
A00004754,Product 4754,Clothing,4,0.978488,0.175884
A00006337,Product 6337,Music,4,0.055578,0.180234
A00003199,Product 3199,Electronics,4,0.441201,0.176692
A00005072,Product 5072,Electronics,4,0.816570,0.181595
A00000695,Product 695,Electronics,4,0.347925,0.178761
A00002557,Product 2557,Movies & TV,4,0.867094,0.180338
A00009865,Product 9865,Music,4,0.162094,0.180383
A00002113,Product 2113,Electronics,4,0.992539,0.178293
A00003125,Product 3125,Movies & TV,4,0.973190,0.178096
A00002681,Product 2681,Music,4,0.342220,0.183072
A00003182,Product 3182,Music,4,0.141189,0.179786
A00007783,Product 7783,Clothing,4,0.473055,0.178197
A00009362,Product 9362,Music,4,0.274934,0.181589
A00003639,Product 3639,Books,4,0.036223,0.173005
A00001703,Product 1703,Music,4,0.276479,0.180256
A00001632,Product 1632,Electronics,4,0.099957,0.181572
A00004480,Product 4480,Movies & TV,4,0.695577,0.176085
A00000063,Product 63,Movies & TV,4,0.751948,0.182567
A00000551,Product 551,Books,4,0.340251,0.180000
A00006406,Product 6406,Music,4,0.550318,0.178229
A00007302,Product 7302,Music,4,0.620717,0.175363
A00003635,Product 3635,Electronics,4,0.896412,0.177795
A00005696,Product 5696,Books,4,0.551874,0.181010
A00006829,Product 6829,Books,4,0.785973,0.177413
A00001943,Product 1943,Books,4,0.166036,0.171014
A00007137,Product 7137,Clothing,4,0.812096,0.174582
A00004814,Product 4814,Electronics,4,0.277233,0.173494
A00006994,Product 6994,Books,4,0.370967,0.174256
A00009473,Product 9473,Clothing,4,0.996454,0.174899
A00000740,Product 740,Electronics,4,0.049555,0.178261
A00009743,Product 9743,Books,4,0.286440,0.173164
A00006835,Product 6835,Electronics,4,0.911222,0.171175
A00004378,Product 4378,Books,4,0.175580,0.179345
A00008868,Product 8868,Music,4,0.213011,0.184008
A00000099,Product 99,Books,4,0.778241,0.182364
A00003209,Product 3209,Movies & TV,4,0.119857,0.176648
A00005859,Product 5859,Clothing,4,0.022957,0.175624
A00002894,Product 2894,Music,4,0.744128,0.177378
A00004409,Product 4409,Music,4,0.538455,0.171536
A00007824,Product 7824,Books,4,0.366963,0.176284
A00009964,Product 9964,Books,4,0.092459,0.178032
A00007731,Product 7731,Electronics,4,0.977196,0.180494
A00005553,Product 5553,Movies & TV,4,0.254754,0.178854
A00007919,Product 7919,Electronics,4,0.446931,0.182563
A00002530,Product 2530,Electronics,4,0.792270,0.179793
A00009869,Product 9869,Clothing,4,0.667626,0.174530
A00004297,Product 4297,Clothing,4,0.206712,0.177369
A00003579,Product 3579,Electronics,4,0.726657,0.173080
A00000147,Product 147,Music,4,0.672448,0.174939
A00003522,Product 3522,Electronics,4,0.992821,0.179139
A00004985,Product 4985,Movies & TV,4,0.371509,0.177966
A00001679,Product 1679,Music,4,0.584926,0.177675
A00008813,Product 8813,Clothing,4,0.075806,0.179011
A00006643,Product 6643,Clothing,4,0.778172,0.177807
A00003196,Product 3196,Music,4,0.444275,0.179460
A00006180,Product 6180,Clothing,4,0.119366,0.177275
A00002116,Product 2116,Books,4,0.045598,0.180987
A00009192,Product 9192,Clothing,4,0.927588,0.176368
A00004551,Product 4551,Movies & TV,4,0.232291,0.179062
A00000364,Product 364,Books,4,0.329263,0.174539
A00009223,Product 9223,Clothing,4,0.340747,0.176247
A00004866,Product 4866,Music,4,0.720797,0.180491
A00005947,Product 5947,Electronics,4,0.117318,0.173787
A00002412,Product 2412,Clothing,4,0.427595,0.176548
A00008030,Product 8030,Movies & TV,4,0.477104,0.179480
A00001176,Product 1176,Books,4,0.922030,0.184103
A00000405,Product 405,Electronics,4,0.385130,0.177728
A00001290,Product 1290,Books,4,0.591977,0.177823
A00006968,Product 6968,Clothing,4,0.215151,0.173642
A00004763,Product 4763,Movies & TV,4,0.130906,0.178143
A00001670,Product 1670,Books,4,0.311954,0.177190
A00008058,Product 8058,Books,4,0.730031,0.178764
A00006494,Product 6494,Books,4,0.126996,0.176492
A00007053,Product 7053,Clothing,4,0.023237,0.175363
A00009888,Product 9888,Electronics,4,0.136513,0.171680
A00003418,Product 3418,Electronics,4,0.536321,0.181036
A00005691,Product 5691,Movies & TV,4,0.369273,0.178585
A00001218,Product 1218,Movies & TV,4,0.739216,0.179152
A00006461,Product 6461,Music,4,0.778550,0.175258
A00000440,Product 440,Electronics,4,0.818205,0.177067
A00001328,Product 1328,Clothing,4,0.743346,0.177741
A00006843,Product 6843,Clothing,4,0.763969,0.175249
A00001402,Product 1402,Clothing,4,0.603440,0.172266
A00007420,Product 7420,Clothing,4,0.913932,0.180266
A00008931,Product 8931,Electronics,4,0.511812,0.172141
A00006378,Product 6378,Clothing,4,0.459483,0.172020
A00003192,Product 3192,Movies & TV,4,0.408214,0.177221
A00007619,Product 7619,Clothing,4,0.517655,0.182068
A00004721,Product 4721,Music,4,0.676514,0.174759
A00009326,Product 9326,Books,4,0.715749,0.179528
A00005481,Product 5481,Movies & TV,4,0.703962,0.175763
A00001267,Product 1267,Movies & TV,4,0.602779,0.177637
A00002106,Product 2106,Music,4,0.233348,0.179903
A00003068,Product 3068,Electronics,4,0.292087,0.175865
A00006739,Product 6739,Movies & TV,4,0.174467,0.170500
A00000136,Product 136,Electronics,4,0.869310,0.182917
A00005786,Product 5786,Movies & TV,4,0.920232,0.177388
A00001078,Product 1078,Clothing,4,0.519103,0.177467
A00008619,Product 8619,Music,4,0.000163,0.180784
A00008229,Product 8229,Music,4,0.908709,0.177174
A00002095,Product 2095,Clothing,4,0.149675,0.181082
A00007206,Product 7206,Books,4,0.987849,0.178995
A00001132,Product 1132,Movies & TV,4,0.092488,0.174710
A00003806,Product 3806,Books,4,0.247038,0.175634
A00002989,Product 2989,Clothing,4,0.930889,0.178979
A00004227,Product 4227,Music,4,0.215964,0.181168
A00003734,Product 3734,Books,4,0.996351,0.180250
A00005323,Product 5323,Music,4,0.132897,0.176983
A00006420,Product 6420,Music,4,0.089492,0.178531
A00002436,Product 2436,Clothing,4,0.452202,0.175890
A00008176,Product 8176,Books,4,0.488478,0.176748
A00002489,Product 2489,Music,4,0.075427,0.178146
A00002472,Product 2472,Electronics,4,0.896811,0.177096
A00005050,Product 5050,Books,4,0.842446,0.182527
A00007434,Product 7434,Clothing,4,0.001828,0.175120
A00003500,Product 3500,Clothing,4,0.277479,0.177555
A00007956,Product 7956,Movies & TV,4,0.437082,0.175194
A00001521,Product 1521,Books,4,0.931658,0.181401
A00003847,Product 3847,Music,4,0.170590,0.181131
A00004675,Product 4675,Movies & TV,4,0.568834,0.180484
A00002454,Product 2454,Electronics,4,0.628472,0.181651
A00004236,Product 4236,Books,4,0.984497,0.178356
A00008411,Product 8411,Music,4,0.026321,0.175523
A00008352,Product 8352,Movies & TV,4,0.164671,0.176477
A00000935,Product 935,Electronics,4,0.659422,0.175141
A00006172,Product 6172,Clothing,4,0.522761,0.179020
A00009330,Product 9330,Music,4,0.450776,0.179284
A00009346,Product 9346,Clothing,4,0.571766,0.173029
A00003532,Product 3532,Clothing,4,0.311915,0.182131
A00009619,Product 9619,Music,4,0.015904,0.177615
A00002371,Product 2371,Electronics,4,0.481317,0.179493
A00002389,Product 2389,Music,4,0.645790,0.177441
A00006450,Product 6450,Movies & TV,4,0.099381,0.174147
A00008119,Product 8119,Electronics,4,0.569336,0.177388
A00007686,Product 7686,Movies & TV,4,0.342109,0.177212
A00005766,Product 5766,Books,4,0.199987,0.168461
A00003954,Product 3954,Music,4,0.172549,0.180152
A00008912,Product 8912,Movies & TV,4,0.038238,0.179744
A00003178,Product 3178,Music,4,0.164999,0.179374
A00003832,Product 3832,Clothing,4,0.829144,0.172620
A00005990,Product 5990,Movies & TV,4,0.837056,0.177681
A00001958,Product 1958,Clothing,4,0.393338,0.181797
A00007640,Product 7640,Music,4,0.062138,0.176122
A00009565,Product 9565,Electronics,4,0.220754,0.177621
A00001933,Product 1933,Books,4,0.426419,0.176209
A00004485,Product 4485,Books,4,0.140166,0.176076
A00000699,Product 699,Clothing,4,0.690252,0.186323
A00005569,Product 5569,Movies & TV,4,0.900268,0.175760
A00000602,Product 602,Movies & TV,4,0.690224,0.175940
A00006716,Product 6716,Music,4,0.722771,0.175708
A00001260,Product 1260,Music,4,0.576237,0.177338
A00003892,Product 3892,Clothing,4,0.306423,0.177250
A00008873,Product 8873,Electronics,4,0.409469,0.181079
A00003932,Product 3932,Music,4,0.757477,0.183317
A00005557,Product 5557,Electronics,4,0.606431,0.174958
A00006606,Product 6606,Books,4,0.887523,0.176717
A00008521,Product 8521,Clothing,4,0.253544,0.177709
A00008853,Product 8853,Electronics,4,0.989437,0.175138
A00006273,Product 6273,Clothing,4,0.080605,0.183859
A00001946,Product 1946,Electronics,4,0.276596,0.176676
A00000710,Product 710,Books,4,0.855291,0.182174
A00007460,Product 7460,Movies & TV,4,0.395110,0.177366
A00001332,Product 1332,Electronics,4,0.073923,0.175019
A00002058,Product 2058,Books,4,0.713326,0.178312
A00006335,Product 6335,Clothing,4,0.217026,0.177795
A00001127,Product 1127,Clothing,4,0.034084,0.176748
A00005828,Product 5828,Music,4,0.619707,0.182174
A00005098,Product 5098,Music,4,0.488018,0.176892
A00002674,Product 2674,Books,4,0.398198,0.179271
A00004828,Product 4828,Electronics,4,0.333364,0.180188
A00006538,Product 6538,Movies & TV,4,0.963360,0.174089
A00000666,Product 666,Clothing,4,0.660367,0.182317
A00006923,Product 6923,Books,4,0.369964,0.180305
A00003733,Product 3733,Music,4,0.585513,0.177400
A00005852,Product 5852,Books,4,0.482407,0.177281
A00004499,Product 4499,Electronics,4,0.968578,0.182410
A00003636,Product 3636,Books,4,0.118794,0.174220
A00007336,Product 7336,Electronics,4,0.447393,0.181533
A00000429,Product 429,Movies & TV,4,0.000184,0.177284
A00006362,Product 6362,Music,4,0.528584,0.178432
A00006741,Product 6741,Books,4,0.964625,0.179974
A00001366,Product 1366,Books,4,0.410036,0.180065
A00006689,Product 6689,Clothing,4,0.883711,0.181355
A00007809,Product 7809,Books,4,0.322124,0.182018
A00009627,Product 9627,Electronics,4,0.663633,0.182002
A00005428,Product 5428,Electronics,4,0.107525,0.175977
A00000623,Product 623,Books,4,0.908652,0.173002
A00006089,Product 6089,Books,4,0.577089,0.179435
A00008906,Product 8906,Books,4,0.139121,0.178656
A00008732,Product 8732,Clothing,4,0.564950,0.176496
A00004843,Product 4843,Clothing,4,0.651165,0.180794
A00003070,Product 3070,Music,4,0.670357,0.181856
A00002486,Product 2486,Movies & TV,4,0.249823,0.173323
A00000255,Product 255,Books,4,0.928750,0.178258
A00004657,Product 4657,Electronics,4,0.870037,0.176197
A00009758,Product 9758,Clothing,4,0.387259,0.176219
A00005883,Product 5883,Books,4,0.272836,0.176720
A00000738,Product 738,Books,4,0.421848,0.172793
A00002111,Product 2111,Clothing,4,0.920998,0.180598
A00002836,Product 2836,Movies & TV,4,0.399316,0.184059
A00003857,Product 3857,Clothing,4,0.740639,0.173893
A00009491,Product 9491,Music,4,0.223782,0.180706
A00006751,Product 6751,Electronics,4,0.780872,0.173167
A00004204,Product 4204,Music,4,0.079972,0.177250
A00009842,Product 9842,Clothing,4,0.021057,0.169377
A00008267,Product 8267,Electronics,4,0.296319,0.173862
A00002718,Product 2718,Books,4,0.673340,0.168899
A00000042,Product 42,Music,4,0.492771,0.178963
A00000205,Product 205,Music,4,0.198225,0.178694
A00009112,Product 9112,Movies & TV,4,0.452746,0.180120
A00005293,Product 5293,Electronics,4,0.559495,0.173802
A00003450,Product 3450,Movies & TV,4,0.952976,0.183142
A00002658,Product 2658,Music,4,0.131598,0.180722
A00002478,Product 2478,Movies & TV,4,0.017388,0.178716
A00003526,Product 3526,Clothing,4,0.355737,0.185239
A00006201,Product 6201,Clothing,4,0.947491,0.177953
A00000090,Product 90,Movies & TV,4,0.528896,0.173642
A00005543,Product 5543,Music,4,0.318228,0.179635
A00000995,Product 995,Books,4,0.010028,0.179287
A00003869,Product 3869,Movies & TV,4,0.103540,0.178102
A00007225,Product 7225,Electronics,4,0.684878,0.173609
A00003240,Product 3240,Clothing,4,0.755363,0.182867
A00000473,Product 473,Books,4,0.392138,0.176573
A00008538,Product 8538,Movies & TV,4,0.910351,0.181187
A00000395,Product 395,Books,4,0.320104,0.180321
A00003098,Product 3098,Electronics,4,0.156200,0.183145
A00000758,Product 758,Movies & TV,4,0.578198,0.172730
A00002437,Product 2437,Books,4,0.712943,0.173104
A00003061,Product 3061,Music,4,0.137723,0.171213
A00008453,Product 8453,Electronics,4,0.826630,0.178067
A00003137,Product 3137,Movies & TV,4,0.047222,0.176256
A00003030,Product 3030,Movies & TV,4,0.417818,0.180592
A00002049,Product 2049,Electronics,4,0.149524,0.178039
A00005513,Product 5513,Movies & TV,4,0.302793,0.180739
A00007666,Product 7666,Music,4,0.116920,0.177331
A00001945,Product 1945,Movies & TV,4,0.858269,0.173485
A00002932,Product 2932,Electronics,4,0.771040,0.178391
A00004752,Product 4752,Clothing,4,0.710838,0.182473
A00008929,Product 8929,Music,4,0.318496,0.179609
A00005125,Product 5125,Movies & TV,4,0.816746,0.181207
A00009176,Product 9176,Electronics,4,0.735043,0.173874
A00001792,Product 1792,Clothing,4,0.277997,0.176337
A00008204,Product 8204,Electronics,4,0.538245,0.177725
A00006204,Product 6204,Movies & TV,4,0.310362,0.176216
A00003573,Product 3573,Electronics,4,0.966091,0.182968
A00007192,Product 7192,Books,4,0.442035,0.180439
A00003634,Product 3634,Movies & TV,4,0.865666,0.179848
A00005410,Product 5410,Movies & TV,4,0.408448,0.179551
A00000720,Product 720,Music,4,0.414578,0.179731
A00009070,Product 9070,Movies & TV,4,0.325437,0.178293
A00003833,Product 3833,Electronics,4,0.766230,0.175909
A00003088,Product 3088,Books,4,0.479340,0.182320
A00009711,Product 9711,Electronics,4,0.584202,0.179828
A00000974,Product 974,Electronics,4,0.304445,0.179477
A00001293,Product 1293,Clothing,4,0.685403,0.180628
A00008418,Product 8418,Clothing,4,0.562162,0.174114
A00007408,Product 7408,Books,4,0.133268,0.177526
A00001823,Product 1823,Clothing,4,0.119663,0.177962
A00000269,Product 269,Electronics,4,0.314198,0.174326
A00007176,Product 7176,Clothing,4,0.382973,0.182291
A00004981,Product 4981,Books,4,0.784552,0.174014
A00007791,Product 7791,Clothing,4,0.089323,0.174652
A00004692,Product 4692,Electronics,4,0.680730,0.174704
A00004523,Product 4523,Electronics,4,0.854514,0.176206
A00000367,Product 367,Electronics,4,0.305299,0.173491
A00003762,Product 3762,Electronics,4,0.553450,0.182557
A00005494,Product 5494,Books,4,0.039396,0.180331
A00003231,Product 3231,Music,4,0.436411,0.176527
A00001655,Product 1655,Movies & TV,4,0.656425,0.176343
A00003408,Product 3408,Electronics,4,0.724861,0.175043
A00006217,Product 6217,Movies & TV,4,0.545021,0.175440
A00008196,Product 8196,Music,4,0.292342,0.178184
A00004375,Product 4375,Electronics,4,0.142051,0.179945
A00002175,Product 2175,Movies & TV,4,0.183974,0.181480
A00008094,Product 8094,Movies & TV,4,0.349772,0.173209
A00000201,Product 201,Electronics,4,0.751783,0.179790
A00009259,Product 9259,Books,4,0.074848,0.183825
A00001354,Product 1354,Music,4,0.911236,0.181552
A00007526,Product 7526,Books,4,0.756787,0.175427
A00006426,Product 6426,Music,4,0.292945,0.176299
A00008683,Product 8683,Movies & TV,4,0.707005,0.177149
A00007538,Product 7538,Electronics,4,0.978609,0.180188
A00009066,Product 9066,Movies & TV,4,0.374097,0.184654
A00003428,Product 3428,Movies & TV,4,0.858370,0.182344
A00003853,Product 3853,Music,4,0.597265,0.178417
A00003982,Product 3982,Clothing,4,0.217819,0.176079
A00008719,Product 8719,Movies & TV,4,0.210429,0.177353
A00007586,Product 7586,Movies & TV,4,0.572670,0.174408
A00000599,Product 599,Clothing,4,0.982670,0.175004
A00006822,Product 6822,Electronics,4,0.383530,0.173035
A00006396,Product 6396,Electronics,4,0.498376,0.175313
A00009132,Product 9132,Music,4,0.651567,0.177871
A00007894,Product 7894,Music,4,0.488103,0.173878
A00009007,Product 9007,Music,4,0.082915,0.177981
A00000535,Product 535,Movies & TV,4,0.008846,0.175332
A00005684,Product 5684,Clothing,4,0.545250,0.176839
A00001813,Product 1813,Books,4,0.242588,0.171716
A00008832,Product 8832,Books,4,0.804042,0.178251
A00007085,Product 7085,Books,4,0.130430,0.178573
A00007887,Product 7887,Clothing,4,0.568145,0.180234
A00009207,Product 9207,Books,4,0.007247,0.176020
A00001906,Product 1906,Electronics,4,0.903981,0.175218
A00003687,Product 3687,Movies & TV,4,0.184616,0.173392
A00004301,Product 4301,Clothing,4,0.842394,0.175878
A00007113,Product 7113,Clothing,4,0.888781,0.182168
A00007091,Product 7091,Books,4,0.062941,0.181533
A00007780,Product 7780,Movies & TV,4,0.806495,0.178570
A00001241,Product 1241,Movies & TV,4,0.444969,0.175286
A00000078,Product 78,Clothing,4,0.732165,0.178242
A00008129,Product 8129,Music,4,0.278359,0.174615
A00009530,Product 9530,Electronics,4,0.318743,0.176676
A00009678,Product 9678,Movies & TV,4,0.794881,0.185569
A00007581,Product 7581,Music,4,0.733715,0.174780
A00007403,Product 7403,Movies & TV,4,0.682941,0.179210
A00005774,Product 5774,Clothing,4,0.236545,0.173696
A00009427,Product 9427,Clothing,4,0.575503,0.175807
A00002766,Product 2766,Books,4,0.069769,0.177602
A00007411,Product 7411,Clothing,4,0.129546,0.175856
A00007504,Product 7504,Clothing,4,0.267954,0.178547
A00002893,Product 2893,Books,4,0.021941,0.177580
A00004724,Product 4724,Clothing,4,0.747013,0.176723
A00008341,Product 8341,Clothing,4,0.838468,0.174560
A00006917,Product 6917,Clothing,4,0.806218,0.177855
A00001211,Product 1211,Music,4,0.281875,0.183051
A00005933,Product 5933,Movies & TV,4,0.522709,0.165555
A00008857,Product 8857,Music,4,0.384146,0.171222
A00005012,Product 5012,Music,4,0.294599,0.176689
A00008487,Product 8487,Electronics,4,0.529258,0.178589
A00002764,Product 2764,Electronics,4,0.427978,0.176895
A00003542,Product 3542,Music,4,0.377188,0.183058
A00004170,Product 4170,Electronics,4,0.068189,0.179348
A00003327,Product 3327,Movies & TV,4,0.368784,0.176237
A00004521,Product 4521,Clothing,4,0.785473,0.176138
A00004465,Product 4465,Electronics,4,0.406445,0.176973
A00007422,Product 7422,Movies & TV,4,0.162371,0.181665
A00004152,Product 4152,Music,4,0.281994,0.178643
A00006832,Product 6832,Music,4,0.479930,0.179255
A00008022,Product 8022,Music,4,0.568433,0.182894
A00003080,Product 3080,Movies & TV,4,0.241153,0.177662
A00001833,Product 1833,Books,4,0.796703,0.179564
A00006356,Product 6356,Electronics,4,0.086233,0.177991
A00003354,Product 3354,Clothing,4,0.619771,0.172751
A00005173,Product 5173,Electronics,4,0.523246,0.179261
A00007288,Product 7288,Clothing,4,0.220473,0.180977
A00007578,Product 7578,Books,4,0.773246,0.179819
A00001605,Product 1605,Music,4,0.386912,0.178605
A00003538,Product 3538,Movies & TV,4,0.240016,0.175791
A00004397,Product 4397,Music,4,0.985834,0.172572
A00000262,Product 262,Music,4,0.720537,0.179030
A00007987,Product 7987,Movies & TV,4,0.368722,0.180260
A00003370,Product 3370,Electronics,4,0.815885,0.177953
A00000815,Product 815,Movies & TV,4,0.140632,0.178995
A00006294,Product 6294,Electronics,4,0.291445,0.179451
A00007118,Product 7118,Electronics,4,0.159547,0.177250
A00005849,Product 5849,Music,4,0.321280,0.175332
A00004417,Product 4417,Clothing,4,0.195999,0.176371
A00007305,Product 7305,Books,4,0.921600,0.181053
A00006235,Product 6235,Electronics,4,0.516545,0.175729
A00000277,Product 277,Clothing,4,0.600910,0.184344
A00002157,Product 2157,Electronics,4,0.035232,0.178694
A00007923,Product 7923,Electronics,4,0.985765,0.182680
A00003133,Product 3133,Movies & TV,4,0.949804,0.175080
A00000391,Product 391,Books,4,0.170596,0.177209
A00005652,Product 5652,Music,4,0.108058,0.177621
A00000290,Product 290,Books,4,0.419116,0.179052
A00003580,Product 3580,Books,4,0.862731,0.172477
A00000046,Product 46,Electronics,4,0.501641,0.179806
A00006850,Product 6850,Music,4,0.799629,0.182284
A00003149,Product 3149,Electronics,4,0.197007,0.180533
A00009705,Product 9705,Books,4,0.349802,0.176011
A00003723,Product 3723,Electronics,4,0.671489,0.176203
A00004442,Product 4442,Electronics,4,0.235321,0.180347
A00004716,Product 4716,Movies & TV,4,0.514323,0.177190
A00007866,Product 7866,Movies & TV,4,0.183353,0.179171
A00002228,Product 2228,Movies & TV,4,0.721668,0.180912
A00005124,Product 5124,Books,4,0.291898,0.177378
A00004275,Product 4275,Electronics,4,0.052296,0.174290
A00008621,Product 8621,Books,4,0.582662,0.175683
A00001251,Product 1251,Music,4,0.613882,0.175099
A00005727,Product 5727,Electronics,4,0.930187,0.175458
A00004554,Product 4554,Music,4,0.687163,0.181684
A00008908,Product 8908,Clothing,4,0.166563,0.175776
A00006134,Product 6134,Movies & TV,4,0.504028,0.174457
A00003612,Product 3612,Clothing,4,0.782677,0.178828
A00009189,Product 9189,Movies & TV,4,0.767646,0.176492
A00001417,Product 1417,Movies & TV,4,0.873416,0.177250
A00007079,Product 7079,Clothing,4,0.046333,0.178308
A00003025,Product 3025,Books,4,0.805476,0.178458
A00000566,Product 566,Movies & TV,4,0.499553,0.173935
A00006100,Product 6100,Clothing,4,0.563645,0.178515
A00008443,Product 8443,Electronics,4,0.453964,0.179738
A00000747,Product 747,Books,4,0.768561,0.175831
A00008128,Product 8128,Electronics,4,0.207354,0.178678
A00005725,Product 5725,Clothing,4,0.171172,0.181566
A00003495,Product 3495,Music,4,0.139451,0.179984
A00009095,Product 9095,Movies & TV,4,0.618161,0.178688
A00004787,Product 4787,Books,4,0.693026,0.177140
A00005313,Product 5313,Clothing,4,0.912861,0.177341
A00006433,Product 6433,Clothing,4,0.267152,0.176464
A00009242,Product 9242,Music,4,0.451111,0.177027
A00005270,Product 5270,Electronics,4,0.159028,0.177991
A00000392,Product 392,Movies & TV,4,0.961185,0.181118
A00005355,Product 5355,Movies & TV,4,0.593558,0.183236
A00004574,Product 4574,Music,4,0.159954,0.180003
A00001360,Product 1360,Clothing,4,0.199852,0.176980
A00003772,Product 3772,Books,4,0.816748,0.170678
A00009246,Product 9246,Electronics,4,0.652700,0.175387
A00001614,Product 1614,Music,4,0.882644,0.174515
A00008669,Product 8669,Music,4,0.840621,0.173332
A00008489,Product 8489,Movies & TV,4,0.072504,0.174988
A00008646,Product 8646,Clothing,4,0.374831,0.178592
A00006617,Product 6617,Music,4,0.144623,0.181145
A00005641,Product 5641,Electronics,4,0.757300,0.180377
A00006856,Product 6856,Music,4,0.055764,0.179104
A00004884,Product 4884,Music,4,0.837116,0.181181
A00005457,Product 5457,Electronics,4,0.717640,0.181384
A00003625,Product 3625,Music,4,0.569278,0.178630
A00006675,Product 6675,Books,4,0.004231,0.180497
A00006080,Product 6080,Clothing,4,0.276466,0.176259
A00003179,Product 3179,Clothing,4,0.440985,0.177555
A00006054,Product 6054,Clothing,4,0.733218,0.175875
A00002669,Product 2669,Music,4,0.217182,0.180139
A00008249,Product 8249,Music,4,0.142365,0.183333
A00001929,Product 1929,Movies & TV,4,0.286163,0.176200
A00002002,Product 2002,Movies & TV,4,0.785459,0.169291
A00006906,Product 6906,Clothing,4,0.300831,0.177962
A00003758,Product 3758,Music,4,0.115855,0.178697
A00005653,Product 5653,Books,4,0.915228,0.176517
A00008182,Product 8182,Music,4,0.196098,0.175974
A00004419,Product 4419,Movies & TV,4,0.865849,0.182954
A00007871,Product 7871,Clothing,4,0.286061,0.176383
A00004784,Product 4784,Clothing,4,0.718151,0.179380
A00000351,Product 351,Clothing,4,0.094374,0.177350
A00004300,Product 4300,Movies & TV,4,0.593931,0.182911
A00008166,Product 8166,Electronics,4,0.328081,0.176188
A00000718,Product 718,Music,4,0.197071,0.178995
A00007469,Product 7469,Clothing,4,0.113552,0.174165
A00008710,Product 8710,Electronics,4,0.861053,0.174372
A00003642,Product 3642,Music,4,0.585200,0.180071
A00004531,Product 4531,Clothing,4,0.281438,0.177788
A00004890,Product 4890,Books,4,0.677554,0.179777
A00008156,Product 8156,Electronics,4,0.077772,0.183636
A00003151,Product 3151,Clothing,4,0.555045,0.179287
A00006509,Product 6509,Electronics,4,0.501079,0.174059
A00006854,Product 6854,Movies & TV,4,0.918779,0.175316
A00009148,Product 9148,Clothing,4,0.078118,0.177356
A00000490,Product 490,Books,4,0.188064,0.181780
A00003433,Product 3433,Music,4,0.535809,0.176172
A00009599,Product 9599,Movies & TV,4,0.802570,0.181408
A00000017,Product 17,Movies & TV,4,0.283970,0.173107
A00000118,Product 118,Books,4,0.495236,0.176901
A00009841,Product 9841,Movies & TV,4,0.200448,0.178073
A00002800,Product 2800,Books,4,0.921442,0.184133
A00006205,Product 6205,Clothing,4,0.978773,0.170141
A00005244,Product 5244,Books,4,0.061830,0.179638
A00006838,Product 6838,Electronics,4,0.224787,0.179686
A00004456,Product 4456,Movies & TV,4,0.191993,0.177309
A00005682,Product 5682,Electronics,4,0.780307,0.176545
A00005479,Product 5479,Electronics,4,0.978943,0.173335
A00002255,Product 2255,Clothing,4,0.708868,0.173167
A00007332,Product 7332,Clothing,4,0.905678,0.176564
A00004755,Product 4755,Clothing,4,0.684020,0.177177
A00003356,Product 3356,Music,4,0.223478,0.177470
A00004877,Product 4877,Books,4,0.705115,0.184096
A00008754,Product 8754,Books,4,0.283750,0.176911
A00008090,Product 8090,Electronics,4,0.537556,0.177912
A00003959,Product 3959,Movies & TV,4,0.051733,0.172269
A00004394,Product 4394,Books,4,0.748203,0.173065
A00001941,Product 1941,Movies & TV,4,0.053650,0.180817
A00007930,Product 7930,Clothing,4,0.335160,0.175307
A00001371,Product 1371,Music,4,0.792581,0.181853
A00000801,Product 801,Movies & TV,4,0.554740,0.177372
A00000195,Product 195,Music,4,0.648202,0.180088
A00004286,Product 4286,Music,4,0.598112,0.174144
A00005225,Product 5225,Books,4,0.524059,0.178000
A00009953,Product 9953,Electronics,4,0.715800,0.178356
A00005426,Product 5426,Music,4,0.924138,0.171504
A00008353,Product 8353,Music,4,0.246631,0.175301
A00002639,Product 2639,Movies & TV,4,0.976484,0.179024
A00009801,Product 9801,Music,4,0.021899,0.186333
A00005189,Product 5189,Books,4,0.087911,0.181200
A00001022,Product 1022,Clothing,4,0.124299,0.175326
A00007833,Product 7833,Music,4,0.374102,0.178640
A00000323,Product 323,Books,4,0.405074,0.176598
A00000948,Product 948,Movies & TV,4,0.538506,0.179325
A00009191,Product 9191,Movies & TV,4,0.569240,0.179577
A00004664,Product 4664,Movies & TV,4,0.947671,0.176967
A00007575,Product 7575,Books,4,0.146806,0.172444
A00009589,Product 9589,Books,3,0.498819,0.172519
A00002418,Product 2418,Clothing,3,0.315979,0.171201
A00008350,Product 8350,Movies & TV,3,0.370018,0.170390
A00000289,Product 289,Music,3,0.614541,0.176670
A00005314,Product 5314,Movies & TV,3,0.037330,0.179887
A00001766,Product 1766,Books,3,0.635347,0.171087
A00005708,Product 5708,Electronics,3,0.077517,0.177801
A00008189,Product 8189,Electronics,3,0.608761,0.174129
A00005787,Product 5787,Clothing,3,0.806682,0.173143
A00002290,Product 2290,Movies & TV,3,0.811656,0.178391
A00004701,Product 4701,Clothing,3,0.014540,0.175661
A00007051,Product 7051,Electronics,3,0.720325,0.172554
A00005096,Product 5096,Electronics,3,0.193365,0.173681
A00009518,Product 9518,Books,3,0.444420,0.176150
A00008543,Product 8543,Movies & TV,3,0.918574,0.171733
A00008517,Product 8517,Books,3,0.582207,0.173636
A00004668,Product 4668,Music,3,0.762706,0.167269
A00001578,Product 1578,Electronics,3,0.036761,0.168626
A00009922,Product 9922,Electronics,3,0.997739,0.165213
A00007880,Product 7880,Music,3,0.117504,0.181793
A00009571,Product 9571,Electronics,3,0.938295,0.173218
A00005200,Product 5200,Music,3,0.943284,0.172596
A00006932,Product 6932,Clothing,3,0.229324,0.169797
A00009244,Product 9244,Movies & TV,3,0.911793,0.173521
A00000812,Product 812,Movies & TV,3,0.101708,0.172909
A00000914,Product 914,Music,3,0.160970,0.178080
A00000226,Product 226,Clothing,3,0.965940,0.168708
A00006177,Product 6177,Clothing,3,0.092196,0.178096
A00003143,Product 3143,Clothing,3,0.719149,0.173161
A00007323,Product 7323,Music,3,0.655031,0.174384
A00001043,Product 1043,Clothing,3,0.687193,0.166522
A00008408,Product 8408,Movies & TV,3,0.232792,0.174102
A00004804,Product 4804,Clothing,3,0.164566,0.176119
A00001320,Product 1320,Movies & TV,3,0.875475,0.174567
A00002577,Product 2577,Music,3,0.860007,0.169056
A00004200,Product 4200,Movies & TV,3,0.971201,0.174168
A00007685,Product 7685,Music,3,0.458077,0.172805
A00005801,Product 5801,Music,3,0.898167,0.175145
A00008728,Product 8728,Movies & TV,3,0.589398,0.172951
A00006323,Product 6323,Clothing,3,0.702037,0.169225
A00007876,Product 7876,Clothing,3,0.487092,0.174180
A00009125,Product 9125,Books,3,0.652948,0.172011
A00006600,Product 6600,Books,3,0.896340,0.170745
A00002820,Product 2820,Music,3,0.714898,0.175102
A00007213,Product 7213,Music,3,0.612797,0.166800
A00008476,Product 8476,Movies & TV,3,0.397248,0.173663
A00003361,Product 3361,Music,3,0.069439,0.172775
A00001800,Product 1800,Clothing,3,0.018458,0.173461
A00006341,Product 6341,Electronics,3,0.009826,0.168808
A00007069,Product 7069,Movies & TV,3,0.299607,0.172385
A00009016,Product 9016,Movies & TV,3,0.251269,0.171333
A00007999,Product 7999,Books,3,0.603945,0.167149
A00000918,Product 918,Clothing,3,0.635043,0.175424
A00008334,Product 8334,Movies & TV,3,0.319731,0.173573
A00008146,Product 8146,Electronics,3,0.424827,0.175980
A00009747,Product 9747,Clothing,3,0.744360,0.170681
A00005438,Product 5438,Music,3,0.145683,0.171630
A00002071,Product 2071,Music,3,0.939425,0.164758
A00008306,Product 8306,Movies & TV,3,0.305135,0.169111
A00000036,Product 36,Books,3,0.766484,0.180062
A00004844,Product 4844,Clothing,3,0.403206,0.173829
A00001032,Product 1032,Movies & TV,3,0.688684,0.167926
A00003470,Product 3470,Clothing,3,0.612317,0.176153
A00005010,Product 5010,Clothing,3,0.412744,0.177473
A00000355,Product 355,Clothing,3,0.859566,0.172313
A00009977,Product 9977,Electronics,3,0.983830,0.171739
A00001434,Product 1434,Music,3,0.471349,0.168407
A00005334,Product 5334,Books,3,0.200697,0.174105
A00005902,Product 5902,Music,3,0.574447,0.172165
A00002603,Product 2603,Movies & TV,3,0.051643,0.171680
A00004979,Product 4979,Music,3,0.663986,0.171961
A00006549,Product 6549,Books,3,0.085681,0.174472
A00002594,Product 2594,Music,3,0.202571,0.173935
A00006776,Product 6776,Movies & TV,3,0.500265,0.176639
A00006794,Product 6794,Electronics,3,0.465301,0.178582
A00009328,Product 9328,Movies & TV,3,0.331663,0.162863
A00009327,Product 9327,Electronics,3,0.777466,0.176408
A00005913,Product 5913,Clothing,3,0.451230,0.168985
A00005795,Product 5795,Music,3,0.076348,0.171828
A00002656,Product 2656,Clothing,3,0.027643,0.175338
A00000921,Product 921,Books,3,0.617856,0.173847
A00008805,Product 8805,Movies & TV,3,0.799957,0.175046
A00002799,Product 2799,Clothing,3,0.495125,0.173878
A00003926,Product 3926,Clothing,3,0.938126,0.171562
A00000531,Product 531,Books,3,0.765140,0.176228
A00008335,Product 8335,Clothing,3,0.307430,0.172465
A00004627,Product 4627,Electronics,3,0.526664,0.172650
A00004493,Product 4493,Electronics,3,0.212158,0.172041
A00003689,Product 3689,Clothing,3,0.226637,0.177228
A00002109,Product 2109,Electronics,3,0.264225,0.174872
A00003640,Product 3640,Electronics,3,0.472146,0.175409
A00007005,Product 7005,Music,3,0.105037,0.174548
A00001128,Product 1128,Books,3,0.680522,0.166767
A00000612,Product 612,Music,3,0.645907,0.171260
A00009412,Product 9412,Clothing,3,0.350497,0.175615
A00004030,Product 4030,Music,3,0.295687,0.170614
A00001057,Product 1057,Electronics,3,0.788036,0.175723
A00003221,Product 3221,Movies & TV,3,0.873702,0.175292
A00005464,Product 5464,Movies & TV,3,0.103161,0.167126
A00009348,Product 9348,Clothing,3,0.240130,0.172879
A00006920,Product 6920,Music,3,0.324732,0.177785
A00001883,Product 1883,Movies & TV,3,0.927260,0.174979
A00006469,Product 6469,Books,3,0.416989,0.171454
A00006936,Product 6936,Electronics,3,0.102699,0.171131
A00001501,Product 1501,Movies & TV,3,0.792023,0.163294
A00008205,Product 8205,Books,3,0.214911,0.172748
A00005223,Product 5223,Electronics,3,0.112349,0.175615
A00000894,Product 894,Books,3,0.435543,0.171227
A00008168,Product 8168,Books,3,0.488896,0.174615
A00005460,Product 5460,Music,3,0.466415,0.172838
A00006999,Product 6999,Books,3,0.657238,0.169219
A00002727,Product 2727,Electronics,3,0.747724,0.175230
A00004593,Product 4593,Electronics,3,0.048127,0.174174
A00003606,Product 3606,Movies & TV,3,0.173241,0.175498
A00002504,Product 2504,Movies & TV,3,0.286011,0.170547
A00008905,Product 8905,Electronics,3,0.407297,0.169886
A00003697,Product 3697,Clothing,3,0.302609,0.176222
A00003258,Product 3258,Movies & TV,3,0.150446,0.174560
A00001636,Product 1636,Clothing,3,0.375683,0.167087
A00000037,Product 37,Music,3,0.569106,0.169028
A00007381,Product 7381,Clothing,3,0.877953,0.172808
A00005854,Product 5854,Music,3,0.793197,0.178032
A00009918,Product 9918,Movies & TV,3,0.948928,0.179448
A00003492,Product 3492,Clothing,3,0.565493,0.174777
A00006728,Product 6728,Books,3,0.851283,0.178388
A00007873,Product 7873,Movies & TV,3,0.207178,0.171554
A00000105,Product 105,Electronics,3,0.913252,0.168842
A00000794,Product 794,Books,3,0.168996,0.172513
A00004403,Product 4403,Clothing,3,0.073074,0.173874
A00008057,Product 8057,Music,3,0.150357,0.177180
A00003490,Product 3490,Electronics,3,0.914260,0.170445
A00007017,Product 7017,Movies & TV,3,0.710824,0.172697
A00006447,Product 6447,Books,3,0.529606,0.164460
A00005780,Product 5780,Books,3,0.689880,0.168757
A00006336,Product 6336,Books,3,0.355078,0.173594
A00006636,Product 6636,Movies & TV,3,0.525961,0.169739
A00006051,Product 6051,Movies & TV,3,0.539126,0.169343
A00001968,Product 1968,Clothing,3,0.060174,0.176964
A00004899,Product 4899,Music,3,0.908872,0.170045
A00005846,Product 5846,Books,3,0.584371,0.179094
A00007985,Product 7985,Music,3,0.687272,0.161977
A00001069,Product 1069,Movies & TV,3,0.207531,0.172465
A00008247,Product 8247,Clothing,3,0.544230,0.169901
A00007292,Product 7292,Movies & TV,3,0.743898,0.171157
A00002142,Product 2142,Books,3,0.497341,0.174799
A00002629,Product 2629,Clothing,3,0.773703,0.176172
A00004234,Product 4234,Clothing,3,0.183667,0.167311
A00006539,Product 6539,Movies & TV,3,0.909465,0.169236
A00002912,Product 2912,Music,3,0.998738,0.177763
A00001882,Product 1882,Clothing,3,0.658406,0.177728
A00003683,Product 3683,Books,3,0.561951,0.174698
A00006512,Product 6512,Clothing,3,0.673907,0.170063
A00005985,Product 5985,Electronics,3,0.251300,0.172331
A00004262,Product 4262,Music,3,0.510333,0.167704
A00003162,Product 3162,Electronics,3,0.426694,0.174302
A00000424,Product 424,Electronics,3,0.257849,0.170466
A00008422,Product 8422,Clothing,3,0.537568,0.172745
A00006770,Product 6770,Books,3,0.504037,0.173434
A00008672,Product 8672,Clothing,3,0.209792,0.168694
A00006523,Product 6523,Books,3,0.188007,0.170236
A00008386,Product 8386,Clothing,3,0.644407,0.168971
A00006572,Product 6572,Clothing,3,0.295766,0.174099
A00007184,Product 7184,Books,3,0.633305,0.175105
A00007273,Product 7273,Music,3,0.691626,0.172778
A00004123,Product 4123,Movies & TV,3,0.232893,0.168740
A00007166,Product 7166,Movies & TV,3,0.271421,0.174655
A00009548,Product 9548,Music,3,0.737378,0.171501
A00009059,Product 9059,Movies & TV,3,0.867073,0.167825
A00002502,Product 2502,Movies & TV,3,0.254271,0.172727
A00003260,Product 3260,Books,3,0.416774,0.172542
A00007242,Product 7242,Music,3,0.554875,0.169245
A00004313,Product 4313,Books,3,0.749951,0.178289
A00005867,Product 5867,Music,3,0.285219,0.167622
A00009455,Product 9455,Books,3,0.199267,0.172766
A00002466,Product 2466,Books,3,0.747237,0.182700
A00009628,Product 9628,Clothing,3,0.794173,0.170468
A00009944,Product 9944,Music,3,0.685587,0.172296
A00008206,Product 8206,Electronics,3,0.851139,0.162760
A00009098,Product 9098,Music,3,0.409603,0.170175
A00009512,Product 9512,Movies & TV,3,0.583484,0.171321
A00007402,Product 7402,Music,3,0.700054,0.172706
A00004402,Product 4402,Movies & TV,3,0.286109,0.175581
A00006249,Product 6249,Electronics,3,0.118896,0.174475
A00000411,Product 411,Movies & TV,3,0.474390,0.168053
A00006614,Product 6614,Books,3,0.203369,0.169860
A00006571,Product 6571,Clothing,3,0.620397,0.174011
A00001592,Product 1592,Music,3,0.903682,0.169371
A00004615,Product 4615,Books,3,0.927931,0.169262
A00007186,Product 7186,Movies & TV,3,0.863469,0.177691
A00008399,Product 8399,Clothing,3,0.711849,0.175172
A00000247,Product 247,Music,3,0.074475,0.165388
A00005033,Product 5033,Books,3,0.588797,0.170687
A00001721,Product 1721,Clothing,3,0.634373,0.170982
A00006413,Product 6413,Music,3,0.065468,0.173098
A00008790,Product 8790,Electronics,3,0.195393,0.174174
A00009087,Product 9087,Music,3,0.212172,0.174503
A00001690,Product 1690,Clothing,3,0.529598,0.177005
A00000138,Product 138,Books,3,0.169389,0.174863
A00003998,Product 3998,Electronics,3,0.450690,0.173389
A00004011,Product 4011,Music,3,0.197755,0.173215
A00009590,Product 9590,Movies & TV,3,0.720287,0.173455
A00003443,Product 3443,Music,3,0.951276,0.175859
A00007423,Product 7423,Electronics,3,0.934245,0.176973
A00001208,Product 1208,Electronics,3,0.740035,0.172112
A00001866,Product 1866,Clothing,3,0.720660,0.176676
A00000240,Product 240,Electronics,3,0.315244,0.177612
A00004667,Product 4667,Books,3,0.901502,0.166792
A00007589,Product 7589,Music,3,0.394273,0.173838
A00000292,Product 292,Movies & TV,3,0.000167,0.172903
A00005065,Product 5065,Movies & TV,3,0.775065,0.181368
A00006338,Product 6338,Movies & TV,3,0.104823,0.176067
A00004923,Product 4923,Clothing,3,0.531050,0.173636
A00006138,Product 6138,Electronics,3,0.587996,0.172462
A00002447,Product 2447,Electronics,3,0.426230,0.176736
A00007733,Product 7733,Music,3,0.366642,0.178423
A00003290,Product 3290,Clothing,3,0.086585,0.174789
A00004778,Product 4778,Music,3,0.172259,0.173104
A00000871,Product 871,Books,3,0.019903,0.167468
A00000729,Product 729,Clothing,3,0.356006,0.169702
A00001852,Product 1852,Movies & TV,3,0.357479,0.174670
A00006435,Product 6435,Electronics,3,0.657952,0.168455
A00004184,Product 4184,Movies & TV,3,0.792328,0.180204
A00005678,Product 5678,Books,3,0.652866,0.173416
A00009031,Product 9031,Clothing,3,0.618649,0.176499
A00006003,Product 6003,Music,3,0.176803,0.178815
A00002141,Product 2141,Music,3,0.122668,0.169826
A00003048,Product 3048,Electronics,3,0.002571,0.172870
A00000641,Product 641,Electronics,3,0.008001,0.174354
A00005447,Product 5447,Electronics,3,0.698048,0.176555
A00004876,Product 4876,Clothing,3,0.830215,0.171298
A00000584,Product 584,Movies & TV,3,0.777907,0.173314
A00003062,Product 3062,Movies & TV,3,0.182178,0.173980
A00007457,Product 7457,Music,3,0.955765,0.168768
A00002537,Product 2537,Electronics,3,0.248781,0.171521
A00006073,Product 6073,Clothing,3,0.439619,0.173506
A00002431,Product 2431,Electronics,3,0.005959,0.173386
A00007536,Product 7536,Movies & TV,3,0.323031,0.176166
A00006953,Product 6953,Movies & TV,3,0.757292,0.171545
A00009915,Product 9915,Clothing,3,0.225005,0.170492
A00007204,Product 7204,Electronics,3,0.148860,0.174220
A00007608,Product 7608,Electronics,3,0.068315,0.175899
A00008862,Product 8862,Books,3,0.113522,0.166811
A00004324,Product 4324,Books,3,0.738997,0.178678
A00006227,Product 6227,Books,3,0.159136,0.172290
A00005804,Product 5804,Music,3,0.812769,0.161600
A00009751,Product 9751,Electronics,3,0.996977,0.172593
A00009444,Product 9444,Music,3,0.306138,0.172826
A00006839,Product 6839,Electronics,3,0.469078,0.169454
A00007433,Product 7433,Books,3,0.503028,0.170725
A00003654,Product 3654,Electronics,3,0.561674,0.176729
A00007217,Product 7217,Books,3,0.126399,0.172468
A00003273,Product 3273,Clothing,3,0.235632,0.169388
A00000045,Product 45,Movies & TV,3,0.065092,0.176717
A00001794,Product 1794,Books,3,0.510299,0.176811
A00008812,Product 8812,Books,3,0.563997,0.169924
A00008651,Product 8651,Books,3,0.681487,0.175924
A00007684,Product 7684,Clothing,3,0.121139,0.167437
A00004221,Product 4221,Books,3,0.518112,0.174420
A00005673,Product 5673,Electronics,3,0.669452,0.175313
A00009787,Product 9787,Books,3,0.220837,0.166063
A00005044,Product 5044,Movies & TV,3,0.088887,0.174150
A00002189,Product 2189,Clothing,3,0.319329,0.174329
A00001163,Product 1163,Electronics,3,0.459276,0.175108
A00009018,Product 9018,Clothing,3,0.282267,0.171354
A00006985,Product 6985,Electronics,3,0.274920,0.173956
A00004745,Product 4745,Clothing,3,0.155734,0.171404
A00005618,Product 5618,Books,3,0.489113,0.174484
A00000194,Product 194,Books,3,0.814793,0.170652
A00002232,Product 2232,Books,3,0.178679,0.175409
A00001041,Product 1041,Movies & TV,3,0.649308,0.164951
A00006415,Product 6415,Books,3,0.848956,0.176036
A00001580,Product 1580,Electronics,3,0.933579,0.172599
A00009690,Product 9690,Clothing,3,0.291928,0.170373
A00006810,Product 6810,Electronics,3,0.086443,0.171049
A00007129,Product 7129,Books,3,0.370964,0.173977
A00007417,Product 7417,Movies & TV,3,0.277958,0.171336
A00002121,Product 2121,Movies & TV,3,0.981184,0.175974
A00002571,Product 2571,Clothing,3,0.288639,0.176312
A00009291,Product 9291,Electronics,3,0.727947,0.171354
A00002227,Product 2227,Movies & TV,3,0.102889,0.169987
A00008926,Product 8926,Clothing,3,0.397599,0.170602
A00008235,Product 8235,Clothing,3,0.877261,0.171315
A00006574,Product 6574,Electronics,3,0.205638,0.166658
A00008446,Product 8446,Clothing,3,0.085838,0.175850
A00006809,Product 6809,Clothing,3,0.107058,0.166672
A00002769,Product 2769,Music,3,0.652765,0.172832
A00009899,Product 9899,Music,3,0.762208,0.172599
A00005483,Product 5483,Books,3,0.149693,0.169011
A00006358,Product 6358,Clothing,3,0.534072,0.170057
A00009154,Product 9154,Books,3,0.201929,0.173862
A00008715,Product 8715,Electronics,3,0.784351,0.173914
A00009920,Product 9920,Clothing,3,0.770749,0.169196
A00002245,Product 2245,Books,3,0.505626,0.167375
A00004274,Product 4274,Music,3,0.311174,0.173158
A00009135,Product 9135,Music,3,0.793097,0.174860
A00007163,Product 7163,Movies & TV,3,0.698757,0.164598
A00001609,Product 1609,Books,3,0.622173,0.173986
A00008024,Product 8024,Clothing,3,0.434376,0.174545
A00005648,Product 5648,Books,3,0.398930,0.175952
A00005742,Product 5742,Music,3,0.903566,0.172826
A00000242,Product 242,Books,3,0.187170,0.177662
A00006891,Product 6891,Music,3,0.811977,0.170786
A00000283,Product 283,Clothing,3,0.311781,0.169676
A00006576,Product 6576,Music,3,0.522693,0.173185
A00009339,Product 9339,Books,3,0.800588,0.171928
A00002110,Product 2110,Electronics,3,0.566773,0.173844
A00001750,Product 1750,Music,3,0.981828,0.174783
A00003411,Product 3411,Clothing,3,0.251376,0.176623
A00006521,Product 6521,Electronics,3,0.936631,0.168691
A00002093,Product 2093,Clothing,3,0.099477,0.169733
A00006264,Product 6264,Clothing,3,0.336605,0.171219
A00006074,Product 6074,Movies & TV,3,0.733530,0.176761
A00009177,Product 9177,Clothing,3,0.258851,0.177760
A00009913,Product 9913,Movies & TV,3,0.734692,0.178931
A00005434,Product 5434,Books,3,0.676464,0.168019
A00005584,Product 5584,Books,3,0.682648,0.165303
A00009665,Product 9665,Music,3,0.176376,0.172853
A00004308,Product 4308,Movies & TV,3,0.643921,0.175421
A00003696,Product 3696,Electronics,3,0.140265,0.164842
A00007970,Product 7970,Electronics,3,0.394327,0.174869
A00004102,Product 4102,Music,3,0.569195,0.175227
A00003042,Product 3042,Movies & TV,3,0.960462,0.170646
A00004926,Product 4926,Books,3,0.486939,0.170594
A00003925,Product 3925,Clothing,3,0.891635,0.172670
A00006254,Product 6254,Clothing,3,0.553609,0.174190
A00004040,Product 4040,Books,3,0.440622,0.174976
A00000937,Product 937,Electronics,3,0.857730,0.175930
A00000169,Product 169,Clothing,3,0.292827,0.174988
A00004149,Product 4149,Electronics,3,0.718877,0.175791
A00000197,Product 197,Movies & TV,3,0.170524,0.179877
A00009285,Product 9285,Electronics,3,0.383804,0.171766
A00009905,Product 9905,Books,3,0.011685,0.175510
A00002638,Product 2638,Movies & TV,3,0.528915,0.176399
A00000980,Product 980,Movies & TV,3,0.256599,0.168487
A00003882,Product 3882,Clothing,3,0.200304,0.174442
A00001295,Product 1295,Clothing,3,0.108042,0.175320
A00007576,Product 7576,Music,3,0.833211,0.170599
A00002749,Product 2749,Electronics,3,0.437940,0.177199
A00003043,Product 3043,Books,3,0.443735,0.177158
A00001539,Product 1539,Clothing,3,0.768979,0.177155
A00001373,Product 1373,Movies & TV,3,0.449428,0.171465
A00005227,Product 5227,Books,3,0.690368,0.172447
A00004494,Product 4494,Music,3,0.322974,0.169765
A00009269,Product 9269,Books,3,0.500092,0.171545
A00002076,Product 2076,Clothing,3,0.461158,0.176704
A00007628,Product 7628,Electronics,3,0.237071,0.178474
A00001719,Product 1719,Movies & TV,3,0.967194,0.175077
A00006068,Product 6068,Books,3,0.155003,0.173832
A00004669,Product 4669,Movies & TV,3,0.766691,0.176926
A00000767,Product 767,Electronics,3,0.556898,0.175739
A00005310,Product 5310,Music,3,0.160244,0.175881
A00005772,Product 5772,Clothing,3,0.625900,0.168073
A00006921,Product 6921,Electronics,3,0.169173,0.177931
A00006849,Product 6849,Music,3,0.424082,0.171845
A00004678,Product 4678,Books,3,0.897744,0.170190
A00009567,Product 9567,Electronics,3,0.460529,0.170361
A00002185,Product 2185,Electronics,3,0.761516,0.175674
A00008645,Product 8645,Electronics,3,0.871231,0.177375
A00005206,Product 5206,Music,3,0.959708,0.175307
A00001240,Product 1240,Clothing,3,0.982005,0.170216
A00006318,Product 6318,Movies & TV,3,0.310995,0.173591
A00002249,Product 2249,Clothing,3,0.475547,0.168606
A00003095,Product 3095,Electronics,3,0.260427,0.172486
A00005713,Product 5713,Books,3,0.280435,0.169806
A00005644,Product 5644,Electronics,3,0.747387,0.170658
A00000410,Product 410,Music,3,0.225714,0.180032
A00000162,Product 162,Electronics,3,0.175747,0.179496
A00003168,Product 3168,Music,3,0.351658,0.175671
A00008544,Product 8544,Music,3,0.624429,0.176362
A00008534,Product 8534,Books,3,0.250748,0.172195
A00001810,Product 1810,Clothing,3,0.083038,0.166895
A00006484,Product 6484,Clothing,3,0.191474,0.176583
A00006092,Product 6092,Music,3,0.734183,0.174814
A00000165,Product 165,Electronics,3,0.542448,0.175661
A00007139,Product 7139,Clothing,3,0.594209,0.173503
A00006958,Product 6958,Movies & TV,3,0.001398,0.175068
A00005697,Product 5697,Clothing,3,0.726174,0.169627
A00006246,Product 6246,Books,3,0.992949,0.172165
A00001456,Product 1456,Clothing,3,0.898898,0.177231
A00004094,Product 4094,Movies & TV,3,0.720132,0.164967
A00003366,Product 3366,Music,3,0.787841,0.171857
A00000722,Product 722,Music,3,0.928871,0.174612
A00007524,Product 7524,Movies & TV,3,0.289765,0.169460
A00008955,Product 8955,Music,3,0.788046,0.173464
A00000420,Product 420,Books,3,0.268902,0.173203
A00008214,Product 8214,Electronics,3,0.745324,0.174375
A00000337,Product 337,Books,3,0.481966,0.179451
A00006265,Product 6265,Electronics,3,0.006472,0.179075
A00009837,Product 9837,Clothing,3,0.747597,0.172584
A00004069,Product 4069,Electronics,3,0.131826,0.175590
A00008070,Product 8070,Movies & TV,3,0.200031,0.178496
A00004358,Product 4358,Movies & TV,3,0.656194,0.171445
A00005689,Product 5689,Books,3,0.124335,0.176792
A00003289,Product 3289,Books,3,0.022029,0.175022
A00008502,Product 8502,Clothing,3,0.894301,0.174436
A00000256,Product 256,Electronics,3,0.896682,0.173603
A00004588,Product 4588,Movies & TV,3,0.928600,0.166942
A00004312,Product 4312,Electronics,3,0.310302,0.177886
A00003464,Product 3464,Books,3,0.948607,0.175631
A00009902,Product 9902,Music,3,0.876552,0.175307
A00000763,Product 763,Music,3,0.224696,0.172284
A00001099,Product 1099,Movies & TV,3,0.227513,0.175227
A00002962,Product 2962,Clothing,3,0.016502,0.174023
A00005540,Product 5540,Movies & TV,3,0.768475,0.170917
A00006171,Product 6171,Music,3,0.870790,0.169076
A00001302,Product 1302,Movies & TV,3,0.295744,0.165374
A00002760,Product 2760,Books,3,0.124716,0.175369
A00003939,Product 3939,Clothing,3,0.421654,0.173404
A00003648,Product 3648,Books,3,0.473481,0.169380
A00006021,Product 6021,Clothing,3,0.223303,0.174750
A00006297,Product 6297,Electronics,3,0.142554,0.164501
A00007508,Product 7508,Clothing,3,0.251097,0.171166
A00008727,Product 8727,Movies & TV,3,0.386082,0.173609
A00006869,Product 6869,Movies & TV,3,0.919706,0.175056
A00008201,Product 8201,Music,3,0.121728,0.175329
A00008541,Product 8541,Movies & TV,3,0.458844,0.172138
A00005338,Product 5338,Clothing,3,0.952054,0.172489
A00006859,Product 6859,Movies & TV,3,0.694216,0.174667
A00006817,Product 6817,Clothing,3,0.504516,0.175013
A00007597,Product 7597,Electronics,3,0.322791,0.166564
A00000065,Product 65,Movies & TV,3,0.065705,0.167856
A00007959,Product 7959,Clothing,3,0.772556,0.175813
A00008280,Product 8280,Books,3,0.515002,0.166423
A00009102,Product 9102,Clothing,3,0.873349,0.174899
A00001761,Product 1761,Movies & TV,3,0.525858,0.174679
A00002857,Product 2857,Electronics,3,0.202024,0.168401
A00006007,Product 6007,Electronics,3,0.001944,0.168705
A00009238,Product 9238,Electronics,3,0.571255,0.174102
A00008308,Product 8308,Movies & TV,3,0.065118,0.177413
A00007917,Product 7917,Clothing,3,0.409482,0.171967
A00004471,Product 4471,Electronics,3,0.445143,0.177438
A00008614,Product 8614,Books,3,0.365192,0.173431
A00000119,Product 119,Electronics,3,0.097474,0.169242
A00006746,Product 6746,Movies & TV,3,0.931752,0.169191
A00002474,Product 2474,Movies & TV,3,0.749887,0.175615
A00000408,Product 408,Movies & TV,3,0.037340,0.173167
A00004658,Product 4658,Music,3,0.153760,0.170576
A00007722,Product 7722,Clothing,3,0.226793,0.174792
A00003564,Product 3564,Clothing,3,0.253116,0.174056
A00006613,Product 6613,Books,3,0.659375,0.175637
A00002064,Product 2064,Electronics,3,0.307475,0.176452
A00007396,Product 7396,Movies & TV,3,0.963338,0.167045
A00000293,Product 293,Movies & TV,3,0.395194,0.178474
A00005564,Product 5564,Electronics,3,0.946696,0.175375
A00008559,Product 8559,Books,3,0.982156,0.174603
A00006398,Product 6398,Music,3,0.807868,0.173359
A00005068,Product 5068,Clothing,3,0.028123,0.176169
A00003816,Product 3816,Movies & TV,3,0.090354,0.175624
A00009138,Product 9138,Movies & TV,3,0.493127,0.171786
A00006314,Product 6314,Clothing,3,0.128019,0.171807
A00003477,Product 3477,Music,3,0.835758,0.167605
A00007274,Product 7274,Music,3,0.541927,0.163284
A00004266,Product 4266,Movies & TV,3,0.376269,0.163744
A00003275,Product 3275,Movies & TV,3,0.183098,0.175172
A00004605,Product 4605,Movies & TV,3,0.569651,0.169950
A00003075,Product 3075,Books,3,0.412445,0.176119
A00006782,Product 6782,Electronics,3,0.028829,0.174621
A00000941,Product 941,Books,3,0.986333,0.167031
A00003286,Product 3286,Music,3,0.913237,0.173515
A00008855,Product 8855,Music,3,0.120636,0.173890
A00003119,Product 3119,Music,3,0.596438,0.170291
A00002161,Product 2161,Music,3,0.342289,0.170582
A00009011,Product 9011,Clothing,3,0.538925,0.169251
A00009463,Product 9463,Books,3,0.429052,0.175726
A00004945,Product 4945,Clothing,3,0.777537,0.174299
A00007788,Product 7788,Movies & TV,3,0.103217,0.174753
A00000700,Product 700,Electronics,3,0.610383,0.176726
A00009955,Product 9955,Books,3,0.107415,0.169967
A00005619,Product 5619,Movies & TV,3,0.093326,0.169056
A00008067,Product 8067,Electronics,3,0.255419,0.169976
A00009288,Product 9288,Music,3,0.418947,0.177985
A00003421,Product 3421,Electronics,3,0.253498,0.168740
A00004825,Product 4825,Music,3,0.663903,0.168896
A00008509,Product 8509,Movies & TV,3,0.765856,0.170495
A00008080,Product 8080,Music,3,0.065106,0.171236
A00002682,Product 2682,Clothing,3,0.260558,0.176883
A00006678,Product 6678,Electronics,3,0.738371,0.175800
A00007688,Product 7688,Music,3,0.108770,0.177498
A00001681,Product 1681,Electronics,3,0.198283,0.174235
A00003979,Product 3979,Electronics,3,0.625461,0.174074
A00007591,Product 7591,Clothing,3,0.673126,0.177646
A00004670,Product 4670,Music,3,0.094538,0.179348
A00006937,Product 6937,Books,3,0.495147,0.173092
A00006040,Product 6040,Music,3,0.365648,0.172106
A00008285,Product 8285,Movies & TV,3,0.074909,0.170949
A00007647,Product 7647,Clothing,3,0.641723,0.176651
A00009446,Product 9446,Movies & TV,3,0.745435,0.169426
A00007168,Product 7168,Clothing,3,0.999580,0.165316
A00008006,Product 8006,Books,3,0.190794,0.169575
A00004956,Product 4956,Movies & TV,3,0.959854,0.172186
A00009581,Product 9581,Music,3,0.377790,0.170938
A00002956,Product 2956,Clothing,3,0.593942,0.176008
A00003420,Product 3420,Movies & TV,3,0.906549,0.171589
A00000613,Product 613,Electronics,3,0.441830,0.167701
A00000979,Product 979,Books,3,0.245164,0.172011
A00009613,Product 9613,Books,3,0.932786,0.171028
A00000886,Product 886,Electronics,3,0.667726,0.174050
A00005885,Product 5885,Electronics,3,0.155728,0.174062
A00004002,Product 4002,Electronics,3,0.639904,0.172029
A00003677,Product 3677,Music,3,0.363259,0.170961
A00002691,Product 2691,Books,3,0.875806,0.179139
A00008625,Product 8625,Electronics,3,0.902186,0.178013
A00006942,Product 6942,Clothing,3,0.422380,0.174308
A00009503,Product 9503,Movies & TV,3,0.474952,0.173980
A00002038,Product 2038,Clothing,3,0.990444,0.169886
A00009536,Product 9536,Electronics,3,0.502640,0.173732
A00003525,Product 3525,Movies & TV,3,0.197141,0.178200
A00008935,Product 8935,Books,3,0.854803,0.171928
A00008850,Product 8850,Books,3,0.530453,0.173452
A00004332,Product 4332,Electronics,3,0.888223,0.178515
A00004162,Product 4162,Movies & TV,3,0.254508,0.177404
A00009012,Product 9012,Movies & TV,3,0.607561,0.171527
A00003475,Product 3475,Clothing,3,0.013299,0.170748
A00002581,Product 2581,Music,3,0.582926,0.172064
A00008475,Product 8475,Electronics,3,0.831297,0.173636
A00004487,Product 4487,Clothing,3,0.409216,0.175412
A00003456,Product 3456,Electronics,3,0.122951,0.175547
A00007579,Product 7579,Books,3,0.877146,0.177905
A00008440,Product 8440,Electronics,3,0.953033,0.166556
A00005040,Product 5040,Music,3,0.400000,0.176464
A00007764,Product 7764,Movies & TV,3,0.732592,0.178767
A00007822,Product 7822,Music,3,0.189763,0.171843
A00001055,Product 1055,Movies & TV,3,0.646732,0.168856
A00000991,Product 991,Music,3,0.740316,0.174253
A00003478,Product 3478,Movies & TV,3,0.468554,0.171674
A00004676,Product 4676,Books,3,0.439146,0.176253
A00006262,Product 6262,Books,3,0.134503,0.178672
A00008434,Product 8434,Books,3,0.304013,0.175280
A00005687,Product 5687,Clothing,3,0.612851,0.167605
A00008485,Product 8485,Movies & TV,3,0.845832,0.178915
A00007763,Product 7763,Music,3,0.102852,0.168731
A00005491,Product 5491,Clothing,3,0.047234,0.170515
A00008583,Product 8583,Movies & TV,3,0.950404,0.178934
A00008426,Product 8426,Clothing,3,0.883698,0.173808
A00008495,Product 8495,Music,3,0.770336,0.172715
A00006409,Product 6409,Books,3,0.221042,0.174472
A00001401,Product 1401,Music,3,0.947309,0.172694
A00001224,Product 1224,Clothing,3,0.244631,0.169713
A00001431,Product 1431,Movies & TV,3,0.379478,0.169820
A00007311,Product 7311,Movies & TV,3,0.248361,0.169650
A00002704,Product 2704,Electronics,3,0.346252,0.173110
A00008532,Product 8532,Electronics,3,0.591692,0.172355
A00009486,Product 9486,Electronics,3,0.585151,0.177011
A00008217,Product 8217,Movies & TV,3,0.158033,0.174576
A00001418,Product 1418,Books,3,0.636856,0.171037
A00009880,Product 9880,Clothing,3,0.259813,0.168515
A00008975,Product 8975,Movies & TV,3,0.509141,0.174826
A00001871,Product 1871,Movies & TV,3,0.361085,0.171674
A00004829,Product 4829,Books,3,0.766344,0.169581
A00002358,Product 2358,Music,3,0.317311,0.166317
A00008904,Product 8904,Electronics,3,0.013031,0.171686
A00004925,Product 4925,Books,3,0.324504,0.171816
A00009966,Product 9966,Movies & TV,3,0.267982,0.171580
A00002236,Product 2236,Music,3,0.819691,0.181384
A00009637,Product 9637,Music,3,0.839306,0.169518
A00009679,Product 9679,Books,3,0.579570,0.177820
A00006528,Product 6528,Clothing,3,0.281850,0.171225
A00005823,Product 5823,Clothing,3,0.054496,0.172328
A00008894,Product 8894,Books,3,0.720952,0.175129
A00001376,Product 1376,Books,3,0.790201,0.169834
A00001322,Product 1322,Music,3,0.111452,0.164290
A00000389,Product 389,Clothing,3,0.744654,0.170515
A00001977,Product 1977,Electronics,3,0.295176,0.164568
A00008700,Product 8700,Music,3,0.535072,0.172017
A00000630,Product 630,Music,3,0.301362,0.174725
A00000446,Product 446,Books,3,0.146298,0.172073
A00007768,Product 7768,Electronics,3,0.098813,0.170312
A00002865,Product 2865,Movies & TV,3,0.663951,0.172751
A00007183,Product 7183,Music,3,0.356331,0.178194
A00006061,Product 6061,Movies & TV,3,0.821424,0.173923
A00005845,Product 5845,Books,3,0.949156,0.175369
A00009635,Product 9635,Books,3,0.718671,0.177206
A00000003,Product 3,Books,3,0.482165,0.173621
A00003347,Product 3347,Electronics,3,0.247060,0.166456
A00002184,Product 2184,Books,3,0.821569,0.165038
A00004520,Product 4520,Books,3,0.289680,0.175258
A00008258,Product 8258,Clothing,3,0.677829,0.167555
A00003871,Product 3871,Clothing,3,0.184545,0.169575
A00008738,Product 8738,Books,3,0.450447,0.169311
A00004033,Product 4033,Clothing,3,0.437578,0.178972
A00000887,Product 887,Music,3,0.965677,0.174460
A00005706,Product 5706,Electronics,3,0.376949,0.173410
A00005943,Product 5943,Electronics,3,0.435303,0.175353
A00001452,Product 1452,Clothing,3,0.634656,0.170853
A00003791,Product 3791,Music,3,0.791472,0.169736
A00002021,Product 2021,Movies & TV,3,0.594992,0.177817
A00002676,Product 2676,Music,3,0.979090,0.177937
A00002562,Product 2562,Electronics,3,0.884302,0.172287
A00001740,Product 1740,Movies & TV,3,0.797639,0.166567
A00006465,Product 6465,Books,3,0.690173,0.176858
A00007583,Product 7583,Electronics,3,0.356187,0.175237
A00001186,Product 1186,Books,3,0.067546,0.172340
A00003274,Product 3274,Movies & TV,3,0.157208,0.173817
A00008244,Product 8244,Clothing,3,0.338240,0.171851
A00008838,Product 8838,Movies & TV,3,0.786863,0.171562
A00007498,Product 7498,Electronics,3,0.035939,0.167918
A00004726,Product 4726,Movies & TV,3,0.202321,0.172168
A00007861,Product 7861,Books,3,0.942304,0.169242
A00001863,Product 1863,Movies & TV,3,0.561976,0.169544
A00004741,Product 4741,Music,3,0.128010,0.170025
A00009037,Product 9037,Electronics,3,0.830903,0.169085
A00004881,Product 4881,Movies & TV,3,0.944425,0.174506
A00008808,Product 8808,Books,3,0.196335,0.175563
A00000334,Product 334,Clothing,3,0.657692,0.163076
A00000682,Product 682,Movies & TV,3,0.505208,0.175264
A00008969,Product 8969,Electronics,3,0.281234,0.172331
A00006373,Product 6373,Clothing,3,0.951948,0.180748
A00006035,Product 6035,Music,3,0.015497,0.172379
A00000900,Product 900,Electronics,3,0.971673,0.168731
A00003316,Product 3316,Electronics,3,0.203548,0.168745
A00000936,Product 936,Books,3,0.191319,0.165909
A00007901,Product 7901,Electronics,3,0.738975,0.169153
A00009847,Product 9847,Clothing,3,0.106772,0.175384
A00004600,Product 4600,Movies & TV,3,0.968533,0.174951
A00005161,Product 5161,Music,3,0.736081,0.174890
A00003739,Product 3739,Books,3,0.204690,0.173874
A00003222,Product 3222,Music,3,0.554732,0.173763
A00009110,Product 9110,Books,3,0.667123,0.175961
A00009014,Product 9014,Music,3,0.353919,0.172799
A00002419,Product 2419,Movies & TV,3,0.241016,0.165722
A00005511,Product 5511,Books,3,0.447643,0.170454
A00004271,Product 4271,Books,3,0.503067,0.174111
A00004542,Product 4542,Movies & TV,3,0.958606,0.172109
A00001742,Product 1742,Electronics,3,0.917920,0.171315
A00009137,Product 9137,Clothing,3,0.620993,0.172260
A00004235,Product 4235,Clothing,3,0.325172,0.175320
A00004180,Product 4180,Books,3,0.311851,0.171595
A00004532,Product 4532,Movies & TV,3,0.702488,0.175102
A00008238,Product 8238,Clothing,3,0.671660,0.166911
A00001359,Product 1359,Clothing,3,0.766799,0.176839
A00004846,Product 4846,Music,3,0.076004,0.180912
A00008014,Product 8014,Music,3,0.474908,0.172281
A00001860,Product 1860,Music,3,0.075732,0.175754
A00003789,Product 3789,Electronics,3,0.714000,0.168237
A00001783,Product 1783,Books,3,0.006018,0.171845
A00009694,Product 9694,Electronics,3,0.531874,0.178277
A00009949,Product 9949,Movies & TV,3,0.154823,0.174609
A00001250,Product 1250,Music,3,0.763774,0.175184
A00007964,Product 7964,Books,3,0.944091,0.171571
A00009511,Product 9511,Movies & TV,3,0.154993,0.168209
A00002469,Product 2469,Books,3,0.268490,0.175270
A00004548,Product 4548,Books,3,0.406273,0.174032
A00005255,Product 5255,Movies & TV,3,0.476825,0.173086
A00004723,Product 4723,Clothing,3,0.900080,0.172429
A00006995,Product 6995,Books,3,0.697740,0.177602
A00001223,Product 1223,Electronics,3,0.472107,0.176281
A00006591,Product 6591,Books,3,0.972235,0.175120
A00007512,Product 7512,Music,3,0.203571,0.174433
A00004633,Product 4633,Movies & TV,3,0.271743,0.172647
A00001404,Product 1404,Clothing,3,0.032543,0.175215
A00003863,Product 3863,Clothing,3,0.833242,0.176387
A00000366,Product 366,Movies & TV,3,0.379600,0.172867
A00003517,Product 3517,Movies & TV,3,0.251513,0.178899
A00008097,Product 8097,Books,3,0.171705,0.172408
A00001304,Product 1304,Electronics,3,0.335144,0.176045
A00008921,Product 8921,Music,3,0.579163,0.173089
A00002514,Product 2514,Electronics,3,0.801401,0.175683
A00006902,Product 6902,Books,3,0.397122,0.179014
A00008457,Product 8457,Clothing,3,0.696865,0.170393
A00007106,Product 7106,Clothing,3,0.268867,0.169584
A00000842,Product 842,Electronics,3,0.329282,0.170144
A00007349,Product 7349,Books,3,0.684196,0.169151
A00006470,Product 6470,Movies & TV,3,0.908302,0.171192
A00003077,Product 3077,Music,3,0.614149,0.172486
A00000181,Product 181,Movies & TV,3,0.564224,0.176661
A00005650,Product 5650,Books,3,0.232970,0.171468
A00002906,Product 2906,Music,3,0.516671,0.169739
A00004015,Product 4015,Books,3,0.109450,0.166878
A00006161,Product 6161,Music,3,0.713638,0.169033
A00008158,Product 8158,Music,3,0.262219,0.171017
A00009686,Product 9686,Books,3,0.363768,0.172760
A00004854,Product 4854,Books,3,0.557382,0.171648
A00005250,Product 5250,Movies & TV,3,0.031959,0.178286
A00000495,Product 495,Books,2,0.406992,0.175581
A00007929,Product 7929,Music,2,0.300939,0.165500
A00005294,Product 5294,Books,2,0.135419,0.167266
A00007931,Product 7931,Books,2,0.715681,0.162591
A00006826,Product 6826,Books,2,0.548775,0.164082
A00007446,Product 7446,Books,2,0.609605,0.171175
A00009934,Product 9934,Clothing,2,0.394106,0.170063
A00002422,Product 2422,Books,2,0.233890,0.168805
A00005020,Product 5020,Clothing,2,0.141610,0.166661
A00001847,Product 1847,Movies & TV,2,0.720389,0.166461
A00002623,Product 2623,Music,2,0.563518,0.165016
A00009431,Product 9431,Books,2,0.624324,0.171181
A00009188,Product 9188,Music,2,0.106888,0.165835
A00009275,Product 9275,Movies & TV,2,0.796511,0.161896
A00000964,Product 964,Books,2,0.404245,0.165297
A00008187,Product 8187,Music,2,0.558666,0.160691
A00000082,Product 82,Books,2,0.278616,0.164755
A00003191,Product 3191,Music,2,0.138130,0.165961
A00008981,Product 8981,Clothing,2,0.150750,0.168322
A00002928,Product 2928,Electronics,2,0.500920,0.165703
A00002348,Product 2348,Movies & TV,2,0.871275,0.168200
A00006046,Product 6046,Music,2,0.093044,0.170262
A00003507,Product 3507,Music,2,0.023900,0.168922
A00001424,Product 1424,Clothing,2,0.595907,0.166085
A00008731,Product 8731,Clothing,2,0.064277,0.166198
A00004960,Product 4960,Books,2,0.578689,0.161953
A00003971,Product 3971,Music,2,0.860737,0.170013
A00008262,Product 8262,Books,2,0.684666,0.168825
A00001122,Product 1122,Music,2,0.510720,0.157472
A00009577,Product 9577,Clothing,2,0.742981,0.162327
A00008830,Product 8830,Movies & TV,2,0.230786,0.164831
A00001698,Product 1698,Clothing,2,0.776050,0.159149
A00001849,Product 1849,Clothing,2,0.957826,0.167943
A00005643,Product 5643,Music,2,0.637332,0.157489
A00002710,Product 2710,Electronics,2,0.040713,0.167177
A00001430,Product 1430,Movies & TV,2,0.025651,0.165185
A00007668,Product 7668,Clothing,2,0.342582,0.166044
A00004561,Product 4561,Clothing,2,0.183629,0.174973
A00008591,Product 8591,Clothing,2,0.458296,0.170367
A00002646,Product 2646,Clothing,2,0.399205,0.170500
A00009071,Product 9071,Electronics,2,0.885488,0.163945
A00002136,Product 2136,Clothing,2,0.024599,0.167723
A00007226,Product 7226,Books,2,0.180145,0.166831
A00006390,Product 6390,Clothing,2,0.400859,0.165563
A00009203,Product 9203,Music,2,0.904013,0.168263
A00004416,Product 4416,Music,2,0.444417,0.161639
A00004116,Product 4116,Books,2,0.607203,0.169656
A00000417,Product 417,Music,2,0.889682,0.171160
A00003919,Product 3919,Clothing,2,0.938799,0.168708
A00003805,Product 3805,Electronics,2,0.820611,0.161002
A00001764,Product 1764,Clothing,2,0.919149,0.166436
A00005547,Product 5547,Music,2,0.574488,0.156349
A00004323,Product 4323,Movies & TV,2,0.185354,0.163551
A00005818,Product 5818,Music,2,0.148525,0.161945
A00009063,Product 9063,Clothing,2,0.248120,0.168945
A00002065,Product 2065,Books,2,0.141852,0.166036
A00003659,Product 3659,Music,2,0.020336,0.166700
A00008962,Product 8962,Electronics,2,0.369899,0.174402
A00006115,Product 6115,Music,2,0.231886,0.175819
A00001570,Product 1570,Electronics,2,0.409672,0.164298
A00000038,Product 38,Movies & TV,2,0.255762,0.172513
A00006340,Product 6340,Music,2,0.310021,0.163009
A00001362,Product 1362,Movies & TV,2,0.987165,0.161020
A00007853,Product 7853,Music,2,0.150687,0.169085
A00001109,Product 1109,Movies & TV,2,0.738184,0.168163
A00001513,Product 1513,Books,2,0.423028,0.167322
A00004986,Product 4986,Movies & TV,2,0.510834,0.165730
A00000997,Product 997,Electronics,2,0.045460,0.156719
A00002442,Product 2442,Music,2,0.419678,0.168399
A00001178,Product 1178,Books,2,0.050396,0.161953
A00007153,Product 7153,Music,2,0.284401,0.170300
A00009408,Product 9408,Movies & TV,2,0.865235,0.155680
A00003628,Product 3628,Clothing,2,0.548112,0.164074
A00004181,Product 4181,Electronics,2,0.652499,0.167112
A00001321,Product 1321,Clothing,2,0.904318,0.163575
A00002256,Product 2256,Music,2,0.675204,0.169056
A00007218,Product 7218,Books,2,0.980677,0.164913
A00008230,Product 8230,Electronics,2,0.272521,0.163438
A00003471,Product 3471,Clothing,2,0.387288,0.166575
A00005580,Product 5580,Movies & TV,2,0.317244,0.165194
A00009658,Product 9658,Movies & TV,2,0.630289,0.168899
A00003493,Product 3493,Electronics,2,0.318008,0.164330
A00009815,Product 9815,Electronics,2,0.926307,0.167082
A00007746,Product 7746,Books,2,0.519223,0.168991
A00003614,Product 3614,Music,2,0.195386,0.170463
A00002343,Product 2343,Electronics,2,0.837290,0.162641
A00003069,Product 3069,Clothing,2,0.419971,0.154403
A00009982,Product 9982,Electronics,2,0.894310,0.164804
A00006511,Product 6511,Movies & TV,2,0.173321,0.160382
A00009253,Product 9253,Electronics,2,0.693199,0.169670
A00000217,Product 217,Electronics,2,0.852639,0.164028
A00004095,Product 4095,Books,2,0.983020,0.163677
A00002305,Product 2305,Books,2,0.082456,0.164509
A00009082,Product 9082,Electronics,2,0.689050,0.165920
A00005587,Product 5587,Clothing,2,0.701598,0.172569
A00009376,Product 9376,Movies & TV,2,0.507015,0.164731
A00001581,Product 1581,Movies & TV,2,0.187100,0.168135
A00000985,Product 985,Music,2,0.396043,0.173811
A00001659,Product 1659,Music,2,0.358770,0.165648
A00006214,Product 6214,Movies & TV,2,0.602232,0.168478
A00003405,Product 3405,Electronics,2,0.606728,0.172070
A00002866,Product 2866,Movies & TV,2,0.030921,0.161139
A00009437,Product 9437,Music,2,0.243495,0.167026
A00007324,Product 7324,Music,2,0.565613,0.162662
A00003649,Product 3649,Books,2,0.013658,0.167673
A00007893,Product 7893,Movies & TV,2,0.016162,0.167932
A00006637,Product 6637,Music,2,0.058269,0.166486
A00002264,Product 2264,Music,2,0.863997,0.165492
A00005119,Product 5119,Clothing,2,0.709906,0.164975
A00009574,Product 9574,Clothing,2,0.072568,0.166248
A00008133,Product 8133,Clothing,2,0.200297,0.170594
A00008668,Product 8668,Electronics,2,0.446142,0.161595
A00003082,Product 3082,Music,2,0.930943,0.165158
A00008956,Product 8956,Music,2,0.807595,0.163166
A00007036,Product 7036,Books,2,0.234530,0.165577
A00007878,Product 7878,Electronics,2,0.320960,0.161436
A00000562,Product 562,Books,2,0.431657,0.164160
A00002555,Product 2555,Books,2,0.781206,0.169377
A00007054,Product 7054,Movies & TV,2,0.424163,0.163004
A00004703,Product 4703,Music,2,0.625854,0.164498
A00005282,Product 5282,Movies & TV,2,0.069046,0.169817
A00008287,Product 8287,Books,2,0.344910,0.175095
A00008711,Product 8711,Books,2,0.473985,0.162683
A00008859,Product 8859,Movies & TV,2,0.885255,0.168469
A00001593,Product 1593,Electronics,2,0.739950,0.167572
A00002709,Product 2709,Music,2,0.144826,0.162564
A00008548,Product 8548,Music,2,0.257403,0.163436
A00000665,Product 665,Books,2,0.784980,0.167991
A00003965,Product 3965,Electronics,2,0.541475,0.164058
A00007798,Product 7798,Movies & TV,2,0.611483,0.167468
A00001674,Product 1674,Music,2,0.459892,0.159951
A00007617,Product 7617,Music,2,0.890963,0.163172
A00009144,Product 9144,Books,2,0.935100,0.169846
A00008375,Product 8375,Movies & TV,2,0.311645,0.159818
A00006727,Product 6727,Books,2,0.028441,0.167943
A00002739,Product 2739,Books,2,0.691762,0.168297
A00005430,Product 5430,Music,2,0.016759,0.164929
A00002779,Product 2779,Music,2,0.312191,0.163803
A00002626,Product 2626,Clothing,2,0.848421,0.161204
A00001142,Product 1142,Movies & TV,2,0.607818,0.168076
A00003968,Product 3968,Electronics,2,0.427804,0.168560
A00004483,Product 4483,Music,2,0.980696,0.167202
A00009736,Product 9736,Clothing,2,0.729090,0.165038
A00007857,Product 7857,Clothing,2,0.148728,0.169426
A00002721,Product 2721,Music,2,0.720602,0.155854
A00005765,Product 5765,Music,2,0.921704,0.168084
A00009254,Product 9254,Movies & TV,2,0.658858,0.167583
A00008652,Product 8652,Books,2,0.065018,0.162106
A00001864,Product 1864,Clothing,2,0.328930,0.168583
A00002415,Product 2415,Books,2,0.774581,0.168748
A00004903,Product 4903,Electronics,2,0.110789,0.174600
A00002922,Product 2922,Books,2,0.809950,0.164978
A00003386,Product 3386,Books,2,0.349922,0.156601
A00000877,Product 877,Electronics,2,0.767694,0.167878
A00006015,Product 6015,Electronics,2,0.960855,0.163776
A00005803,Product 5803,Clothing,2,0.632705,0.168495
A00000931,Product 931,Electronics,2,0.634703,0.162752
A00002852,Product 2852,Electronics,2,0.659385,0.167774
A00008432,Product 8432,Music,2,0.406247,0.162562
A00004921,Product 4921,Clothing,2,0.580258,0.170448
A00005906,Product 5906,Music,2,0.074701,0.159301
A00003248,Product 3248,Electronics,2,0.610825,0.170745
A00005762,Product 5762,Books,2,0.084202,0.167794
A00000701,Product 701,Music,2,0.648149,0.162622
A00006157,Product 6157,Books,2,0.200896,0.164096
A00009456,Product 9456,Clothing,2,0.289831,0.169334
A00000721,Product 721,Movies & TV,2,0.026711,0.170103
A00003373,Product 3373,Movies & TV,2,0.797451,0.169901
A00006738,Product 6738,Clothing,2,0.687737,0.168968
A00000521,Product 521,Movies & TV,2,0.389212,0.161162
A00008707,Product 8707,Electronics,2,0.493834,0.164430
A00002182,Product 2182,Clothing,2,0.170776,0.161556
A00002544,Product 2544,Books,2,0.213788,0.168523
A00009797,Product 9797,Music,2,0.877813,0.162641
A00006691,Product 6691,Movies & TV,2,0.458881,0.170213
A00001658,Product 1658,Movies & TV,2,0.028617,0.165453
A00001281,Product 1281,Books,2,0.953517,0.171040
A00000928,Product 928,Electronics,2,0.280819,0.165448
A00000073,Product 73,Books,2,0.934677,0.164568
A00002913,Product 2913,Movies & TV,2,0.628394,0.171415
A00006764,Product 6764,Music,2,0.755911,0.168237
A00009108,Product 9108,Movies & TV,2,0.406919,0.160869
A00003496,Product 3496,Movies & TV,2,0.700455,0.164883
A00003300,Product 3300,Movies & TV,2,0.057456,0.158172
A00006176,Product 6176,Clothing,2,0.050456,0.160356
A00003281,Product 3281,Electronics,2,0.897519,0.168209
A00004824,Product 4824,Music,2,0.077581,0.164801
A00004629,Product 4629,Clothing,2,0.279139,0.166337
A00003237,Product 3237,Movies & TV,2,0.130740,0.164290
